customer_id,signup_date,cohort_month,acquisition_channel,country,plan_tier,billing_cycle,monthly_revenue,support_tickets,avg_monthly_usage_hours,is_churned,churn_date,churn_reason
CUST-00001,2024-11-23,2024-11-01,Organic Search,Canada,Pro,Monthly,79.0,0,25.6,0,,Active
CUST-00002,2024-05-05,2024-05-01,LinkedIn Referral,United States,Enterprise,Annual,199.0,0,28.5,0,,Active
CUST-00003,2024-09-15,2024-09-01,Google Ads,United States,Basic,Monthly,29.0,1,20.4,0,,Active
CUST-00004,2024-08-02,2024-08-01,Google Ads,United States,Basic,Annual,29.0,2,9.5,1,2024-11-26,Price too high
CUST-00005,2024-03-22,2024-03-01,LinkedIn Referral,United States,Basic,Annual,29.0,3,22.1,0,,Active
CUST-00006,2024-08-23,2024-08-01,Google Ads,United Kingdom,Basic,Annual,29.0,1,31.9,0,,Active
CUST-00007,2024-11-12,2024-11-01,Google Ads,United Kingdom,Pro,Monthly,79.0,6,20.5,0,,Active
CUST-00008,2024-04-08,2024-04-01,Google Ads,India,Basic,Monthly,29.0,2,1.9,1,2024-05-16,Switched to competitor
CUST-00009,2024-05-28,2024-05-01,Direct,Germany,Basic,Monthly,29.0,4,21.1,0,,Active
CUST-00010,2024-12-09,2024-12-01,Affiliate Partner,United Kingdom,Basic,Monthly,29.0,1,23.3,0,,Active
CUST-00011,2024-12-15,2024-12-01,LinkedIn Referral,United Kingdom,Enterprise,Monthly,199.0,0,28.4,0,,Active
CUST-00012,2024-11-07,2024-11-01,Organic Search,Germany,Basic,Monthly,29.0,1,27.7,0,,Active
CUST-00013,2024-05-05,2024-05-01,Google Ads,United States,Pro,Monthly,79.0,2,30.4,0,,Active
CUST-00014,2024-04-27,2024-04-01,Google Ads,United States,Basic,Monthly,29.0,9,6.1,1,2024-08-14,Customer support delays
CUST-00015,2024-06-10,2024-06-01,Google Ads,United States,Basic,Annual,29.0,1,13.9,0,,Active
CUST-00016,2024-10-02,2024-10-01,Google Ads,United States,Basic,Annual,29.0,1,25.9,0,,Active
CUST-00017,2024-07-23,2024-07-01,LinkedIn Referral,United States,Enterprise,Annual,199.0,1,20.2,0,,Active
CUST-00018,2024-03-19,2024-03-01,Google Ads,United Kingdom,Pro,Monthly,79.0,3,4.2,1,2024-06-30,Price too high
CUST-00019,2024-11-01,2024-11-01,Direct,United States,Pro,Annual,79.0,1,30.1,0,,Active
CUST-00020,2024-10-10,2024-10-01,LinkedIn Referral,United Kingdom,Basic,Annual,29.0,1,2.6,1,2024-12-03,Switched to competitor
CUST-00021,2024-02-28,2024-02-01,Organic Search,Germany,Basic,Monthly,29.0,5,5.1,1,2024-07-11,Price too high
CUST-00022,2024-03-21,2024-03-01,Direct,India,Basic,Monthly,29.0,3,23.2,0,,Active
CUST-00023,2024-11-07,2024-11-01,Google Ads,India,Enterprise,Monthly,199.0,1,26.6,0,,Active
CUST-00024,2024-03-23,2024-03-01,Affiliate Partner,Germany,Pro,Monthly,79.0,2,9.4,1,2024-07-02,Price too high
CUST-00025,2024-09-07,2024-09-01,Google Ads,Germany,Basic,Monthly,29.0,4,12.8,1,2024-09-19,Switched to competitor
CUST-00026,2024-06-06,2024-06-01,LinkedIn Referral,India,Pro,Monthly,79.0,0,21.2,0,,Active
CUST-00027,2024-09-29,2024-09-01,Organic Search,United States,Basic,Annual,29.0,2,24.6,0,,Active
CUST-00028,2024-05-15,2024-05-01,Organic Search,United Kingdom,Basic,Monthly,29.0,1,30.3,0,,Active
CUST-00029,2024-12-09,2024-12-01,LinkedIn Referral,United States,Enterprise,Annual,199.0,2,24.0,0,,Active
CUST-00030,2024-08-12,2024-08-01,Direct,Canada,Enterprise,Monthly,199.0,5,11.2,1,2024-12-28,Switched to competitor
CUST-00031,2024-04-27,2024-04-01,Organic Search,United States,Pro,Annual,79.0,6,10.3,1,2024-06-19,Price too high
CUST-00032,2024-11-19,2024-11-01,Affiliate Partner,India,Pro,Monthly,79.0,6,10.3,1,2024-11-22,Poor onboarding / low usage
CUST-00033,2024-01-17,2024-01-01,Organic Search,United States,Basic,Monthly,29.0,1,4.6,1,2024-02-24,Price too high
CUST-00034,2024-05-22,2024-05-01,Organic Search,Germany,Basic,Monthly,29.0,2,6.9,1,2024-08-09,Price too high
CUST-00035,2024-10-22,2024-10-01,LinkedIn Referral,Germany,Enterprise,Monthly,199.0,2,21.3,0,,Active
CUST-00036,2024-04-07,2024-04-01,Google Ads,Canada,Pro,Monthly,79.0,2,7.7,1,2024-09-25,Switched to competitor
CUST-00037,2024-11-26,2024-11-01,Organic Search,Germany,Pro,Monthly,79.0,4,21.6,0,,Active
CUST-00038,2024-06-22,2024-06-01,Affiliate Partner,United States,Basic,Monthly,29.0,4,3.1,1,2024-07-29,Price too high
CUST-00039,2024-04-07,2024-04-01,Organic Search,United States,Basic,Monthly,29.0,2,8.4,1,2024-09-30,Missing key features
CUST-00040,2024-10-08,2024-10-01,Affiliate Partner,Germany,Basic,Monthly,29.0,1,17.6,1,2024-10-29,Missing key features
CUST-00041,2024-10-03,2024-10-01,Direct,United Kingdom,Basic,Monthly,29.0,3,25.6,0,,Active
CUST-00042,2024-05-01,2024-05-01,Google Ads,United States,Pro,Monthly,79.0,3,5.7,1,2024-09-11,Poor onboarding / low usage
CUST-00043,2024-01-02,2024-01-01,Affiliate Partner,Germany,Pro,Monthly,79.0,0,27.5,0,,Active
CUST-00044,2024-10-23,2024-10-01,Direct,United States,Basic,Annual,29.0,5,10.6,1,2024-12-03,Switched to competitor
CUST-00045,2024-01-30,2024-01-01,Direct,United Kingdom,Pro,Monthly,79.0,1,9.5,1,2024-02-15,Poor onboarding / low usage
CUST-00046,2024-09-14,2024-09-01,Direct,United Kingdom,Pro,Monthly,79.0,5,7.7,1,2024-11-30,Price too high
CUST-00047,2024-02-11,2024-02-01,Organic Search,United States,Pro,Monthly,79.0,2,10.7,1,2024-03-15,Poor onboarding / low usage
CUST-00048,2024-12-11,2024-12-01,Google Ads,United States,Pro,Monthly,79.0,2,29.9,0,,Active
CUST-00049,2024-07-25,2024-07-01,Google Ads,Canada,Basic,Monthly,29.0,4,9.4,1,2024-08-13,Poor onboarding / low usage
CUST-00050,2024-05-06,2024-05-01,Organic Search,India,Basic,Monthly,29.0,2,14.1,1,2024-06-08,Price too high
CUST-00051,2024-08-02,2024-08-01,Google Ads,United Kingdom,Pro,Monthly,79.0,2,23.1,0,,Active
CUST-00052,2024-06-09,2024-06-01,Direct,United States,Enterprise,Monthly,199.0,3,26.3,0,,Active
CUST-00053,2024-08-22,2024-08-01,Organic Search,Canada,Pro,Monthly,79.0,4,7.8,1,2024-11-08,Missing key features
CUST-00054,2024-04-19,2024-04-01,LinkedIn Referral,United States,Basic,Monthly,29.0,5,12.1,1,2024-07-26,Switched to competitor
CUST-00055,2024-07-08,2024-07-01,Google Ads,India,Pro,Monthly,79.0,5,29.2,0,,Active
CUST-00056,2024-09-27,2024-09-01,Direct,United States,Pro,Monthly,79.0,5,6.3,1,2024-10-24,Customer support delays
CUST-00057,2024-10-10,2024-10-01,Affiliate Partner,India,Enterprise,Annual,199.0,4,20.2,0,,Active
CUST-00058,2024-03-09,2024-03-01,Direct,United Kingdom,Basic,Monthly,29.0,1,23.9,0,,Active
CUST-00059,2024-05-08,2024-05-01,Google Ads,Germany,Pro,Annual,79.0,5,14.2,1,2024-10-30,Switched to competitor
CUST-00060,2024-03-07,2024-03-01,Google Ads,United States,Basic,Monthly,29.0,5,11.7,1,2024-08-07,Missing key features
CUST-00061,2024-12-19,2024-12-01,Organic Search,United Kingdom,Enterprise,Annual,199.0,0,24.4,0,,Active
CUST-00062,2024-10-06,2024-10-01,Google Ads,United Kingdom,Enterprise,Monthly,199.0,1,27.7,0,,Active
CUST-00063,2024-08-08,2024-08-01,Google Ads,United States,Basic,Monthly,29.0,2,11.2,1,2024-08-18,Price too high
CUST-00064,2024-07-05,2024-07-01,Organic Search,Germany,Basic,Monthly,29.0,0,23.3,0,,Active
CUST-00065,2024-02-22,2024-02-01,Google Ads,United States,Basic,Monthly,29.0,0,18.8,0,,Active
CUST-00066,2024-04-01,2024-04-01,Organic Search,United Kingdom,Pro,Monthly,79.0,2,23.7,0,,Active
CUST-00067,2024-01-20,2024-01-01,Affiliate Partner,Canada,Basic,Monthly,29.0,3,17.7,1,2024-08-24,Poor onboarding / low usage
CUST-00068,2024-07-23,2024-07-01,Organic Search,United Kingdom,Pro,Monthly,79.0,1,23.3,0,,Active
CUST-00069,2024-10-01,2024-10-01,Affiliate Partner,United Kingdom,Pro,Monthly,79.0,3,5.6,1,2024-11-09,Switched to competitor
CUST-00070,2024-04-01,2024-04-01,Google Ads,India,Pro,Monthly,79.0,3,3.9,1,2024-06-20,Poor onboarding / low usage
CUST-00071,2024-08-10,2024-08-01,LinkedIn Referral,United States,Basic,Monthly,29.0,2,18.9,0,,Active
CUST-00072,2024-10-22,2024-10-01,Google Ads,United States,Basic,Monthly,29.0,3,10.5,1,2024-12-05,Price too high
CUST-00073,2024-01-01,2024-01-01,Organic Search,United States,Enterprise,Monthly,199.0,4,26.5,0,,Active
CUST-00074,2024-06-02,2024-06-01,Direct,United Kingdom,Pro,Monthly,79.0,1,20.6,0,,Active
CUST-00075,2024-07-13,2024-07-01,Google Ads,United States,Pro,Monthly,79.0,3,19.3,1,2024-12-20,Price too high
CUST-00076,2024-04-17,2024-04-01,Google Ads,United States,Basic,Monthly,29.0,3,18.1,0,,Active
CUST-00077,2024-03-27,2024-03-01,LinkedIn Referral,Germany,Pro,Monthly,79.0,1,25.2,0,,Active
CUST-00078,2024-01-24,2024-01-01,Google Ads,United States,Pro,Monthly,79.0,3,8.6,1,2024-05-07,Poor onboarding / low usage
CUST-00079,2024-11-18,2024-11-01,Google Ads,India,Pro,Monthly,79.0,2,23.5,0,,Active
CUST-00080,2024-07-15,2024-07-01,Organic Search,United Kingdom,Basic,Monthly,29.0,6,13.4,1,2024-11-07,Switched to competitor
CUST-00081,2024-02-24,2024-02-01,Direct,United Kingdom,Basic,Monthly,29.0,4,22.7,0,,Active
CUST-00082,2024-10-13,2024-10-01,Google Ads,Germany,Basic,Monthly,29.0,3,21.1,0,,Active
CUST-00083,2024-11-09,2024-11-01,Google Ads,India,Basic,Monthly,29.0,1,27.5,0,,Active
CUST-00084,2024-08-06,2024-08-01,LinkedIn Referral,United Kingdom,Pro,Monthly,79.0,1,20.8,0,,Active
CUST-00085,2024-05-12,2024-05-01,Google Ads,India,Pro,Monthly,79.0,2,25.2,0,,Active
CUST-00086,2024-04-30,2024-04-01,LinkedIn Referral,United States,Enterprise,Annual,199.0,4,35.1,0,,Active
CUST-00087,2024-10-04,2024-10-01,Organic Search,United Kingdom,Basic,Monthly,29.0,5,18.4,1,2024-11-30,Customer support delays
CUST-00088,2024-08-03,2024-08-01,Organic Search,United States,Basic,Annual,29.0,5,10.3,1,2024-11-26,Price too high
CUST-00089,2024-10-21,2024-10-01,LinkedIn Referral,United Kingdom,Basic,Monthly,29.0,4,15.6,1,2024-12-02,Price too high
CUST-00090,2024-06-01,2024-06-01,Google Ads,Germany,Basic,Annual,29.0,0,29.0,0,,Active
CUST-00091,2024-04-22,2024-04-01,Organic Search,United States,Enterprise,Monthly,199.0,1,21.4,0,,Active
CUST-00092,2024-11-14,2024-11-01,Affiliate Partner,United States,Basic,Monthly,29.0,2,27.2,0,,Active
CUST-00093,2024-10-30,2024-10-01,Affiliate Partner,United Kingdom,Pro,Monthly,79.0,2,2.6,1,2024-12-20,Switched to competitor
CUST-00094,2024-08-07,2024-08-01,LinkedIn Referral,United States,Basic,Monthly,29.0,1,5.1,1,2024-10-19,Missing key features
CUST-00095,2024-06-16,2024-06-01,Google Ads,United States,Pro,Monthly,79.0,0,22.4,0,,Active
CUST-00096,2024-02-11,2024-02-01,LinkedIn Referral,United States,Basic,Monthly,29.0,5,10.2,1,2024-04-23,Missing key features
CUST-00097,2024-04-24,2024-04-01,Affiliate Partner,United States,Basic,Monthly,29.0,5,5.4,1,2024-10-26,Price too high
CUST-00098,2024-05-02,2024-05-01,Organic Search,United States,Pro,Monthly,79.0,2,18.9,0,,Active
CUST-00099,2024-02-28,2024-02-01,Direct,Germany,Basic,Annual,29.0,3,33.1,0,,Active
CUST-00100,2024-11-17,2024-11-01,Google Ads,United States,Pro,Annual,79.0,1,27.2,0,,Active
CUST-00101,2024-06-03,2024-06-01,Google Ads,United States,Enterprise,Monthly,199.0,1,32.5,0,,Active
CUST-00102,2024-07-08,2024-07-01,Affiliate Partner,United States,Basic,Monthly,29.0,6,11.1,1,2024-07-29,Customer support delays
CUST-00103,2024-06-23,2024-06-01,Organic Search,United Kingdom,Basic,Monthly,29.0,2,2.1,1,2024-07-07,Missing key features
CUST-00104,2024-09-07,2024-09-01,Organic Search,Germany,Basic,Monthly,29.0,4,5.0,1,2024-09-19,Switched to competitor
CUST-00105,2024-11-21,2024-11-01,Google Ads,United Kingdom,Basic,Monthly,29.0,1,23.1,0,,Active
CUST-00106,2024-03-19,2024-03-01,Google Ads,Germany,Basic,Monthly,29.0,1,25.5,0,,Active
CUST-00107,2024-05-05,2024-05-01,Affiliate Partner,Germany,Pro,Monthly,79.0,3,7.9,1,2024-12-29,Missing key features
CUST-00108,2024-06-15,2024-06-01,Google Ads,United Kingdom,Enterprise,Monthly,199.0,4,27.0,0,,Active
CUST-00109,2024-01-06,2024-01-01,Organic Search,United States,Enterprise,Annual,199.0,5,3.9,1,2024-10-12,Price too high
CUST-00110,2024-04-23,2024-04-01,Direct,Canada,Enterprise,Monthly,199.0,3,28.7,0,,Active
CUST-00111,2024-08-20,2024-08-01,Google Ads,United Kingdom,Basic,Monthly,29.0,3,9.9,1,2024-10-26,Price too high
CUST-00112,2024-06-10,2024-06-01,Affiliate Partner,United States,Pro,Annual,79.0,1,16.8,0,,Active
CUST-00113,2024-09-25,2024-09-01,Google Ads,India,Basic,Annual,29.0,4,22.4,0,,Active
CUST-00114,2024-07-03,2024-07-01,Organic Search,United Kingdom,Enterprise,Annual,199.0,4,13.8,1,2024-08-20,Poor onboarding / low usage
CUST-00115,2024-03-05,2024-03-01,Organic Search,United States,Basic,Monthly,29.0,0,16.8,0,,Active
CUST-00116,2024-08-13,2024-08-01,LinkedIn Referral,United States,Enterprise,Annual,199.0,0,19.7,0,,Active
CUST-00117,2024-02-03,2024-02-01,Organic Search,India,Enterprise,Monthly,199.0,1,25.2,0,,Active
CUST-00118,2024-11-12,2024-11-01,LinkedIn Referral,United Kingdom,Basic,Monthly,29.0,0,26.5,0,,Active
CUST-00119,2024-08-18,2024-08-01,Google Ads,Germany,Basic,Monthly,29.0,4,30.2,0,,Active
CUST-00120,2024-01-31,2024-01-01,LinkedIn Referral,United States,Pro,Monthly,79.0,3,5.9,1,2024-11-11,Price too high
CUST-00121,2024-12-18,2024-12-01,Affiliate Partner,United States,Basic,Annual,29.0,5,17.5,0,,Active
CUST-00122,2024-05-29,2024-05-01,Google Ads,Germany,Basic,Monthly,29.0,3,3.2,1,2024-06-08,Price too high
CUST-00123,2024-12-27,2024-12-01,Organic Search,United Kingdom,Pro,Monthly,79.0,2,25.5,0,,Active
CUST-00124,2024-08-20,2024-08-01,LinkedIn Referral,India,Enterprise,Monthly,199.0,4,25.7,0,,Active
CUST-00125,2024-04-11,2024-04-01,Google Ads,India,Enterprise,Monthly,199.0,1,29.3,0,,Active
CUST-00126,2024-10-18,2024-10-01,Google Ads,India,Pro,Monthly,79.0,0,21.2,0,,Active
CUST-00127,2024-06-04,2024-06-01,Google Ads,United Kingdom,Enterprise,Monthly,199.0,1,30.5,0,,Active
CUST-00128,2024-06-14,2024-06-01,Google Ads,Germany,Pro,Annual,79.0,5,9.1,1,2024-07-22,Switched to competitor
CUST-00129,2024-12-11,2024-12-01,Google Ads,Germany,Basic,Monthly,29.0,1,22.3,0,,Active
CUST-00130,2024-10-21,2024-10-01,Affiliate Partner,United States,Basic,Monthly,29.0,6,9.7,1,2024-12-15,Switched to competitor
CUST-00131,2024-12-10,2024-12-01,Google Ads,Germany,Pro,Monthly,79.0,0,29.0,0,,Active
CUST-00132,2024-10-22,2024-10-01,Google Ads,Canada,Basic,Monthly,29.0,5,13.4,1,2024-11-16,Customer support delays
CUST-00133,2024-03-30,2024-03-01,Affiliate Partner,United States,Basic,Monthly,29.0,6,10.5,1,2024-11-07,Missing key features
CUST-00134,2024-07-28,2024-07-01,Affiliate Partner,United Kingdom,Basic,Monthly,29.0,3,26.3,0,,Active
CUST-00135,2024-07-24,2024-07-01,Google Ads,United States,Pro,Monthly,79.0,0,21.5,0,,Active
CUST-00136,2024-07-25,2024-07-01,Organic Search,United States,Pro,Monthly,79.0,0,8.1,1,2024-10-21,Switched to competitor
CUST-00137,2024-10-04,2024-10-01,Google Ads,United States,Basic,Monthly,29.0,3,4.3,1,2024-11-20,Price too high
CUST-00138,2024-07-04,2024-07-01,Google Ads,Canada,Basic,Monthly,29.0,2,8.0,1,2024-10-11,Missing key features
CUST-00139,2024-10-08,2024-10-01,Google Ads,United Kingdom,Basic,Monthly,29.0,2,15.4,1,2024-10-18,Price too high
CUST-00140,2024-08-12,2024-08-01,Affiliate Partner,United States,Basic,Monthly,29.0,1,10.8,1,2024-11-01,Missing key features
CUST-00141,2024-11-07,2024-11-01,Direct,United States,Pro,Monthly,79.0,3,25.0,0,,Active
CUST-00142,2024-06-08,2024-06-01,Affiliate Partner,United Kingdom,Pro,Monthly,79.0,1,12.0,1,2024-09-03,Missing key features
CUST-00143,2024-02-28,2024-02-01,Google Ads,United States,Enterprise,Monthly,199.0,2,27.0,0,,Active
CUST-00144,2024-07-15,2024-07-01,Organic Search,United Kingdom,Pro,Monthly,79.0,4,12.7,1,2024-12-07,Customer support delays
CUST-00145,2024-07-31,2024-07-01,Google Ads,United States,Basic,Annual,29.0,5,9.1,1,2024-11-22,Missing key features
CUST-00146,2024-06-01,2024-06-01,Organic Search,Germany,Basic,Annual,29.0,2,28.7,0,,Active
CUST-00147,2024-10-05,2024-10-01,Organic Search,India,Basic,Monthly,29.0,2,26.5,0,,Active
CUST-00148,2024-12-23,2024-12-01,Google Ads,United States,Enterprise,Monthly,199.0,2,25.5,0,,Active
CUST-00149,2024-07-15,2024-07-01,Affiliate Partner,United States,Pro,Monthly,79.0,3,3.0,1,2024-10-07,Missing key features
CUST-00150,2024-08-30,2024-08-01,Affiliate Partner,United States,Enterprise,Monthly,199.0,1,29.1,0,,Active
CUST-00151,2024-03-18,2024-03-01,Google Ads,United Kingdom,Basic,Annual,29.0,3,11.6,1,2024-05-04,Switched to competitor
CUST-00152,2024-10-29,2024-10-01,Organic Search,India,Pro,Monthly,79.0,1,29.4,0,,Active
CUST-00153,2024-02-21,2024-02-01,Google Ads,United States,Basic,Monthly,29.0,1,24.0,0,,Active
CUST-00154,2024-06-17,2024-06-01,Direct,United States,Pro,Monthly,79.0,0,20.4,0,,Active
CUST-00155,2024-01-19,2024-01-01,Direct,Canada,Basic,Annual,29.0,3,32.9,0,,Active
CUST-00156,2024-01-15,2024-01-01,Google Ads,United States,Basic,Monthly,29.0,4,7.6,1,2024-02-10,Price too high
CUST-00157,2024-01-29,2024-01-01,Affiliate Partner,United States,Pro,Annual,79.0,3,25.3,0,,Active
CUST-00158,2024-03-14,2024-03-01,Google Ads,Canada,Pro,Monthly,79.0,3,12.4,1,2024-11-21,Price too high
CUST-00159,2024-10-27,2024-10-01,LinkedIn Referral,Canada,Basic,Annual,29.0,3,26.8,0,,Active
CUST-00160,2024-08-21,2024-08-01,Organic Search,United States,Pro,Annual,79.0,3,25.9,0,,Active
CUST-00161,2024-10-19,2024-10-01,Google Ads,United Kingdom,Basic,Monthly,29.0,1,21.0,0,,Active
CUST-00162,2024-01-12,2024-01-01,Organic Search,United States,Basic,Monthly,29.0,6,14.4,1,2024-07-30,Price too high
CUST-00163,2024-09-11,2024-09-01,Organic Search,United States,Basic,Monthly,29.0,2,30.0,0,,Active
CUST-00164,2024-06-29,2024-06-01,Affiliate Partner,Germany,Enterprise,Monthly,199.0,0,26.8,0,,Active
CUST-00165,2024-02-19,2024-02-01,Google Ads,United Kingdom,Enterprise,Monthly,199.0,1,23.7,0,,Active
CUST-00166,2024-10-03,2024-10-01,Google Ads,United Kingdom,Basic,Monthly,29.0,2,26.7,0,,Active
CUST-00167,2024-05-19,2024-05-01,Google Ads,United Kingdom,Pro,Monthly,79.0,1,26.7,0,,Active
CUST-00168,2024-02-08,2024-02-01,Google Ads,United Kingdom,Pro,Monthly,79.0,5,4.3,1,2024-11-22,Missing key features
CUST-00169,2024-03-04,2024-03-01,LinkedIn Referral,Canada,Pro,Annual,79.0,3,3.2,1,2024-11-17,Poor onboarding / low usage
CUST-00170,2024-06-16,2024-06-01,Affiliate Partner,United States,Pro,Monthly,79.0,3,5.4,1,2024-09-11,Missing key features
CUST-00171,2024-08-25,2024-08-01,Google Ads,Germany,Enterprise,Monthly,199.0,0,24.7,0,,Active
CUST-00172,2024-06-04,2024-06-01,LinkedIn Referral,United Kingdom,Basic,Monthly,29.0,3,23.9,0,,Active
CUST-00173,2024-12-22,2024-12-01,LinkedIn Referral,United States,Basic,Monthly,29.0,2,25.7,0,,Active
CUST-00174,2024-08-02,2024-08-01,Organic Search,United States,Basic,Monthly,29.0,1,22.4,0,,Active
CUST-00175,2024-11-11,2024-11-01,Google Ads,United States,Basic,Monthly,29.0,1,22.0,0,,Active
CUST-00176,2024-01-17,2024-01-01,Organic Search,India,Pro,Monthly,79.0,7,11.0,1,2024-10-22,Switched to competitor
CUST-00177,2024-04-07,2024-04-01,Organic Search,Canada,Basic,Monthly,29.0,3,13.5,1,2024-07-13,Price too high
CUST-00178,2024-11-24,2024-11-01,Affiliate Partner,Canada,Basic,Monthly,29.0,0,19.6,0,,Active
CUST-00179,2024-01-26,2024-01-01,Direct,Canada,Pro,Annual,79.0,2,22.4,0,,Active
CUST-00180,2024-01-02,2024-01-01,Affiliate Partner,Germany,Pro,Monthly,79.0,2,9.6,1,2024-12-06,Switched to competitor
CUST-00181,2024-01-27,2024-01-01,Direct,United Kingdom,Basic,Monthly,29.0,8,6.4,1,2024-03-30,Switched to competitor
CUST-00182,2024-08-31,2024-08-01,Affiliate Partner,India,Pro,Annual,79.0,1,29.2,0,,Active
CUST-00183,2024-11-10,2024-11-01,Organic Search,United States,Pro,Monthly,79.0,6,5.6,1,2024-12-06,Customer support delays
CUST-00184,2024-12-03,2024-12-01,Organic Search,United States,Basic,Monthly,29.0,0,26.6,0,,Active
CUST-00185,2024-08-22,2024-08-01,Google Ads,United States,Enterprise,Monthly,199.0,4,3.4,1,2024-10-07,Customer support delays
CUST-00186,2024-07-24,2024-07-01,LinkedIn Referral,Germany,Basic,Monthly,29.0,3,10.6,1,2024-09-15,Poor onboarding / low usage
CUST-00187,2024-08-15,2024-08-01,LinkedIn Referral,Canada,Basic,Monthly,29.0,2,8.3,1,2024-08-18,Price too high
CUST-00188,2024-06-13,2024-06-01,Direct,India,Pro,Monthly,79.0,4,5.3,1,2024-07-22,Missing key features
CUST-00189,2024-11-15,2024-11-01,Google Ads,United States,Basic,Annual,29.0,2,22.2,0,,Active
CUST-00190,2024-06-15,2024-06-01,Google Ads,United States,Pro,Monthly,79.0,1,14.1,0,,Active
CUST-00191,2024-12-01,2024-12-01,Google Ads,United States,Enterprise,Annual,199.0,2,16.7,0,,Active
CUST-00192,2024-10-09,2024-10-01,Affiliate Partner,United States,Basic,Monthly,29.0,2,32.7,0,,Active
CUST-00193,2024-04-26,2024-04-01,Organic Search,United States,Basic,Annual,29.0,3,22.1,0,,Active
CUST-00194,2024-08-30,2024-08-01,Google Ads,India,Basic,Annual,29.0,5,15.5,1,2024-09-26,Switched to competitor
CUST-00195,2024-02-13,2024-02-01,Organic Search,United States,Pro,Monthly,79.0,1,25.4,0,,Active
CUST-00196,2024-08-04,2024-08-01,Google Ads,United States,Basic,Annual,29.0,2,22.7,0,,Active
CUST-00197,2024-10-22,2024-10-01,Google Ads,Germany,Pro,Monthly,79.0,0,25.6,0,,Active
CUST-00198,2024-02-25,2024-02-01,Affiliate Partner,United States,Basic,Monthly,29.0,4,5.4,1,2024-05-04,Customer support delays
CUST-00199,2024-10-20,2024-10-01,Google Ads,United Kingdom,Pro,Monthly,79.0,1,30.3,0,,Active
CUST-00200,2024-11-14,2024-11-01,LinkedIn Referral,India,Pro,Monthly,79.0,2,31.7,0,,Active
CUST-00201,2024-01-14,2024-01-01,Organic Search,United States,Basic,Monthly,29.0,2,9.4,1,2024-04-22,Customer support delays
CUST-00202,2024-12-25,2024-12-01,Google Ads,India,Enterprise,Annual,199.0,2,27.8,0,,Active
CUST-00203,2024-06-22,2024-06-01,Organic Search,India,Pro,Annual,79.0,1,25.8,0,,Active
CUST-00204,2024-02-16,2024-02-01,Direct,United States,Basic,Monthly,29.0,6,8.3,1,2024-10-15,Missing key features
CUST-00205,2024-03-20,2024-03-01,Organic Search,United States,Pro,Monthly,79.0,3,23.5,0,,Active
CUST-00206,2024-08-08,2024-08-01,Google Ads,Germany,Enterprise,Monthly,199.0,2,24.4,0,,Active
CUST-00207,2024-04-22,2024-04-01,Organic Search,Germany,Pro,Monthly,79.0,2,5.1,1,2024-07-01,Switched to competitor
CUST-00208,2024-04-18,2024-04-01,Direct,United States,Basic,Monthly,29.0,3,27.1,0,,Active
CUST-00209,2024-10-13,2024-10-01,Organic Search,Germany,Enterprise,Monthly,199.0,1,18.4,0,,Active
CUST-00210,2024-01-22,2024-01-01,Affiliate Partner,United States,Pro,Monthly,79.0,2,13.3,1,2024-04-02,Missing key features
CUST-00211,2024-10-21,2024-10-01,Organic Search,United Kingdom,Pro,Annual,79.0,1,21.2,0,,Active
CUST-00212,2024-05-28,2024-05-01,Google Ads,United States,Pro,Monthly,79.0,3,8.2,1,2024-07-08,Poor onboarding / low usage
CUST-00213,2024-03-28,2024-03-01,Organic Search,United States,Basic,Monthly,29.0,6,12.8,1,2024-08-23,Missing key features
CUST-00214,2024-02-24,2024-02-01,Organic Search,United Kingdom,Pro,Monthly,79.0,1,23.3,0,,Active
CUST-00215,2024-06-27,2024-06-01,Google Ads,United States,Pro,Monthly,79.0,1,28.6,0,,Active
CUST-00216,2024-03-19,2024-03-01,Affiliate Partner,United States,Pro,Monthly,79.0,1,23.7,0,,Active
CUST-00217,2024-11-21,2024-11-01,Google Ads,Germany,Basic,Monthly,29.0,2,20.5,0,,Active
CUST-00218,2024-11-17,2024-11-01,Affiliate Partner,Germany,Enterprise,Monthly,199.0,0,25.7,0,,Active
CUST-00219,2024-08-28,2024-08-01,Google Ads,United States,Basic,Annual,29.0,4,6.1,1,2024-12-13,Price too high
CUST-00220,2024-02-07,2024-02-01,Google Ads,India,Basic,Monthly,29.0,2,8.1,1,2024-05-04,Switched to competitor
CUST-00221,2024-05-26,2024-05-01,LinkedIn Referral,Canada,Pro,Annual,79.0,0,18.2,0,,Active
CUST-00222,2024-01-22,2024-01-01,LinkedIn Referral,Canada,Basic,Monthly,29.0,5,6.1,1,2024-07-24,Price too high
CUST-00223,2024-06-24,2024-06-01,Google Ads,United States,Basic,Annual,29.0,4,9.7,1,2024-08-14,Missing key features
CUST-00224,2024-03-29,2024-03-01,Google Ads,United Kingdom,Basic,Monthly,29.0,6,15.4,1,2024-04-21,Customer support delays
CUST-00225,2024-08-12,2024-08-01,Organic Search,India,Basic,Monthly,29.0,1,21.7,0,,Active
CUST-00226,2024-07-17,2024-07-01,Google Ads,Germany,Pro,Monthly,79.0,6,6.2,1,2024-12-18,Poor onboarding / low usage
CUST-00227,2024-10-12,2024-10-01,Google Ads,United Kingdom,Enterprise,Monthly,199.0,1,28.7,0,,Active
CUST-00228,2024-12-02,2024-12-01,Organic Search,Germany,Enterprise,Monthly,199.0,1,26.5,0,,Active
CUST-00229,2024-11-04,2024-11-01,Affiliate Partner,United Kingdom,Pro,Annual,79.0,2,26.4,0,,Active
CUST-00230,2024-10-25,2024-10-01,Affiliate Partner,United States,Enterprise,Annual,199.0,2,21.1,0,,Active
CUST-00231,2024-12-01,2024-12-01,Google Ads,United States,Enterprise,Monthly,199.0,0,32.8,0,,Active
CUST-00232,2024-07-19,2024-07-01,Google Ads,India,Pro,Monthly,79.0,6,3.9,1,2024-10-05,Customer support delays
CUST-00233,2024-07-11,2024-07-01,Google Ads,United States,Pro,Monthly,79.0,2,21.3,0,,Active
CUST-00234,2024-09-26,2024-09-01,Affiliate Partner,India,Pro,Monthly,79.0,4,10.6,1,,
CUST-00235,2024-04-02,2024-04-01,Organic Search,India,Basic,Monthly,29.0,2,22.2,0,,Active
CUST-00236,2024-10-03,2024-10-01,Google Ads,United Kingdom,Pro,Monthly,79.0,5,6.6,1,2024-12-13,Missing key features
CUST-00237,2024-11-12,2024-11-01,LinkedIn Referral,United States,Pro,Monthly,79.0,0,22.9,0,,Active
CUST-00238,2024-03-24,2024-03-01,Affiliate Partner,United States,Pro,Monthly,79.0,2,10.3,1,2024-09-02,Switched to competitor
CUST-00239,2024-12-12,2024-12-01,Google Ads,Germany,Enterprise,Annual,199.0,3,25.6,0,,Active
CUST-00240,2024-08-15,2024-08-01,Organic Search,United States,Basic,Monthly,29.0,2,27.1,0,,Active
CUST-00241,2024-08-28,2024-08-01,Direct,United States,Basic,Monthly,29.0,2,22.8,0,,Active
CUST-00242,2024-05-24,2024-05-01,Direct,Germany,Pro,Monthly,79.0,6,11.2,1,,
CUST-00243,2024-07-09,2024-07-01,LinkedIn Referral,United Kingdom,Basic,Monthly,29.0,4,12.0,1,2024-09-05,Price too high
CUST-00244,2024-09-21,2024-09-01,Affiliate Partner,United States,Basic,Monthly,29.0,1,31.3,0,,Active
CUST-00245,2024-09-19,2024-09-01,Organic Search,Canada,Enterprise,Monthly,199.0,0,25.9,0,,Active
CUST-00246,2024-08-18,2024-08-01,Google Ads,United States,Enterprise,Monthly,199.0,3,29.2,0,,Active
CUST-00247,2024-07-16,2024-07-01,Organic Search,United States,Basic,Annual,29.0,6,4.3,1,2024-09-18,Missing key features
CUST-00248,2024-11-28,2024-11-01,Organic Search,United Kingdom,Pro,Annual,79.0,3,24.6,0,,Active
CUST-00249,2024-01-20,2024-01-01,Google Ads,United States,Basic,Monthly,29.0,3,2.6,1,2024-07-21,Price too high
CUST-00250,2024-01-10,2024-01-01,LinkedIn Referral,United States,Basic,Monthly,29.0,0,7.9,1,2024-06-18,Price too high
CUST-00251,2024-05-01,2024-05-01,Google Ads,United States,Basic,Monthly,29.0,5,4.7,1,2024-06-14,Poor onboarding / low usage
CUST-00252,2024-11-23,2024-11-01,Google Ads,United Kingdom,Enterprise,Monthly,199.0,2,25.6,0,,Active
CUST-00253,2024-02-26,2024-02-01,Google Ads,United States,Basic,Monthly,29.0,6,6.3,1,2024-10-05,Customer support delays
CUST-00254,2024-05-03,2024-05-01,Google Ads,United States,Pro,Monthly,79.0,0,25.1,0,,Active
CUST-00255,2024-09-16,2024-09-01,Organic Search,United Kingdom,Basic,Monthly,29.0,2,23.6,0,,Active
CUST-00256,2024-07-10,2024-07-01,Direct,Germany,Pro,Monthly,79.0,0,5.6,1,2024-09-04,Missing key features
CUST-00257,2024-02-04,2024-02-01,LinkedIn Referral,India,Pro,Annual,79.0,2,3.6,1,2024-08-20,Missing key features
CUST-00258,2024-06-22,2024-06-01,Google Ads,United States,Basic,Monthly,29.0,1,24.9,0,,Active
CUST-00259,2024-02-02,2024-02-01,Google Ads,United Kingdom,Basic,Monthly,29.0,5,7.1,1,2024-04-09,Missing key features
CUST-00260,2024-01-23,2024-01-01,Affiliate Partner,India,Enterprise,Annual,199.0,1,30.2,0,,Active
CUST-00261,2024-12-01,2024-12-01,Organic Search,United States,Pro,Monthly,79.0,2,20.1,0,,Active
CUST-00262,2024-03-04,2024-03-01,Affiliate Partner,United States,Basic,Monthly,29.0,2,23.6,0,,Active
CUST-00263,2024-05-16,2024-05-01,Google Ads,United States,Basic,Monthly,29.0,5,6.3,1,2024-08-04,Missing key features
CUST-00264,2024-04-02,2024-04-01,Organic Search,Canada,Basic,Monthly,29.0,2,8.1,1,2024-06-23,Price too high
CUST-00265,2024-05-31,2024-05-01,Affiliate Partner,United Kingdom,Basic,Annual,29.0,8,1.9,1,2024-11-25,Price too high
CUST-00266,2024-06-29,2024-06-01,Organic Search,United States,Pro,Monthly,79.0,4,3.7,1,2024-11-18,Poor onboarding / low usage
CUST-00267,2024-11-22,2024-11-01,Google Ads,United States,Basic,Annual,29.0,1,20.2,0,,Active
CUST-00268,2024-12-13,2024-12-01,Organic Search,United Kingdom,Basic,Monthly,29.0,4,25.5,0,,Active
CUST-00269,2024-01-16,2024-01-01,Google Ads,United States,Basic,Monthly,29.0,6,6.8,1,2024-04-18,Switched to competitor
CUST-00270,2024-04-30,2024-04-01,Affiliate Partner,United States,Enterprise,Annual,199.0,0,25.6,0,,Active
CUST-00271,2024-10-20,2024-10-01,Organic Search,Canada,Basic,Annual,29.0,1,20.9,0,,Active
CUST-00272,2024-05-22,2024-05-01,Affiliate Partner,United States,Pro,Monthly,79.0,3,21.9,0,,Active
CUST-00273,2024-08-16,2024-08-01,Affiliate Partner,Germany,Pro,Annual,79.0,0,29.2,0,,Active
CUST-00274,2024-03-10,2024-03-01,Affiliate Partner,United States,Enterprise,Monthly,199.0,3,23.7,0,,Active
CUST-00275,2024-10-04,2024-10-01,Organic Search,Germany,Pro,Monthly,79.0,0,20.6,0,,Active
CUST-00276,2024-12-29,2024-12-01,Affiliate Partner,United States,Basic,Annual,29.0,0,19.0,0,,Active
CUST-00277,2024-11-22,2024-11-01,Direct,Germany,Pro,Monthly,79.0,0,27.4,0,,Active
CUST-00278,2024-04-24,2024-04-01,LinkedIn Referral,United States,Pro,Annual,79.0,4,10.3,1,2024-09-09,Missing key features
CUST-00279,2024-10-20,2024-10-01,Google Ads,United States,Basic,Monthly,29.0,1,16.9,0,,Active
CUST-00280,2024-11-09,2024-11-01,Google Ads,United Kingdom,Pro,Monthly,79.0,2,9.1,1,2024-12-22,Price too high
CUST-00281,2024-09-02,2024-09-01,Google Ads,United States,Pro,Annual,79.0,2,18.3,0,,Active
CUST-00282,2024-06-11,2024-06-01,LinkedIn Referral,Canada,Pro,Monthly,79.0,1,24.0,0,,Active
CUST-00283,2024-04-03,2024-04-01,Affiliate Partner,United Kingdom,Basic,Monthly,29.0,2,11.6,1,2024-05-20,Missing key features
CUST-00284,2024-01-29,2024-01-01,Affiliate Partner,United Kingdom,Pro,Monthly,79.0,3,10.4,1,2024-11-01,Poor onboarding / low usage
CUST-00285,2024-11-21,2024-11-01,LinkedIn Referral,United States,Pro,Monthly,79.0,0,22.0,0,,Active
CUST-00286,2024-11-16,2024-11-01,Google Ads,Germany,Basic,Annual,29.0,0,24.6,0,,Active
CUST-00287,2024-09-14,2024-09-01,Google Ads,Germany,Basic,Monthly,29.0,1,22.6,0,,Active
CUST-00288,2024-11-15,2024-11-01,Affiliate Partner,India,Basic,Annual,29.0,2,28.0,0,,Active
CUST-00289,2024-10-15,2024-10-01,LinkedIn Referral,United Kingdom,Basic,Monthly,29.0,0,10.3,1,2024-11-12,Missing key features
CUST-00290,2024-01-15,2024-01-01,LinkedIn Referral,Canada,Pro,Annual,79.0,3,4.9,1,2024-09-02,Missing key features
CUST-00291,2024-10-06,2024-10-01,Google Ads,United States,Enterprise,Monthly,199.0,1,22.3,0,,Active
CUST-00292,2024-12-16,2024-12-01,Organic Search,United States,Pro,Monthly,79.0,2,19.6,0,,Active
CUST-00293,2024-08-20,2024-08-01,LinkedIn Referral,United Kingdom,Enterprise,Monthly,199.0,2,26.0,0,,Active
CUST-00294,2024-11-06,2024-11-01,LinkedIn Referral,United States,Pro,Monthly,79.0,1,20.9,0,,Active
CUST-00295,2024-06-12,2024-06-01,Affiliate Partner,United States,Basic,Monthly,29.0,3,2.1,1,2024-09-22,Price too high
CUST-00296,2024-09-20,2024-09-01,Google Ads,United States,Basic,Monthly,29.0,1,20.0,0,,Active
CUST-00297,2024-05-06,2024-05-01,Organic Search,United States,Basic,Annual,29.0,6,7.2,1,2024-06-18,Switched to competitor
CUST-00298,2024-11-11,2024-11-01,Google Ads,United States,Basic,Annual,29.0,1,25.3,0,,Active
CUST-00299,2024-03-22,2024-03-01,Organic Search,United States,Basic,Monthly,29.0,1,8.9,1,2024-12-30,Customer support delays
CUST-00300,2024-09-15,2024-09-01,Affiliate Partner,United Kingdom,Basic,Monthly,29.0,3,9.2,1,2024-12-24,Price too high
CUST-00301,2024-09-10,2024-09-01,Organic Search,United States,Enterprise,Annual,199.0,4,19.5,0,,Active
CUST-00302,2024-01-05,2024-01-01,Google Ads,United States,Pro,Annual,79.0,1,22.0,0,,Active
CUST-00303,2024-10-08,2024-10-01,Affiliate Partner,United Kingdom,Basic,Monthly,29.0,1,23.6,0,,Active
CUST-00304,2024-03-01,2024-03-01,Organic Search,India,Pro,Monthly,79.0,0,10.1,1,2024-11-28,Price too high
CUST-00305,2024-03-11,2024-03-01,LinkedIn Referral,United States,Basic,Annual,29.0,1,32.6,0,,Active
CUST-00306,2024-06-02,2024-06-01,Google Ads,United States,Pro,Monthly,79.0,1,8.2,1,2024-12-10,Switched to competitor
CUST-00307,2024-12-10,2024-12-01,Google Ads,United States,Basic,Monthly,29.0,8,8.4,1,2024-12-24,Poor onboarding / low usage
CUST-00308,2024-10-25,2024-10-01,Google Ads,United States,Pro,Monthly,79.0,2,25.8,0,,Active
CUST-00309,2024-11-18,2024-11-01,Affiliate Partner,India,Enterprise,Annual,199.0,3,31.7,0,,Active
CUST-00310,2024-12-01,2024-12-01,Google Ads,United Kingdom,Pro,Monthly,79.0,2,23.7,0,,Active
CUST-00311,2024-10-23,2024-10-01,Google Ads,United States,Basic,Annual,29.0,1,21.7,0,,Active
CUST-00312,2024-03-28,2024-03-01,Affiliate Partner,Germany,Basic,Monthly,29.0,0,20.2,0,,Active
CUST-00313,2024-08-02,2024-08-01,Organic Search,Germany,Basic,Monthly,29.0,3,21.9,0,,Active
CUST-00314,2024-02-01,2024-02-01,Organic Search,Germany,Enterprise,Annual,199.0,1,29.8,0,,Active
CUST-00315,2024-12-14,2024-12-01,Affiliate Partner,United States,Pro,Monthly,79.0,1,24.6,0,,Active
CUST-00316,2024-12-20,2024-12-01,Google Ads,United States,Basic,Monthly,29.0,3,20.7,0,,Active
CUST-00317,2024-09-04,2024-09-01,Organic Search,United Kingdom,Pro,Annual,79.0,1,23.7,0,,Active
CUST-00318,2024-06-01,2024-06-01,Affiliate Partner,United Kingdom,Basic,Monthly,29.0,1,28.2,0,,Active
CUST-00319,2024-05-20,2024-05-01,Google Ads,India,Basic,Monthly,29.0,0,24.5,0,,Active
CUST-00320,2024-01-22,2024-01-01,Organic Search,India,Pro,Monthly,79.0,3,27.3,0,,Active
CUST-00321,2024-10-27,2024-10-01,Affiliate Partner,United Kingdom,Basic,Monthly,29.0,2,11.0,1,2024-12-13,Price too high
CUST-00322,2024-04-25,2024-04-01,Google Ads,Canada,Basic,Monthly,29.0,1,1.0,1,2024-06-08,Switched to competitor
CUST-00323,2024-06-18,2024-06-01,LinkedIn Referral,Canada,Basic,Monthly,29.0,5,6.4,1,2024-08-12,Missing key features
CUST-00324,2024-03-11,2024-03-01,Direct,India,Enterprise,Annual,199.0,3,3.7,1,2024-03-29,Switched to competitor
CUST-00325,2024-03-21,2024-03-01,LinkedIn Referral,United States,Pro,Monthly,79.0,1,27.1,0,,Active
CUST-00326,2024-10-20,2024-10-01,Google Ads,Germany,Pro,Monthly,79.0,2,18.5,0,,Active
CUST-00327,2024-01-20,2024-01-01,Direct,India,Pro,Monthly,79.0,3,22.8,0,,Active
CUST-00328,2024-01-05,2024-01-01,Affiliate Partner,United States,Basic,Monthly,29.0,7,10.9,1,2024-09-18,Customer support delays
CUST-00329,2024-08-27,2024-08-01,Affiliate Partner,Germany,Basic,Monthly,29.0,1,18.4,0,,Active
CUST-00330,2024-04-05,2024-04-01,LinkedIn Referral,India,Pro,Annual,79.0,6,6.8,1,2024-04-16,Price too high
CUST-00331,2024-05-31,2024-05-01,Google Ads,India,Basic,Monthly,29.0,8,6.7,1,2024-08-27,Price too high
CUST-00332,2024-11-23,2024-11-01,Organic Search,United States,Basic,Monthly,29.0,1,25.1,0,,Active
CUST-00333,2024-09-20,2024-09-01,LinkedIn Referral,United States,Basic,Annual,29.0,3,10.4,1,2024-11-24,Price too high
CUST-00334,2024-09-01,2024-09-01,LinkedIn Referral,Germany,Pro,Monthly,79.0,2,23.9,0,,Active
CUST-00335,2024-05-16,2024-05-01,Google Ads,United States,Basic,Annual,29.0,3,14.3,1,2024-09-04,Price too high
CUST-00336,2024-07-03,2024-07-01,LinkedIn Referral,United States,Basic,Monthly,29.0,3,5.7,1,2024-08-06,Price too high
CUST-00337,2024-08-26,2024-08-01,LinkedIn Referral,Canada,Pro,Monthly,79.0,0,24.2,0,,Active
CUST-00338,2024-06-08,2024-06-01,Google Ads,United Kingdom,Pro,Monthly,79.0,1,25.2,0,,Active
CUST-00339,2024-08-20,2024-08-01,Direct,United States,Pro,Monthly,79.0,1,27.1,0,,Active
CUST-00340,2024-10-02,2024-10-01,Affiliate Partner,Canada,Basic,Monthly,29.0,3,18.4,0,,Active
CUST-00341,2024-12-14,2024-12-01,Organic Search,Germany,Pro,Monthly,79.0,0,18.4,0,,Active
CUST-00342,2024-02-11,2024-02-01,Organic Search,Canada,Basic,Annual,29.0,0,26.6,0,,Active
CUST-00343,2024-08-14,2024-08-01,LinkedIn Referral,Canada,Basic,Monthly,29.0,4,14.9,1,2024-11-29,Switched to competitor
CUST-00344,2024-08-16,2024-08-01,Google Ads,United Kingdom,Pro,Monthly,79.0,2,6.2,1,2024-12-29,Price too high
CUST-00345,2024-12-10,2024-12-01,Affiliate Partner,Germany,Basic,Monthly,29.0,0,20.8,0,,Active
CUST-00346,2024-01-12,2024-01-01,Google Ads,United Kingdom,Pro,Monthly,79.0,6,4.9,1,2024-05-23,Missing key features
CUST-00347,2024-12-24,2024-12-01,Google Ads,United Kingdom,Pro,Monthly,79.0,3,1.3,1,2024-12-26,Switched to competitor
CUST-00348,2024-02-05,2024-02-01,Organic Search,India,Pro,Annual,79.0,2,25.6,0,,Active
CUST-00349,2024-07-12,2024-07-01,LinkedIn Referral,United States,Basic,Monthly,29.0,1,22.3,0,,Active
CUST-00350,2024-04-01,2024-04-01,Organic Search,United States,Basic,Monthly,29.0,4,11.6,1,2024-06-08,Price too high
CUST-00351,2024-01-02,2024-01-01,LinkedIn Referral,United States,Basic,Monthly,29.0,0,26.7,0,,Active
CUST-00352,2024-01-17,2024-01-01,Affiliate Partner,India,Pro,Monthly,79.0,3,4.0,1,2024-05-23,Price too high
CUST-00353,2024-02-04,2024-02-01,Organic Search,United States,Pro,Annual,79.0,7,12.5,1,2024-03-25,Switched to competitor
CUST-00354,2024-12-10,2024-12-01,Organic Search,United States,Enterprise,Monthly,199.0,4,15.9,0,,Active
CUST-00355,2024-01-25,2024-01-01,Google Ads,Germany,Basic,Monthly,29.0,1,8.6,1,2024-03-10,Price too high
CUST-00356,2024-04-29,2024-04-01,Google Ads,United States,Basic,Monthly,29.0,1,31.5,0,,Active
CUST-00357,2024-12-10,2024-12-01,Organic Search,United States,Basic,Monthly,29.0,1,23.9,0,,Active
CUST-00358,2024-05-01,2024-05-01,Google Ads,United States,Enterprise,Monthly,199.0,2,22.1,0,,Active
CUST-00359,2024-03-30,2024-03-01,Organic Search,Germany,Pro,Monthly,79.0,1,25.8,0,,Active
CUST-00360,2024-07-11,2024-07-01,Organic Search,United States,Pro,Monthly,79.0,1,28.2,0,,Active
CUST-00361,2024-08-25,2024-08-01,LinkedIn Referral,United States,Basic,Annual,29.0,0,13.8,0,,Active
CUST-00362,2024-05-04,2024-05-01,Google Ads,Germany,Basic,Monthly,29.0,3,9.2,1,2024-07-18,Missing key features
CUST-00363,2024-07-08,2024-07-01,LinkedIn Referral,United Kingdom,Pro,Annual,79.0,2,23.5,0,,Active
CUST-00364,2024-02-07,2024-02-01,Google Ads,India,Enterprise,Monthly,199.0,4,13.9,1,2024-10-11,Price too high
CUST-00365,2024-03-01,2024-03-01,Affiliate Partner,United States,Pro,Annual,79.0,0,22.1,0,,Active
CUST-00366,2024-11-28,2024-11-01,Organic Search,India,Basic,Annual,29.0,1,25.3,0,,Active
CUST-00367,2024-09-19,2024-09-01,Google Ads,United States,Basic,Monthly,29.0,1,28.1,0,,Active
CUST-00368,2024-06-12,2024-06-01,LinkedIn Referral,United States,Basic,Monthly,29.0,1,29.6,0,,Active
CUST-00369,2024-10-26,2024-10-01,Affiliate Partner,Germany,Pro,Monthly,79.0,4,19.9,0,,Active
CUST-00370,2024-06-17,2024-06-01,LinkedIn Referral,United Kingdom,Pro,Monthly,79.0,0,24.7,0,,Active
CUST-00371,2024-09-07,2024-09-01,Affiliate Partner,Germany,Enterprise,Annual,199.0,3,20.4,0,,Active
CUST-00372,2024-06-29,2024-06-01,Organic Search,Germany,Basic,Monthly,29.0,2,9.8,1,2024-12-28,Switched to competitor
CUST-00373,2024-02-08,2024-02-01,Direct,United Kingdom,Basic,Monthly,29.0,6,8.9,1,2024-09-22,Missing key features
CUST-00374,2024-08-21,2024-08-01,Google Ads,United States,Basic,Monthly,29.0,0,26.7,0,,Active
CUST-00375,2024-09-06,2024-09-01,Organic Search,United States,Pro,Annual,79.0,2,4.4,1,2024-09-24,Poor onboarding / low usage
CUST-00376,2024-10-09,2024-10-01,Organic Search,United States,Basic,Monthly,29.0,2,13.9,1,2024-12-02,Poor onboarding / low usage
CUST-00377,2024-05-20,2024-05-01,LinkedIn Referral,United States,Enterprise,Annual,199.0,4,26.4,0,,Active
CUST-00378,2024-09-25,2024-09-01,Google Ads,United States,Enterprise,Monthly,199.0,4,18.4,0,,Active
CUST-00379,2024-05-16,2024-05-01,Google Ads,United States,Basic,Monthly,29.0,4,13.5,1,2024-06-28,Switched to competitor
CUST-00380,2024-08-23,2024-08-01,Google Ads,India,Pro,Monthly,79.0,3,27.0,0,,Active
CUST-00381,2024-11-30,2024-11-01,Direct,Germany,Basic,Monthly,29.0,1,27.3,0,,Active
CUST-00382,2024-01-17,2024-01-01,Direct,United States,Pro,Monthly,79.0,5,8.8,1,2024-04-17,Customer support delays
CUST-00383,2024-12-25,2024-12-01,Organic Search,Germany,Pro,Monthly,79.0,1,32.4,0,,Active
CUST-00384,2024-09-12,2024-09-01,LinkedIn Referral,United Kingdom,Basic,Monthly,29.0,2,24.5,0,,Active
CUST-00385,2024-02-18,2024-02-01,LinkedIn Referral,United Kingdom,Pro,Annual,79.0,0,30.7,0,,Active
CUST-00386,2024-12-02,2024-12-01,Affiliate Partner,India,Enterprise,Monthly,199.0,3,11.6,1,2024-12-30,Switched to competitor
CUST-00387,2024-06-10,2024-06-01,Direct,United Kingdom,Pro,Monthly,79.0,1,9.0,1,2024-06-17,Price too high
CUST-00388,2024-10-27,2024-10-01,Affiliate Partner,India,Pro,Monthly,79.0,2,21.5,0,,Active
CUST-00389,2024-02-09,2024-02-01,LinkedIn Referral,United States,Pro,Annual,79.0,0,25.5,0,,Active
CUST-00390,2024-06-26,2024-06-01,Direct,United Kingdom,Pro,Monthly,79.0,5,11.5,1,2024-07-10,Switched to competitor
CUST-00391,2024-04-28,2024-04-01,Organic Search,United States,Basic,Monthly,29.0,2,1.4,1,2024-11-03,Switched to competitor
CUST-00392,2024-08-18,2024-08-01,Affiliate Partner,United States,Basic,Monthly,29.0,0,22.6,0,,Active
CUST-00393,2024-12-04,2024-12-01,Google Ads,United States,Pro,Monthly,79.0,0,23.0,0,,Active
CUST-00394,2024-11-12,2024-11-01,Google Ads,India,Basic,Monthly,29.0,1,25.8,0,,Active
CUST-00395,2024-02-07,2024-02-01,Organic Search,India,Basic,Monthly,29.0,3,7.9,1,2024-02-12,Switched to competitor
CUST-00396,2024-07-13,2024-07-01,Google Ads,India,Basic,Monthly,29.0,10,4.9,1,2024-11-11,Switched to competitor
CUST-00397,2024-06-06,2024-06-01,Google Ads,United Kingdom,Pro,Monthly,79.0,5,6.2,1,2024-08-08,Switched to competitor
CUST-00398,2024-04-05,2024-04-01,Google Ads,Canada,Basic,Monthly,29.0,4,9.6,1,2024-07-07,Missing key features
CUST-00399,2024-06-30,2024-06-01,LinkedIn Referral,United States,Pro,Monthly,79.0,3,3.8,1,2024-11-11,Price too high
CUST-00400,2024-07-17,2024-07-01,Organic Search,Germany,Basic,Monthly,29.0,3,25.4,0,,Active
CUST-00401,2024-12-16,2024-12-01,LinkedIn Referral,United States,Basic,Annual,29.0,1,26.6,0,,Active
CUST-00402,2024-03-12,2024-03-01,Affiliate Partner,United States,Basic,Monthly,29.0,2,13.1,1,2024-05-17,Price too high
CUST-00403,2024-08-10,2024-08-01,Google Ads,United States,Basic,Annual,29.0,1,22.1,0,,Active
CUST-00404,2024-11-16,2024-11-01,Organic Search,United States,Pro,Annual,79.0,3,26.3,0,,Active
CUST-00405,2024-08-22,2024-08-01,Google Ads,United States,Basic,Monthly,29.0,3,8.4,1,2024-09-01,Missing key features
CUST-00406,2024-01-04,2024-01-01,Organic Search,India,Basic,Monthly,29.0,1,22.5,0,,Active
CUST-00407,2024-04-12,2024-04-01,Google Ads,Germany,Basic,Monthly,29.0,1,29.4,0,,Active
CUST-00408,2024-05-23,2024-05-01,Organic Search,Germany,Basic,Annual,29.0,4,6.3,1,2024-08-10,Price too high
CUST-00409,2024-04-12,2024-04-01,Google Ads,India,Pro,Annual,79.0,1,26.5,0,,Active
CUST-00410,2024-12-20,2024-12-01,Google Ads,United Kingdom,Pro,Monthly,79.0,7,9.0,1,,
CUST-00411,2024-07-28,2024-07-01,LinkedIn Referral,Germany,Pro,Annual,79.0,1,24.1,0,,Active
CUST-00412,2024-07-12,2024-07-01,Google Ads,United States,Pro,Annual,79.0,0,21.3,0,,Active
CUST-00413,2024-12-20,2024-12-01,Organic Search,Canada,Basic,Monthly,29.0,0,20.1,0,,Active
CUST-00414,2024-01-19,2024-01-01,Direct,United States,Pro,Monthly,79.0,7,9.4,1,2024-12-05,Switched to competitor
CUST-00415,2024-12-12,2024-12-01,Google Ads,United States,Pro,Monthly,79.0,4,20.1,0,,Active
CUST-00416,2024-06-18,2024-06-01,Google Ads,United States,Basic,Monthly,29.0,3,11.9,1,2024-08-26,Poor onboarding / low usage
CUST-00417,2024-04-23,2024-04-01,Organic Search,United States,Pro,Monthly,79.0,0,25.0,0,,Active
CUST-00418,2024-06-25,2024-06-01,Direct,United States,Pro,Monthly,79.0,5,20.5,0,,Active
CUST-00419,2024-06-27,2024-06-01,Google Ads,United States,Pro,Annual,79.0,0,20.0,0,,Active
CUST-00420,2024-06-12,2024-06-01,Google Ads,Canada,Basic,Monthly,29.0,2,17.8,1,2024-06-14,Missing key features
CUST-00421,2024-12-29,2024-12-01,Organic Search,United States,Basic,Monthly,29.0,4,24.2,0,,Active
CUST-00422,2024-06-24,2024-06-01,Google Ads,United States,Basic,Monthly,29.0,3,10.0,1,2024-09-16,Switched to competitor
CUST-00423,2024-05-04,2024-05-01,Organic Search,India,Pro,Monthly,79.0,1,22.2,0,,Active
CUST-00424,2024-12-02,2024-12-01,Google Ads,United States,Basic,Monthly,29.0,1,28.7,0,,Active
CUST-00425,2024-01-15,2024-01-01,Organic Search,India,Pro,Monthly,79.0,4,6.2,1,2024-05-21,Switched to competitor
CUST-00426,2024-04-15,2024-04-01,Organic Search,United States,Basic,Monthly,29.0,3,24.6,0,,Active
CUST-00427,2024-12-09,2024-12-01,Organic Search,United States,Pro,Annual,79.0,1,27.4,0,,Active
CUST-00428,2024-09-27,2024-09-01,Organic Search,India,Pro,Monthly,79.0,1,16.3,0,,Active
CUST-00429,2024-02-28,2024-02-01,Google Ads,United States,Basic,Monthly,29.0,2,9.5,1,2024-09-30,Missing key features
CUST-00430,2024-06-09,2024-06-01,Google Ads,United States,Basic,Annual,29.0,1,23.2,0,,Active
CUST-00431,2024-07-15,2024-07-01,Organic Search,Germany,Enterprise,Monthly,199.0,5,25.3,0,,Active
CUST-00432,2024-03-26,2024-03-01,LinkedIn Referral,United States,Pro,Annual,79.0,6,14.7,1,2024-09-27,Price too high
CUST-00433,2024-04-09,2024-04-01,Affiliate Partner,United Kingdom,Pro,Monthly,79.0,1,14.2,1,2024-12-06,Missing key features
CUST-00434,2024-04-22,2024-04-01,Google Ads,Germany,Pro,Annual,79.0,2,21.7,0,,Active
CUST-00435,2024-02-28,2024-02-01,Direct,United States,Pro,Monthly,79.0,1,19.3,0,,Active
CUST-00436,2024-05-06,2024-05-01,Google Ads,United Kingdom,Basic,Monthly,29.0,0,26.8,0,,Active
CUST-00437,2024-05-01,2024-05-01,Organic Search,Germany,Enterprise,Monthly,199.0,1,20.0,0,,Active
CUST-00438,2024-04-15,2024-04-01,Google Ads,United States,Pro,Annual,79.0,0,25.9,0,,Active
CUST-00439,2024-09-20,2024-09-01,Google Ads,India,Enterprise,Monthly,199.0,0,24.8,0,,Active
CUST-00440,2024-07-29,2024-07-01,Organic Search,United States,Pro,Monthly,79.0,2,22.4,0,,Active
CUST-00441,2024-12-30,2024-12-01,Organic Search,United States,Enterprise,Monthly,199.0,1,26.4,0,,Active
CUST-00442,2024-05-06,2024-05-01,Organic Search,United Kingdom,Basic,Monthly,29.0,2,23.4,0,,Active
CUST-00443,2024-02-17,2024-02-01,Google Ads,India,Enterprise,Monthly,199.0,1,27.2,0,,Active
CUST-00444,2024-11-21,2024-11-01,Google Ads,United Kingdom,Basic,Monthly,29.0,1,21.4,0,,Active
CUST-00445,2024-02-02,2024-02-01,Google Ads,United Kingdom,Pro,Annual,79.0,0,22.7,0,,Active
CUST-00446,2024-12-15,2024-12-01,Organic Search,United States,Pro,Monthly,79.0,0,21.7,0,,Active
CUST-00447,2024-01-24,2024-01-01,Organic Search,Germany,Basic,Monthly,29.0,4,11.2,1,2024-02-19,Price too high
CUST-00448,2024-08-23,2024-08-01,Affiliate Partner,Germany,Pro,Monthly,79.0,4,3.6,1,2024-09-20,Price too high
CUST-00449,2024-03-21,2024-03-01,Direct,United States,Enterprise,Annual,199.0,6,1.0,1,2024-05-04,Poor onboarding / low usage
CUST-00450,2024-04-13,2024-04-01,Organic Search,India,Basic,Annual,29.0,4,21.4,0,,Active
CUST-00451,2024-12-06,2024-12-01,Affiliate Partner,United States,Enterprise,Annual,199.0,1,21.4,0,,Active
CUST-00452,2024-03-25,2024-03-01,Affiliate Partner,United States,Basic,Annual,29.0,7,11.5,1,2024-04-15,Missing key features
CUST-00453,2024-06-05,2024-06-01,Google Ads,Germany,Basic,Monthly,29.0,3,9.3,1,2024-09-07,Price too high
CUST-00454,2024-01-01,2024-01-01,Affiliate Partner,United States,Pro,Monthly,79.0,3,4.2,1,2024-02-19,Switched to competitor
CUST-00455,2024-04-25,2024-04-01,Google Ads,United States,Basic,Monthly,29.0,3,8.9,1,2024-07-05,Switched to competitor
CUST-00456,2024-03-02,2024-03-01,Organic Search,United Kingdom,Basic,Monthly,29.0,3,12.0,1,2024-05-04,Missing key features
CUST-00457,2024-04-27,2024-04-01,LinkedIn Referral,United States,Pro,Monthly,79.0,5,4.7,1,2024-07-07,Customer support delays
CUST-00458,2024-07-07,2024-07-01,LinkedIn Referral,United Kingdom,Pro,Monthly,79.0,2,21.7,0,,Active
CUST-00459,2024-03-14,2024-03-01,Organic Search,United States,Basic,Monthly,29.0,4,6.7,1,2024-04-02,Poor onboarding / low usage
CUST-00460,2024-01-05,2024-01-01,Google Ads,Germany,Basic,Monthly,29.0,5,9.3,1,2024-12-24,Price too high
CUST-00461,2024-07-15,2024-07-01,Organic Search,United States,Pro,Monthly,79.0,1,22.0,0,,Active
CUST-00462,2024-11-03,2024-11-01,Google Ads,Canada,Basic,Monthly,29.0,4,23.3,0,,Active
CUST-00463,2024-12-19,2024-12-01,Google Ads,United States,Pro,Monthly,79.0,3,15.1,1,,
CUST-00464,2024-12-03,2024-12-01,LinkedIn Referral,Germany,Enterprise,Monthly,199.0,2,27.3,0,,Active
CUST-00465,2024-04-15,2024-04-01,Google Ads,United States,Basic,Monthly,29.0,3,18.4,1,2024-09-08,Poor onboarding / low usage
CUST-00466,2024-05-02,2024-05-01,Organic Search,United States,Basic,Monthly,29.0,2,21.9,0,,Active
CUST-00467,2024-03-08,2024-03-01,LinkedIn Referral,India,Basic,Monthly,29.0,5,5.0,1,2024-10-23,Missing key features
CUST-00468,2024-02-04,2024-02-01,LinkedIn Referral,United Kingdom,Basic,Monthly,29.0,2,13.7,1,2024-02-11,Missing key features
CUST-00469,2024-01-21,2024-01-01,Google Ads,United States,Pro,Monthly,79.0,6,9.1,1,2024-12-19,Switched to competitor
CUST-00470,2024-09-18,2024-09-01,Direct,United States,Basic,Monthly,29.0,4,4.3,1,2024-11-28,Switched to competitor
CUST-00471,2024-07-19,2024-07-01,Organic Search,United States,Enterprise,Monthly,199.0,2,22.4,0,,Active
CUST-00472,2024-05-02,2024-05-01,Affiliate Partner,Canada,Pro,Annual,79.0,5,8.9,1,2024-05-05,Price too high
CUST-00473,2024-08-10,2024-08-01,Organic Search,United States,Pro,Monthly,79.0,7,11.6,1,2024-10-31,Price too high
CUST-00474,2024-12-02,2024-12-01,Organic Search,United States,Basic,Monthly,29.0,2,25.1,0,,Active
CUST-00475,2024-03-02,2024-03-01,Direct,Germany,Pro,Annual,79.0,6,10.4,1,2024-03-07,Price too high
CUST-00476,2024-12-25,2024-12-01,Google Ads,United States,Pro,Monthly,79.0,5,4.9,1,,
CUST-00477,2024-06-26,2024-06-01,Direct,United States,Pro,Monthly,79.0,0,32.5,0,,Active
CUST-00478,2024-03-01,2024-03-01,Organic Search,United States,Pro,Annual,79.0,2,4.9,1,2024-04-26,Switched to competitor
CUST-00479,2024-08-07,2024-08-01,Affiliate Partner,India,Pro,Monthly,79.0,8,10.5,1,2024-09-29,Poor onboarding / low usage
CUST-00480,2024-10-22,2024-10-01,Organic Search,United States,Basic,Monthly,29.0,2,19.4,0,,Active
CUST-00481,2024-01-29,2024-01-01,LinkedIn Referral,United States,Basic,Monthly,29.0,2,9.3,1,2024-06-16,Price too high
CUST-00482,2024-12-11,2024-12-01,Organic Search,United States,Pro,Monthly,79.0,1,14.5,0,,Active
CUST-00483,2024-04-26,2024-04-01,Google Ads,United Kingdom,Pro,Annual,79.0,2,16.6,1,2024-06-23,Missing key features
CUST-00484,2024-01-07,2024-01-01,Google Ads,Canada,Pro,Monthly,79.0,0,26.9,0,,Active
CUST-00485,2024-06-12,2024-06-01,Google Ads,United States,Basic,Monthly,29.0,5,5.0,1,2024-07-24,Price too high
CUST-00486,2024-03-02,2024-03-01,Google Ads,Germany,Pro,Monthly,79.0,1,8.6,1,2024-09-13,Switched to competitor
CUST-00487,2024-05-24,2024-05-01,Google Ads,United States,Basic,Annual,29.0,3,10.7,1,2024-08-07,Missing key features
CUST-00488,2024-01-05,2024-01-01,Organic Search,United Kingdom,Enterprise,Monthly,199.0,1,28.7,0,,Active
CUST-00489,2024-03-18,2024-03-01,Affiliate Partner,Canada,Basic,Annual,29.0,4,5.8,1,2024-04-01,Poor onboarding / low usage
CUST-00490,2024-01-13,2024-01-01,LinkedIn Referral,United States,Pro,Annual,79.0,3,12.5,1,2024-07-03,Poor onboarding / low usage
CUST-00491,2024-07-11,2024-07-01,Organic Search,United Kingdom,Basic,Monthly,29.0,3,13.7,1,2024-09-26,Customer support delays
CUST-00492,2024-05-01,2024-05-01,Organic Search,United States,Basic,Monthly,29.0,4,3.5,1,2024-10-06,Missing key features
CUST-00493,2024-09-23,2024-09-01,LinkedIn Referral,United States,Basic,Annual,29.0,1,27.0,0,,Active
CUST-00494,2024-10-24,2024-10-01,Affiliate Partner,Germany,Pro,Monthly,79.0,0,31.6,0,,Active
CUST-00495,2024-02-08,2024-02-01,Google Ads,United States,Pro,Monthly,79.0,0,1.0,1,2024-03-31,Price too high
CUST-00496,2024-03-07,2024-03-01,LinkedIn Referral,United States,Pro,Annual,79.0,0,24.4,0,,Active
CUST-00497,2024-10-26,2024-10-01,Organic Search,United States,Pro,Monthly,79.0,1,24.3,0,,Active
CUST-00498,2024-06-09,2024-06-01,Google Ads,India,Pro,Annual,79.0,2,24.7,0,,Active
CUST-00499,2024-03-21,2024-03-01,LinkedIn Referral,India,Pro,Monthly,79.0,1,21.2,0,,Active
CUST-00500,2024-01-26,2024-01-01,Organic Search,United Kingdom,Basic,Monthly,29.0,1,3.9,1,2024-05-08,Price too high
CUST-00501,2024-08-19,2024-08-01,Organic Search,United States,Basic,Monthly,29.0,0,13.5,1,2024-10-22,Poor onboarding / low usage
CUST-00502,2024-03-12,2024-03-01,Affiliate Partner,Canada,Basic,Monthly,29.0,8,12.9,1,2024-03-14,Poor onboarding / low usage
CUST-00503,2024-04-23,2024-04-01,Google Ads,United States,Enterprise,Monthly,199.0,4,11.4,1,2024-12-22,Price too high
CUST-00504,2024-04-11,2024-04-01,Google Ads,United States,Basic,Annual,29.0,7,11.3,1,2024-07-08,Missing key features
CUST-00505,2024-06-18,2024-06-01,LinkedIn Referral,Germany,Pro,Monthly,79.0,4,2.0,1,2024-09-05,Switched to competitor
CUST-00506,2024-08-09,2024-08-01,Google Ads,Germany,Enterprise,Monthly,199.0,5,5.7,1,2024-10-30,Poor onboarding / low usage
CUST-00507,2024-08-06,2024-08-01,Google Ads,United Kingdom,Basic,Monthly,29.0,6,9.5,1,2024-10-14,Switched to competitor
CUST-00508,2024-08-16,2024-08-01,LinkedIn Referral,United States,Pro,Monthly,79.0,4,8.8,1,2024-10-05,Switched to competitor
CUST-00509,2024-11-11,2024-11-01,Direct,United States,Pro,Annual,79.0,3,26.1,0,,Active
CUST-00510,2024-07-29,2024-07-01,LinkedIn Referral,Germany,Basic,Annual,29.0,2,5.3,1,2024-10-10,Price too high
CUST-00511,2024-03-11,2024-03-01,Affiliate Partner,United States,Basic,Annual,29.0,4,9.7,1,2024-09-20,Switched to competitor
CUST-00512,2024-07-02,2024-07-01,LinkedIn Referral,United States,Pro,Monthly,79.0,2,26.0,0,,Active
CUST-00513,2024-01-14,2024-01-01,LinkedIn Referral,United States,Basic,Annual,29.0,6,6.1,1,2024-05-29,Price too high
CUST-00514,2024-09-28,2024-09-01,Google Ads,United States,Pro,Annual,79.0,1,29.9,0,,Active
CUST-00515,2024-05-06,2024-05-01,Google Ads,United Kingdom,Basic,Annual,29.0,3,9.1,1,2024-09-11,Switched to competitor
CUST-00516,2024-10-21,2024-10-01,Organic Search,United States,Basic,Annual,29.0,0,22.3,0,,Active
CUST-00517,2024-03-29,2024-03-01,Affiliate Partner,United Kingdom,Basic,Monthly,29.0,7,2.6,1,2024-09-18,Price too high
CUST-00518,2024-06-29,2024-06-01,Google Ads,India,Pro,Monthly,79.0,0,22.9,0,,Active
CUST-00519,2024-06-07,2024-06-01,Google Ads,United States,Pro,Annual,79.0,2,13.9,1,2024-07-09,Switched to competitor
CUST-00520,2024-04-29,2024-04-01,LinkedIn Referral,United States,Basic,Annual,29.0,1,2.3,1,2024-06-14,Price too high
CUST-00521,2024-01-01,2024-01-01,Google Ads,United States,Pro,Monthly,79.0,4,7.4,1,2024-08-03,Switched to competitor
CUST-00522,2024-10-27,2024-10-01,Direct,United Kingdom,Enterprise,Annual,199.0,1,30.5,0,,Active
CUST-00523,2024-09-26,2024-09-01,Direct,India,Basic,Monthly,29.0,1,18.8,0,,Active
CUST-00524,2024-07-21,2024-07-01,Affiliate Partner,United States,Pro,Monthly,79.0,1,22.4,0,,Active
CUST-00525,2024-11-23,2024-11-01,Google Ads,United States,Basic,Monthly,29.0,1,28.2,0,,Active
CUST-00526,2024-03-30,2024-03-01,Direct,United Kingdom,Basic,Monthly,29.0,1,23.3,0,,Active
CUST-00527,2024-03-31,2024-03-01,Google Ads,United States,Basic,Monthly,29.0,2,10.1,1,2024-10-17,Poor onboarding / low usage
CUST-00528,2024-06-11,2024-06-01,Organic Search,United States,Enterprise,Monthly,199.0,1,22.6,0,,Active
CUST-00529,2024-05-01,2024-05-01,Affiliate Partner,United States,Pro,Annual,79.0,4,20.5,0,,Active
CUST-00530,2024-01-06,2024-01-01,Organic Search,United States,Pro,Monthly,79.0,3,4.1,1,2024-03-15,Missing key features
CUST-00531,2024-02-25,2024-02-01,LinkedIn Referral,United Kingdom,Basic,Monthly,29.0,2,7.7,1,2024-04-10,Price too high
CUST-00532,2024-08-02,2024-08-01,Google Ads,United States,Basic,Annual,29.0,0,26.1,0,,Active
CUST-00533,2024-02-21,2024-02-01,Affiliate Partner,United States,Enterprise,Monthly,199.0,3,9.3,1,2024-09-19,Poor onboarding / low usage
CUST-00534,2024-06-12,2024-06-01,Affiliate Partner,United States,Basic,Monthly,29.0,4,11.6,1,2024-07-23,Missing key features
CUST-00535,2024-03-28,2024-03-01,Google Ads,United States,Basic,Monthly,29.0,5,6.1,1,2024-05-30,Missing key features
CUST-00536,2024-06-22,2024-06-01,Google Ads,India,Basic,Monthly,29.0,2,10.2,1,2024-10-11,Price too high
CUST-00537,2024-03-25,2024-03-01,LinkedIn Referral,United States,Basic,Monthly,29.0,3,4.0,1,2024-06-04,Price too high
CUST-00538,2024-04-15,2024-04-01,Google Ads,Canada,Basic,Annual,29.0,5,8.0,1,2024-11-24,Price too high
CUST-00539,2024-10-19,2024-10-01,Google Ads,India,Basic,Monthly,29.0,5,7.2,1,2024-12-19,Poor onboarding / low usage
CUST-00540,2024-08-06,2024-08-01,Google Ads,Germany,Enterprise,Monthly,199.0,2,17.8,0,,Active
CUST-00541,2024-04-15,2024-04-01,Organic Search,United States,Enterprise,Monthly,199.0,2,29.1,0,,Active
CUST-00542,2024-10-05,2024-10-01,Organic Search,Germany,Enterprise,Monthly,199.0,3,23.6,0,,Active
CUST-00543,2024-04-05,2024-04-01,Google Ads,United States,Pro,Monthly,79.0,4,5.6,1,2024-09-27,Missing key features
CUST-00544,2024-12-22,2024-12-01,LinkedIn Referral,United Kingdom,Basic,Annual,29.0,3,20.8,0,,Active
CUST-00545,2024-02-13,2024-02-01,Affiliate Partner,United Kingdom,Pro,Monthly,79.0,2,11.2,1,2024-07-25,Switched to competitor
CUST-00546,2024-09-24,2024-09-01,Affiliate Partner,United Kingdom,Basic,Monthly,29.0,4,19.8,0,,Active
CUST-00547,2024-04-30,2024-04-01,Google Ads,United Kingdom,Basic,Annual,29.0,6,10.4,1,2024-06-27,Price too high
CUST-00548,2024-01-18,2024-01-01,Google Ads,United States,Basic,Monthly,29.0,3,9.9,1,2024-07-11,Switched to competitor
CUST-00549,2024-08-17,2024-08-01,Google Ads,United Kingdom,Enterprise,Monthly,199.0,4,22.1,0,,Active
CUST-00550,2024-08-04,2024-08-01,Google Ads,United Kingdom,Pro,Monthly,79.0,7,9.7,1,2024-08-26,Price too high
CUST-00551,2024-08-10,2024-08-01,LinkedIn Referral,United Kingdom,Pro,Monthly,79.0,1,18.9,0,,Active
CUST-00552,2024-02-04,2024-02-01,Affiliate Partner,United States,Basic,Monthly,29.0,4,8.6,1,2024-02-22,Missing key features
CUST-00553,2024-07-22,2024-07-01,Direct,United Kingdom,Basic,Monthly,29.0,3,14.8,1,2024-12-12,Price too high
CUST-00554,2024-11-15,2024-11-01,Organic Search,United States,Enterprise,Monthly,199.0,1,25.9,0,,Active
CUST-00555,2024-02-27,2024-02-01,Organic Search,United States,Basic,Monthly,29.0,3,8.7,1,2024-10-04,Poor onboarding / low usage
CUST-00556,2024-10-01,2024-10-01,Google Ads,United States,Basic,Annual,29.0,0,21.8,0,,Active
CUST-00557,2024-12-01,2024-12-01,Google Ads,United States,Pro,Monthly,79.0,1,33.2,0,,Active
CUST-00558,2024-11-07,2024-11-01,Organic Search,United States,Basic,Monthly,29.0,1,18.8,0,,Active
CUST-00559,2024-07-25,2024-07-01,Affiliate Partner,Canada,Enterprise,Annual,199.0,2,21.6,0,,Active
CUST-00560,2024-05-01,2024-05-01,Organic Search,Germany,Basic,Monthly,29.0,3,16.8,1,2024-05-17,Customer support delays
CUST-00561,2024-05-17,2024-05-01,Organic Search,United States,Basic,Annual,29.0,2,7.8,1,2024-07-13,Missing key features
CUST-00562,2024-06-04,2024-06-01,LinkedIn Referral,United States,Pro,Annual,79.0,1,26.1,0,,Active
CUST-00563,2024-08-14,2024-08-01,Organic Search,Germany,Basic,Annual,29.0,3,20.5,0,,Active
CUST-00564,2024-08-14,2024-08-01,Direct,Germany,Pro,Monthly,79.0,0,22.0,0,,Active
CUST-00565,2024-01-29,2024-01-01,Affiliate Partner,United Kingdom,Basic,Monthly,29.0,3,6.6,1,2024-09-02,Price too high
CUST-00566,2024-04-12,2024-04-01,Google Ads,Germany,Basic,Monthly,29.0,0,23.3,0,,Active
CUST-00567,2024-03-04,2024-03-01,Google Ads,United States,Pro,Annual,79.0,0,27.9,0,,Active
CUST-00568,2024-12-18,2024-12-01,Organic Search,India,Basic,Annual,29.0,3,24.8,0,,Active
CUST-00569,2024-01-15,2024-01-01,Direct,United States,Basic,Monthly,29.0,4,2.2,1,2024-11-05,Poor onboarding / low usage
CUST-00570,2024-12-15,2024-12-01,Google Ads,Canada,Pro,Monthly,79.0,4,5.1,1,2024-12-20,Customer support delays
CUST-00571,2024-11-27,2024-11-01,Direct,United States,Basic,Annual,29.0,2,21.1,0,,Active
CUST-00572,2024-04-24,2024-04-01,Google Ads,United States,Basic,Monthly,29.0,1,27.5,0,,Active
CUST-00573,2024-08-26,2024-08-01,Google Ads,United Kingdom,Enterprise,Monthly,199.0,6,12.5,1,,
CUST-00574,2024-07-10,2024-07-01,Google Ads,United States,Enterprise,Monthly,199.0,3,29.6,0,,Active
CUST-00575,2024-05-21,2024-05-01,Affiliate Partner,India,Basic,Monthly,29.0,3,24.3,0,,Active
CUST-00576,2024-01-30,2024-01-01,Google Ads,United Kingdom,Basic,Annual,29.0,3,12.7,1,,
CUST-00577,2024-10-19,2024-10-01,Direct,United Kingdom,Basic,Monthly,29.0,2,22.9,0,,Active
CUST-00578,2024-12-17,2024-12-01,Affiliate Partner,United Kingdom,Basic,Monthly,29.0,2,21.6,0,,Active
CUST-00579,2024-08-31,2024-08-01,Direct,United Kingdom,Basic,Annual,29.0,3,25.6,0,,Active
CUST-00580,2024-10-12,2024-10-01,Google Ads,United States,Basic,Monthly,29.0,3,6.2,1,2024-11-16,Poor onboarding / low usage
CUST-00581,2024-05-12,2024-05-01,Google Ads,Germany,Basic,Annual,29.0,2,15.0,0,,Active
CUST-00582,2024-06-06,2024-06-01,Affiliate Partner,India,Basic,Monthly,29.0,5,6.2,1,2024-11-05,Customer support delays
CUST-00583,2024-11-20,2024-11-01,Organic Search,United States,Basic,Monthly,29.0,1,21.3,0,,Active
CUST-00584,2024-02-06,2024-02-01,Google Ads,United States,Pro,Monthly,79.0,4,8.8,1,2024-04-28,Switched to competitor
CUST-00585,2024-07-14,2024-07-01,Organic Search,India,Basic,Annual,29.0,1,23.2,0,,Active
CUST-00586,2024-10-18,2024-10-01,Google Ads,United States,Pro,Monthly,79.0,2,24.6,0,,Active
CUST-00587,2024-04-02,2024-04-01,Organic Search,United States,Basic,Annual,29.0,5,13.3,1,2024-09-08,Poor onboarding / low usage
CUST-00588,2024-04-17,2024-04-01,Google Ads,United States,Basic,Monthly,29.0,5,5.8,1,2024-10-04,Poor onboarding / low usage
CUST-00589,2024-08-10,2024-08-01,Google Ads,United Kingdom,Basic,Monthly,29.0,5,12.4,1,2024-12-15,Missing key features
CUST-00590,2024-07-10,2024-07-01,Organic Search,Germany,Basic,Monthly,29.0,5,9.0,1,2024-11-08,Switched to competitor
CUST-00591,2024-11-16,2024-11-01,Google Ads,India,Enterprise,Monthly,199.0,1,20.0,0,,Active
CUST-00592,2024-06-25,2024-06-01,LinkedIn Referral,United States,Basic,Monthly,29.0,3,11.9,1,2024-08-11,Switched to competitor
CUST-00593,2024-10-28,2024-10-01,Google Ads,Canada,Basic,Monthly,29.0,5,6.4,1,2024-11-29,Missing key features
CUST-00594,2024-06-01,2024-06-01,Organic Search,Germany,Basic,Annual,29.0,0,25.2,0,,Active
CUST-00595,2024-09-07,2024-09-01,Affiliate Partner,United Kingdom,Basic,Monthly,29.0,1,22.2,0,,Active
CUST-00596,2024-07-25,2024-07-01,LinkedIn Referral,United Kingdom,Basic,Monthly,29.0,3,3.7,1,2024-08-02,Price too high
CUST-00597,2024-03-08,2024-03-01,Organic Search,United States,Enterprise,Annual,199.0,1,23.7,0,,Active
CUST-00598,2024-10-31,2024-10-01,Google Ads,United Kingdom,Pro,Annual,79.0,2,22.6,0,,Active
CUST-00599,2024-01-11,2024-01-01,Google Ads,United States,Pro,Monthly,79.0,5,15.0,1,2024-01-15,Switched to competitor
CUST-00600,2024-08-01,2024-08-01,LinkedIn Referral,Canada,Basic,Monthly,29.0,2,22.9,0,,Active
CUST-00601,2024-12-17,2024-12-01,Affiliate Partner,United Kingdom,Basic,Monthly,29.0,1,25.2,0,,Active
CUST-00602,2024-06-03,2024-06-01,LinkedIn Referral,United Kingdom,Basic,Monthly,29.0,3,12.0,1,2024-07-20,Switched to competitor
CUST-00603,2024-05-18,2024-05-01,Google Ads,United Kingdom,Basic,Annual,29.0,2,27.1,0,,Active
CUST-00604,2024-09-11,2024-09-01,Affiliate Partner,United States,Pro,Annual,79.0,2,26.8,0,,Active
CUST-00605,2024-04-13,2024-04-01,Organic Search,United States,Pro,Monthly,79.0,2,12.2,1,2024-12-12,Switched to competitor
CUST-00606,2024-02-26,2024-02-01,Google Ads,United States,Basic,Annual,29.0,5,10.8,1,2024-06-12,Switched to competitor
CUST-00607,2024-02-08,2024-02-01,Google Ads,United States,Basic,Monthly,29.0,6,4.6,1,2024-03-18,Price too high
CUST-00608,2024-11-25,2024-11-01,LinkedIn Referral,United States,Enterprise,Monthly,199.0,2,28.3,0,,Active
CUST-00609,2024-05-31,2024-05-01,LinkedIn Referral,Germany,Pro,Annual,79.0,1,26.4,0,,Active
CUST-00610,2024-02-29,2024-02-01,LinkedIn Referral,United States,Pro,Annual,79.0,1,12.5,1,2024-05-27,Customer support delays
CUST-00611,2024-03-11,2024-03-01,Organic Search,India,Pro,Monthly,79.0,0,20.3,0,,Active
CUST-00612,2024-08-21,2024-08-01,Direct,United Kingdom,Basic,Monthly,29.0,0,14.5,0,,Active
CUST-00613,2024-03-26,2024-03-01,Direct,United States,Basic,Monthly,29.0,4,6.9,1,2024-06-22,Missing key features
CUST-00614,2024-03-22,2024-03-01,Organic Search,India,Enterprise,Monthly,199.0,1,24.9,0,,Active
CUST-00615,2024-03-07,2024-03-01,LinkedIn Referral,India,Basic,Monthly,29.0,4,7.3,1,2024-07-26,Poor onboarding / low usage
CUST-00616,2024-06-09,2024-06-01,Google Ads,United Kingdom,Basic,Annual,29.0,2,12.9,1,2024-07-07,Missing key features
CUST-00617,2024-12-13,2024-12-01,Google Ads,United Kingdom,Pro,Monthly,79.0,0,29.6,0,,Active
CUST-00618,2024-10-22,2024-10-01,Google Ads,United States,Pro,Monthly,79.0,0,25.7,0,,Active
CUST-00619,2024-06-22,2024-06-01,LinkedIn Referral,United Kingdom,Pro,Monthly,79.0,1,21.0,0,,Active
CUST-00620,2024-11-24,2024-11-01,Google Ads,Germany,Enterprise,Annual,199.0,1,23.1,0,,Active
CUST-00621,2024-10-12,2024-10-01,Google Ads,India,Pro,Monthly,79.0,4,11.8,1,2024-12-17,Poor onboarding / low usage
CUST-00622,2024-09-15,2024-09-01,Google Ads,Canada,Basic,Monthly,29.0,3,2.7,1,2024-12-30,Price too high
CUST-00623,2024-06-13,2024-06-01,Direct,United States,Basic,Annual,29.0,3,10.1,1,2024-08-20,Switched to competitor
CUST-00624,2024-10-08,2024-10-01,Organic Search,Germany,Basic,Monthly,29.0,2,21.0,0,,Active
CUST-00625,2024-08-23,2024-08-01,Google Ads,United States,Pro,Monthly,79.0,3,8.0,1,2024-11-07,Customer support delays
CUST-00626,2024-08-16,2024-08-01,Direct,Germany,Basic,Monthly,29.0,1,10.2,1,2024-11-27,Switched to competitor
CUST-00627,2024-07-30,2024-07-01,Google Ads,United States,Pro,Monthly,79.0,2,6.2,1,2024-08-17,Price too high
CUST-00628,2024-01-01,2024-01-01,LinkedIn Referral,United Kingdom,Pro,Monthly,79.0,1,28.8,0,,Active
CUST-00629,2024-06-18,2024-06-01,Google Ads,United Kingdom,Enterprise,Monthly,199.0,2,28.9,0,,Active
CUST-00630,2024-04-23,2024-04-01,Direct,Canada,Pro,Monthly,79.0,4,13.0,1,2024-05-05,Poor onboarding / low usage
CUST-00631,2024-11-20,2024-11-01,Organic Search,United States,Basic,Annual,29.0,2,26.0,0,,Active
CUST-00632,2024-09-24,2024-09-01,Google Ads,United States,Basic,Annual,29.0,2,26.8,0,,Active
CUST-00633,2024-07-28,2024-07-01,LinkedIn Referral,United States,Basic,Monthly,29.0,5,11.4,1,2024-08-17,Price too high
CUST-00634,2024-04-10,2024-04-01,Direct,United States,Basic,Monthly,29.0,6,5.9,1,2024-10-21,Customer support delays
CUST-00635,2024-01-24,2024-01-01,Google Ads,United States,Basic,Annual,29.0,3,3.5,1,2024-12-03,Switched to competitor
CUST-00636,2024-10-26,2024-10-01,Direct,India,Basic,Monthly,29.0,0,23.3,0,,Active
CUST-00637,2024-03-31,2024-03-01,Google Ads,United Kingdom,Enterprise,Monthly,199.0,3,22.7,0,,Active
CUST-00638,2024-12-20,2024-12-01,LinkedIn Referral,United States,Basic,Monthly,29.0,3,20.2,0,,Active
CUST-00639,2024-05-20,2024-05-01,Affiliate Partner,United Kingdom,Enterprise,Monthly,199.0,2,21.6,0,,Active
CUST-00640,2024-12-25,2024-12-01,LinkedIn Referral,United States,Pro,Monthly,79.0,4,21.8,0,,Active
CUST-00641,2024-06-09,2024-06-01,Google Ads,United States,Basic,Monthly,29.0,2,31.1,0,,Active
CUST-00642,2024-12-10,2024-12-01,Organic Search,Germany,Basic,Annual,29.0,1,22.2,0,,Active
CUST-00643,2024-12-29,2024-12-01,Google Ads,United Kingdom,Pro,Monthly,79.0,2,21.8,0,,Active
CUST-00644,2024-04-01,2024-04-01,Google Ads,United Kingdom,Basic,Annual,29.0,2,12.8,0,,Active
CUST-00645,2024-09-30,2024-09-01,Direct,India,Basic,Monthly,29.0,2,18.0,0,,Active
CUST-00646,2024-01-13,2024-01-01,Direct,United States,Enterprise,Monthly,199.0,2,23.6,0,,Active
CUST-00647,2024-07-02,2024-07-01,Organic Search,United States,Pro,Monthly,79.0,1,23.2,0,,Active
CUST-00648,2024-10-14,2024-10-01,Direct,Germany,Basic,Monthly,29.0,0,19.9,0,,Active
CUST-00649,2024-12-22,2024-12-01,Direct,Germany,Basic,Monthly,29.0,0,19.5,0,,Active
CUST-00650,2024-12-06,2024-12-01,LinkedIn Referral,Germany,Pro,Monthly,79.0,2,11.1,1,2024-12-19,Poor onboarding / low usage
CUST-00651,2024-07-17,2024-07-01,Direct,United States,Pro,Monthly,79.0,3,7.9,1,2024-12-08,Price too high
CUST-00652,2024-05-08,2024-05-01,Google Ads,United States,Pro,Annual,79.0,0,25.5,0,,Active
CUST-00653,2024-10-28,2024-10-01,Google Ads,Germany,Pro,Monthly,79.0,1,29.6,0,,Active
CUST-00654,2024-04-09,2024-04-01,Affiliate Partner,United States,Enterprise,Monthly,199.0,4,22.0,0,,Active
CUST-00655,2024-03-07,2024-03-01,Direct,India,Pro,Monthly,79.0,3,8.7,1,2024-05-21,Poor onboarding / low usage
CUST-00656,2024-12-29,2024-12-01,Organic Search,United Kingdom,Basic,Annual,29.0,0,19.8,0,,Active
CUST-00657,2024-01-21,2024-01-01,Google Ads,United States,Pro,Annual,79.0,1,1.0,1,2024-04-11,Missing key features
CUST-00658,2024-11-11,2024-11-01,Organic Search,United States,Pro,Monthly,79.0,2,32.9,0,,Active
CUST-00659,2024-10-20,2024-10-01,LinkedIn Referral,United States,Enterprise,Monthly,199.0,0,24.6,0,,Active
CUST-00660,2024-09-26,2024-09-01,Google Ads,United Kingdom,Basic,Annual,29.0,4,10.4,1,2024-12-12,Poor onboarding / low usage
CUST-00661,2024-03-22,2024-03-01,Organic Search,United Kingdom,Basic,Monthly,29.0,2,10.5,1,2024-05-29,Poor onboarding / low usage
CUST-00662,2024-04-19,2024-04-01,Google Ads,Germany,Basic,Monthly,29.0,2,23.0,0,,Active
CUST-00663,2024-02-28,2024-02-01,LinkedIn Referral,United States,Pro,Annual,79.0,0,25.5,0,,Active
CUST-00664,2024-10-03,2024-10-01,Google Ads,United States,Basic,Monthly,29.0,4,12.3,1,2024-11-19,Poor onboarding / low usage
CUST-00665,2024-07-10,2024-07-01,Direct,United Kingdom,Basic,Annual,29.0,2,25.6,0,,Active
CUST-00666,2024-02-12,2024-02-01,Organic Search,United States,Basic,Monthly,29.0,3,9.4,1,2024-06-14,Price too high
CUST-00667,2024-04-17,2024-04-01,Google Ads,Canada,Basic,Monthly,29.0,1,10.1,1,2024-09-02,Switched to competitor
CUST-00668,2024-12-25,2024-12-01,Organic Search,United States,Basic,Annual,29.0,1,16.7,0,,Active
CUST-00669,2024-08-10,2024-08-01,Google Ads,United Kingdom,Pro,Monthly,79.0,1,30.2,0,,Active
CUST-00670,2024-06-18,2024-06-01,Google Ads,United Kingdom,Basic,Monthly,29.0,5,6.5,1,2024-06-21,Price too high
CUST-00671,2024-01-28,2024-01-01,Direct,United States,Basic,Monthly,29.0,6,12.2,1,2024-04-24,Price too high
CUST-00672,2024-04-26,2024-04-01,Direct,United States,Pro,Monthly,79.0,0,13.3,1,2024-12-16,Price too high
CUST-00673,2024-11-12,2024-11-01,Direct,India,Pro,Monthly,79.0,2,9.2,1,2024-12-06,Switched to competitor
CUST-00674,2024-10-26,2024-10-01,Google Ads,United States,Basic,Monthly,29.0,4,14.6,1,2024-11-23,Customer support delays
CUST-00675,2024-02-07,2024-02-01,Affiliate Partner,Germany,Basic,Monthly,29.0,4,5.5,1,2024-11-09,Switched to competitor
CUST-00676,2024-09-30,2024-09-01,Affiliate Partner,United States,Basic,Monthly,29.0,1,26.2,0,,Active
CUST-00677,2024-05-31,2024-05-01,Organic Search,United States,Enterprise,Monthly,199.0,0,25.1,0,,Active
CUST-00678,2024-10-10,2024-10-01,Google Ads,India,Pro,Monthly,79.0,2,6.1,1,2024-12-28,Missing key features
CUST-00679,2024-11-01,2024-11-01,Organic Search,United States,Basic,Annual,29.0,0,26.8,0,,Active
CUST-00680,2024-02-13,2024-02-01,Google Ads,United States,Basic,Monthly,29.0,4,27.0,0,,Active
CUST-00681,2024-04-02,2024-04-01,Google Ads,India,Basic,Monthly,29.0,3,4.1,1,2024-06-26,Missing key features
CUST-00682,2024-10-08,2024-10-01,Google Ads,United Kingdom,Basic,Monthly,29.0,2,17.8,0,,Active
CUST-00683,2024-02-04,2024-02-01,Google Ads,United States,Basic,Monthly,29.0,3,4.6,1,2024-10-08,Poor onboarding / low usage
CUST-00684,2024-06-11,2024-06-01,Direct,Germany,Basic,Monthly,29.0,2,25.7,0,,Active
CUST-00685,2024-08-07,2024-08-01,Organic Search,India,Pro,Monthly,79.0,3,31.2,0,,Active
CUST-00686,2024-05-21,2024-05-01,Affiliate Partner,United Kingdom,Basic,Annual,29.0,1,25.7,0,,Active
CUST-00687,2024-03-30,2024-03-01,Organic Search,United States,Basic,Monthly,29.0,5,7.5,1,2024-05-08,Switched to competitor
CUST-00688,2024-03-12,2024-03-01,Direct,India,Pro,Annual,79.0,0,25.3,0,,Active
CUST-00689,2024-10-29,2024-10-01,Google Ads,United Kingdom,Basic,Annual,29.0,4,6.7,1,2024-12-07,Price too high
CUST-00690,2024-10-05,2024-10-01,Affiliate Partner,United Kingdom,Pro,Monthly,79.0,0,26.2,0,,Active
CUST-00691,2024-03-17,2024-03-01,Organic Search,India,Basic,Annual,29.0,1,26.6,0,,Active
CUST-00692,2024-11-10,2024-11-01,Google Ads,India,Enterprise,Monthly,199.0,0,24.0,0,,Active
CUST-00693,2024-03-12,2024-03-01,LinkedIn Referral,United States,Pro,Monthly,79.0,2,16.2,0,,Active
CUST-00694,2024-02-02,2024-02-01,Organic Search,United Kingdom,Pro,Monthly,79.0,5,4.4,1,2024-10-20,Switched to competitor
CUST-00695,2024-06-14,2024-06-01,LinkedIn Referral,United States,Pro,Monthly,79.0,1,24.0,0,,Active
CUST-00696,2024-07-11,2024-07-01,Organic Search,United States,Basic,Monthly,29.0,2,26.8,0,,Active
CUST-00697,2024-04-24,2024-04-01,LinkedIn Referral,United States,Basic,Monthly,29.0,1,29.9,0,,Active
CUST-00698,2024-02-09,2024-02-01,Affiliate Partner,United States,Basic,Monthly,29.0,2,13.4,1,2024-04-15,Customer support delays
CUST-00699,2024-07-04,2024-07-01,Organic Search,United States,Pro,Annual,79.0,4,24.3,0,,Active
CUST-00700,2024-12-11,2024-12-01,Google Ads,United Kingdom,Basic,Monthly,29.0,1,21.6,0,,Active
CUST-00701,2024-04-17,2024-04-01,Organic Search,India,Pro,Monthly,79.0,2,25.4,0,,Active
CUST-00702,2024-03-16,2024-03-01,Organic Search,United States,Basic,Monthly,29.0,4,11.8,1,2024-03-25,Missing key features
CUST-00703,2024-04-02,2024-04-01,Organic Search,Germany,Pro,Annual,79.0,1,21.8,0,,Active
CUST-00704,2024-11-06,2024-11-01,Affiliate Partner,Germany,Enterprise,Monthly,199.0,1,16.9,0,,Active
CUST-00705,2024-03-28,2024-03-01,Affiliate Partner,United States,Basic,Monthly,29.0,1,7.0,1,2024-06-15,Customer support delays
CUST-00706,2024-04-03,2024-04-01,Google Ads,United States,Basic,Annual,29.0,3,12.4,1,2024-10-13,Poor onboarding / low usage
CUST-00707,2024-07-16,2024-07-01,Google Ads,United States,Basic,Annual,29.0,7,4.2,1,2024-09-01,Poor onboarding / low usage
CUST-00708,2024-09-15,2024-09-01,Google Ads,United Kingdom,Basic,Monthly,29.0,1,25.0,0,,Active
CUST-00709,2024-11-10,2024-11-01,Organic Search,United Kingdom,Enterprise,Monthly,199.0,0,29.3,0,,Active
CUST-00710,2024-09-29,2024-09-01,Direct,United States,Basic,Annual,29.0,0,25.2,0,,Active
CUST-00711,2024-11-04,2024-11-01,LinkedIn Referral,United States,Basic,Monthly,29.0,4,5.1,1,2024-12-29,Price too high
CUST-00712,2024-12-13,2024-12-01,Direct,Germany,Pro,Annual,79.0,4,24.8,0,,Active
CUST-00713,2024-09-24,2024-09-01,Google Ads,United Kingdom,Basic,Monthly,29.0,2,24.3,0,,Active
CUST-00714,2024-09-03,2024-09-01,Direct,United States,Basic,Monthly,29.0,1,18.9,0,,Active
CUST-00715,2024-12-22,2024-12-01,Organic Search,United States,Enterprise,Monthly,199.0,1,27.3,0,,Active
CUST-00716,2024-08-05,2024-08-01,Google Ads,United States,Basic,Monthly,29.0,5,5.5,1,2024-08-21,Price too high
CUST-00717,2024-04-29,2024-04-01,Affiliate Partner,India,Pro,Monthly,79.0,4,10.7,1,2024-06-18,Price too high
CUST-00718,2024-10-05,2024-10-01,Google Ads,United States,Enterprise,Monthly,199.0,3,22.0,0,,Active
CUST-00719,2024-01-04,2024-01-01,Direct,Canada,Basic,Monthly,29.0,7,4.7,1,2024-03-25,Price too high
CUST-00720,2024-04-15,2024-04-01,Organic Search,United Kingdom,Basic,Monthly,29.0,1,24.5,0,,Active
CUST-00721,2024-05-21,2024-05-01,Organic Search,United States,Pro,Monthly,79.0,1,21.4,0,,Active
CUST-00722,2024-06-06,2024-06-01,Google Ads,United Kingdom,Basic,Monthly,29.0,4,3.7,1,2024-11-11,Missing key features
CUST-00723,2024-08-16,2024-08-01,Google Ads,India,Basic,Monthly,29.0,6,4.5,1,2024-11-01,Customer support delays
CUST-00724,2024-07-24,2024-07-01,Organic Search,United States,Basic,Annual,29.0,4,15.1,1,2024-12-04,Switched to competitor
CUST-00725,2024-11-21,2024-11-01,Google Ads,United States,Enterprise,Monthly,199.0,4,8.6,1,2024-11-24,Switched to competitor
CUST-00726,2024-03-15,2024-03-01,Direct,United States,Enterprise,Annual,199.0,1,20.2,0,,Active
CUST-00727,2024-05-26,2024-05-01,Google Ads,Germany,Basic,Monthly,29.0,2,22.9,0,,Active
CUST-00728,2024-09-22,2024-09-01,Organic Search,India,Basic,Annual,29.0,3,1.0,1,2024-11-11,Missing key features
CUST-00729,2024-09-18,2024-09-01,LinkedIn Referral,United Kingdom,Pro,Monthly,79.0,3,8.1,1,2024-12-25,Customer support delays
CUST-00730,2024-12-01,2024-12-01,Affiliate Partner,United States,Basic,Annual,29.0,4,14.0,1,2024-12-07,Poor onboarding / low usage
CUST-00731,2024-02-14,2024-02-01,Google Ads,United States,Basic,Monthly,29.0,3,13.2,1,2024-09-14,Switched to competitor
CUST-00732,2024-10-08,2024-10-01,Affiliate Partner,Germany,Basic,Monthly,29.0,0,21.4,0,,Active
CUST-00733,2024-06-27,2024-06-01,Google Ads,United States,Pro,Monthly,79.0,3,13.4,1,2024-12-30,Price too high
CUST-00734,2024-07-27,2024-07-01,LinkedIn Referral,United States,Enterprise,Monthly,199.0,1,34.9,0,,Active
CUST-00735,2024-05-11,2024-05-01,Organic Search,United States,Pro,Monthly,79.0,1,28.6,0,,Active
CUST-00736,2024-08-22,2024-08-01,Organic Search,Germany,Pro,Monthly,79.0,2,26.9,0,,Active
CUST-00737,2024-07-14,2024-07-01,LinkedIn Referral,United States,Basic,Monthly,29.0,5,27.6,0,,Active
CUST-00738,2024-09-21,2024-09-01,Affiliate Partner,India,Basic,Monthly,29.0,1,20.6,0,,Active
CUST-00739,2024-07-23,2024-07-01,Google Ads,Germany,Basic,Annual,29.0,2,7.5,1,2024-09-27,Switched to competitor
CUST-00740,2024-08-31,2024-08-01,Google Ads,Canada,Basic,Monthly,29.0,2,30.0,0,,Active
CUST-00741,2024-04-07,2024-04-01,Google Ads,Canada,Basic,Monthly,29.0,4,18.1,0,,Active
CUST-00742,2024-02-24,2024-02-01,Organic Search,United States,Basic,Monthly,29.0,5,5.4,1,2024-04-16,Switched to competitor
CUST-00743,2024-09-09,2024-09-01,Google Ads,United States,Pro,Annual,79.0,3,9.5,1,2024-12-24,Customer support delays
CUST-00744,2024-07-09,2024-07-01,Google Ads,United States,Basic,Monthly,29.0,2,28.2,0,,Active
CUST-00745,2024-09-18,2024-09-01,Organic Search,United Kingdom,Pro,Monthly,79.0,9,1.0,1,,
CUST-00746,2024-08-04,2024-08-01,Direct,United States,Basic,Monthly,29.0,0,23.4,0,,Active
CUST-00747,2024-03-30,2024-03-01,Google Ads,United States,Basic,Monthly,29.0,5,3.8,1,2024-05-16,Poor onboarding / low usage
CUST-00748,2024-08-23,2024-08-01,Google Ads,Canada,Enterprise,Monthly,199.0,5,7.9,1,2024-10-14,Switched to competitor
CUST-00749,2024-04-17,2024-04-01,Google Ads,Germany,Basic,Annual,29.0,0,27.9,0,,Active
CUST-00750,2024-04-04,2024-04-01,Direct,United States,Basic,Monthly,29.0,0,24.6,0,,Active
CUST-00751,2024-04-27,2024-04-01,Direct,India,Basic,Monthly,29.0,0,19.2,0,,Active
CUST-00752,2024-01-05,2024-01-01,Organic Search,United States,Basic,Annual,29.0,2,15.8,0,,Active
CUST-00753,2024-01-31,2024-01-01,Google Ads,United Kingdom,Basic,Annual,29.0,1,24.7,0,,Active
CUST-00754,2024-12-13,2024-12-01,Google Ads,United States,Basic,Monthly,29.0,2,21.3,0,,Active
CUST-00755,2024-04-11,2024-04-01,LinkedIn Referral,United States,Enterprise,Monthly,199.0,0,26.8,0,,Active
CUST-00756,2024-02-10,2024-02-01,Google Ads,Germany,Basic,Monthly,29.0,4,5.5,1,2024-12-12,Switched to competitor
CUST-00757,2024-06-24,2024-06-01,Organic Search,United Kingdom,Enterprise,Annual,199.0,1,18.7,0,,Active
CUST-00758,2024-07-04,2024-07-01,Google Ads,United States,Pro,Monthly,79.0,0,22.8,0,,Active
CUST-00759,2024-04-30,2024-04-01,Google Ads,India,Enterprise,Monthly,199.0,2,21.7,0,,Active
CUST-00760,2024-01-14,2024-01-01,Google Ads,United States,Enterprise,Monthly,199.0,2,20.7,0,,Active
CUST-00761,2024-09-26,2024-09-01,Google Ads,United Kingdom,Pro,Monthly,79.0,4,4.1,1,2024-11-17,Switched to competitor
CUST-00762,2024-07-01,2024-07-01,Direct,United Kingdom,Basic,Annual,29.0,1,23.7,0,,Active
CUST-00763,2024-08-15,2024-08-01,Affiliate Partner,India,Pro,Monthly,79.0,2,26.2,0,,Active
CUST-00764,2024-11-21,2024-11-01,Google Ads,Germany,Basic,Monthly,29.0,0,23.3,0,,Active
CUST-00765,2024-11-23,2024-11-01,Affiliate Partner,United States,Pro,Monthly,79.0,3,25.0,0,,Active
CUST-00766,2024-06-26,2024-06-01,Google Ads,United States,Pro,Monthly,79.0,3,9.9,1,2024-09-04,Missing key features
CUST-00767,2024-07-06,2024-07-01,Organic Search,United Kingdom,Basic,Monthly,29.0,2,11.1,1,2024-09-21,Poor onboarding / low usage
CUST-00768,2024-03-10,2024-03-01,Affiliate Partner,India,Basic,Monthly,29.0,1,8.4,1,2024-05-25,Switched to competitor
CUST-00769,2024-09-01,2024-09-01,Direct,United States,Basic,Monthly,29.0,4,22.8,0,,Active
CUST-00770,2024-01-04,2024-01-01,Google Ads,India,Pro,Monthly,79.0,1,8.6,1,2024-10-21,Switched to competitor
CUST-00771,2024-05-02,2024-05-01,Google Ads,United States,Basic,Annual,29.0,1,29.0,0,,Active
CUST-00772,2024-04-06,2024-04-01,Google Ads,United States,Basic,Monthly,29.0,5,8.3,1,2024-12-04,Missing key features
CUST-00773,2024-09-30,2024-09-01,Direct,United States,Basic,Monthly,29.0,5,16.3,1,2024-10-04,Price too high
CUST-00774,2024-05-24,2024-05-01,Affiliate Partner,United States,Pro,Monthly,79.0,3,26.4,0,,Active
CUST-00775,2024-09-12,2024-09-01,Google Ads,United Kingdom,Enterprise,Monthly,199.0,2,25.3,0,,Active
CUST-00776,2024-03-15,2024-03-01,Google Ads,India,Enterprise,Annual,199.0,3,23.4,0,,Active
CUST-00777,2024-05-07,2024-05-01,LinkedIn Referral,United States,Basic,Monthly,29.0,3,2.8,1,2024-11-25,Price too high
CUST-00778,2024-04-16,2024-04-01,Organic Search,United Kingdom,Pro,Monthly,79.0,4,8.3,1,2024-10-01,Switched to competitor
CUST-00779,2024-09-23,2024-09-01,LinkedIn Referral,United Kingdom,Basic,Monthly,29.0,0,25.4,0,,Active
CUST-00780,2024-01-27,2024-01-01,Google Ads,United States,Pro,Annual,79.0,2,10.2,1,2024-10-25,Price too high
CUST-00781,2024-10-24,2024-10-01,Google Ads,Canada,Pro,Monthly,79.0,0,23.6,0,,Active
CUST-00782,2024-07-09,2024-07-01,LinkedIn Referral,India,Basic,Monthly,29.0,3,28.4,0,,Active
CUST-00783,2024-11-16,2024-11-01,LinkedIn Referral,United Kingdom,Enterprise,Monthly,199.0,2,21.4,0,,Active
CUST-00784,2024-03-19,2024-03-01,Google Ads,United States,Enterprise,Monthly,199.0,2,24.4,0,,Active
CUST-00785,2024-12-18,2024-12-01,Organic Search,Germany,Enterprise,Monthly,199.0,1,21.5,0,,Active
CUST-00786,2024-03-09,2024-03-01,Direct,Germany,Pro,Monthly,79.0,5,11.7,1,2024-05-01,Switched to competitor
CUST-00787,2024-08-12,2024-08-01,Affiliate Partner,United Kingdom,Basic,Monthly,29.0,2,30.3,0,,Active
CUST-00788,2024-06-14,2024-06-01,LinkedIn Referral,United States,Enterprise,Monthly,199.0,1,28.3,0,,Active
CUST-00789,2024-05-31,2024-05-01,Organic Search,India,Basic,Monthly,29.0,0,25.5,0,,Active
CUST-00790,2024-07-05,2024-07-01,Affiliate Partner,United States,Pro,Monthly,79.0,3,24.5,0,,Active
CUST-00791,2024-09-25,2024-09-01,Direct,United Kingdom,Basic,Monthly,29.0,4,3.9,1,2024-12-04,Missing key features
CUST-00792,2024-06-14,2024-06-01,Affiliate Partner,Canada,Enterprise,Monthly,199.0,0,25.0,0,,Active
CUST-00793,2024-01-17,2024-01-01,Organic Search,United States,Enterprise,Monthly,199.0,1,29.5,0,,Active
CUST-00794,2024-04-16,2024-04-01,Organic Search,United States,Basic,Monthly,29.0,0,22.5,0,,Active
CUST-00795,2024-12-28,2024-12-01,LinkedIn Referral,United Kingdom,Pro,Annual,79.0,2,22.9,0,,Active
CUST-00796,2024-11-11,2024-11-01,Affiliate Partner,Canada,Enterprise,Monthly,199.0,2,21.5,0,,Active
CUST-00797,2024-02-06,2024-02-01,Organic Search,United States,Pro,Monthly,79.0,3,29.6,0,,Active
CUST-00798,2024-10-12,2024-10-01,Direct,United States,Pro,Monthly,79.0,0,23.4,0,,Active
CUST-00799,2024-11-22,2024-11-01,LinkedIn Referral,India,Basic,Annual,29.0,2,23.4,0,,Active
CUST-00800,2024-12-25,2024-12-01,Organic Search,United States,Basic,Monthly,29.0,1,27.1,0,,Active
CUST-00801,2024-02-23,2024-02-01,Google Ads,Germany,Basic,Annual,29.0,0,22.7,0,,Active
CUST-00802,2024-07-09,2024-07-01,Organic Search,United States,Basic,Annual,29.0,1,19.6,0,,Active
CUST-00803,2024-07-11,2024-07-01,Organic Search,India,Basic,Monthly,29.0,3,25.9,0,,Active
CUST-00804,2024-01-18,2024-01-01,Google Ads,United Kingdom,Pro,Monthly,79.0,3,4.2,1,2024-10-11,Customer support delays
CUST-00805,2024-12-19,2024-12-01,Organic Search,United States,Enterprise,Monthly,199.0,1,20.9,0,,Active
CUST-00806,2024-10-10,2024-10-01,Organic Search,United States,Enterprise,Monthly,199.0,3,25.9,0,,Active
CUST-00807,2024-02-18,2024-02-01,Google Ads,Canada,Pro,Monthly,79.0,2,5.3,1,2024-03-01,Switched to competitor
CUST-00808,2024-03-20,2024-03-01,Direct,United States,Pro,Monthly,79.0,1,32.4,0,,Active
CUST-00809,2024-09-04,2024-09-01,Google Ads,United States,Pro,Monthly,79.0,1,15.8,0,,Active
CUST-00810,2024-02-18,2024-02-01,Google Ads,United States,Basic,Monthly,29.0,5,9.3,1,2024-06-19,Switched to competitor
CUST-00811,2024-06-20,2024-06-01,Organic Search,United Kingdom,Pro,Annual,79.0,1,36.9,0,,Active
CUST-00812,2024-11-04,2024-11-01,Google Ads,Germany,Enterprise,Annual,199.0,0,23.5,0,,Active
CUST-00813,2024-11-19,2024-11-01,Affiliate Partner,Germany,Basic,Monthly,29.0,2,35.3,0,,Active
CUST-00814,2024-01-22,2024-01-01,Google Ads,India,Pro,Monthly,79.0,0,23.6,0,,Active
CUST-00815,2024-07-20,2024-07-01,LinkedIn Referral,United States,Basic,Monthly,29.0,2,19.5,0,,Active
CUST-00816,2024-07-23,2024-07-01,Direct,United Kingdom,Pro,Monthly,79.0,0,23.4,0,,Active
CUST-00817,2024-11-29,2024-11-01,Direct,United States,Basic,Monthly,29.0,0,25.1,0,,Active
CUST-00818,2024-09-25,2024-09-01,Google Ads,United States,Basic,Annual,29.0,1,13.6,1,2024-11-19,Missing key features
CUST-00819,2024-08-08,2024-08-01,LinkedIn Referral,United Kingdom,Basic,Monthly,29.0,5,11.1,1,2024-10-29,Price too high
CUST-00820,2024-07-30,2024-07-01,Organic Search,United Kingdom,Basic,Monthly,29.0,4,6.0,1,2024-12-07,Price too high
CUST-00821,2024-03-27,2024-03-01,Organic Search,United States,Basic,Monthly,29.0,3,7.6,1,2024-09-20,Missing key features
CUST-00822,2024-04-29,2024-04-01,Google Ads,United States,Basic,Monthly,29.0,3,9.1,1,2024-08-29,Price too high
CUST-00823,2024-05-04,2024-05-01,Organic Search,United States,Pro,Monthly,79.0,6,5.3,1,2024-09-24,Switched to competitor
CUST-00824,2024-02-26,2024-02-01,Organic Search,United States,Enterprise,Monthly,199.0,1,21.2,0,,Active
CUST-00825,2024-12-08,2024-12-01,Affiliate Partner,Germany,Pro,Monthly,79.0,2,7.9,1,2024-12-27,Poor onboarding / low usage
CUST-00826,2024-12-05,2024-12-01,LinkedIn Referral,United States,Enterprise,Monthly,199.0,1,14.4,0,,Active
CUST-00827,2024-05-10,2024-05-01,Organic Search,United Kingdom,Basic,Monthly,29.0,4,11.4,1,2024-09-28,Switched to competitor
CUST-00828,2024-01-05,2024-01-01,Affiliate Partner,United States,Basic,Annual,29.0,4,1.0,1,2024-01-27,Price too high
CUST-00829,2024-05-18,2024-05-01,Organic Search,Canada,Basic,Monthly,29.0,3,9.2,1,2024-08-26,Missing key features
CUST-00830,2024-11-28,2024-11-01,Affiliate Partner,United States,Basic,Annual,29.0,0,20.9,0,,Active
CUST-00831,2024-09-17,2024-09-01,Organic Search,United Kingdom,Pro,Monthly,79.0,1,29.5,0,,Active
CUST-00832,2024-09-29,2024-09-01,LinkedIn Referral,United States,Basic,Monthly,29.0,6,17.1,1,2024-10-06,Price too high
CUST-00833,2024-09-13,2024-09-01,Google Ads,United States,Pro,Annual,79.0,2,10.3,1,2024-12-29,Price too high
CUST-00834,2024-06-05,2024-06-01,Direct,United States,Pro,Monthly,79.0,2,27.9,0,,Active
CUST-00835,2024-09-13,2024-09-01,Organic Search,United Kingdom,Pro,Monthly,79.0,5,10.9,1,2024-10-22,Missing key features
CUST-00836,2024-07-17,2024-07-01,Google Ads,Germany,Basic,Monthly,29.0,5,1.0,1,2024-10-03,Missing key features
CUST-00837,2024-05-23,2024-05-01,Google Ads,United Kingdom,Pro,Monthly,79.0,2,26.2,0,,Active
CUST-00838,2024-12-17,2024-12-01,LinkedIn Referral,India,Basic,Annual,29.0,0,22.9,0,,Active
CUST-00839,2024-05-03,2024-05-01,Google Ads,Canada,Basic,Monthly,29.0,4,2.2,1,2024-10-21,Price too high
CUST-00840,2024-03-11,2024-03-01,Google Ads,United States,Basic,Annual,29.0,1,29.1,0,,Active
CUST-00841,2024-12-01,2024-12-01,Organic Search,United States,Pro,Annual,79.0,2,26.4,0,,Active
CUST-00842,2024-03-21,2024-03-01,Organic Search,Germany,Enterprise,Monthly,199.0,3,21.1,0,,Active
CUST-00843,2024-07-29,2024-07-01,Google Ads,Canada,Pro,Monthly,79.0,1,16.6,0,,Active
CUST-00844,2024-04-06,2024-04-01,Organic Search,United States,Basic,Monthly,29.0,3,5.9,1,2024-04-12,Switched to competitor
CUST-00845,2024-01-14,2024-01-01,Google Ads,United States,Pro,Annual,79.0,3,23.1,0,,Active
CUST-00846,2024-12-30,2024-12-01,LinkedIn Referral,Germany,Pro,Monthly,79.0,1,24.9,0,,Active
CUST-00847,2024-04-04,2024-04-01,LinkedIn Referral,India,Basic,Annual,29.0,6,17.5,1,2024-08-27,Missing key features
CUST-00848,2024-01-08,2024-01-01,Organic Search,United States,Pro,Monthly,79.0,1,26.9,0,,Active
CUST-00849,2024-05-06,2024-05-01,Affiliate Partner,United States,Enterprise,Monthly,199.0,3,20.2,0,,Active
CUST-00850,2024-10-01,2024-10-01,Google Ads,Canada,Pro,Monthly,79.0,1,29.7,0,,Active
CUST-00851,2024-09-23,2024-09-01,Google Ads,United Kingdom,Pro,Monthly,79.0,1,19.3,0,,Active
CUST-00852,2024-05-05,2024-05-01,Organic Search,United States,Enterprise,Monthly,199.0,3,21.9,0,,Active
CUST-00853,2024-07-22,2024-07-01,Direct,United States,Pro,Annual,79.0,0,23.8,0,,Active
CUST-00854,2024-12-19,2024-12-01,Direct,United Kingdom,Pro,Monthly,79.0,0,21.0,0,,Active
CUST-00855,2024-03-13,2024-03-01,Affiliate Partner,United States,Pro,Annual,79.0,0,22.1,0,,Active
CUST-00856,2024-01-13,2024-01-01,LinkedIn Referral,United States,Pro,Monthly,79.0,2,25.4,0,,Active
CUST-00857,2024-08-18,2024-08-01,LinkedIn Referral,United States,Pro,Monthly,79.0,1,18.4,0,,Active
CUST-00858,2024-11-09,2024-11-01,LinkedIn Referral,United States,Enterprise,Annual,199.0,0,22.7,0,,Active
CUST-00859,2024-07-13,2024-07-01,LinkedIn Referral,United States,Basic,Monthly,29.0,3,8.3,1,2024-07-19,Missing key features
CUST-00860,2024-06-20,2024-06-01,LinkedIn Referral,United States,Basic,Monthly,29.0,5,15.5,1,2024-09-16,Price too high
CUST-00861,2024-03-15,2024-03-01,Affiliate Partner,United States,Enterprise,Monthly,199.0,2,29.8,0,,Active
CUST-00862,2024-11-14,2024-11-01,Google Ads,United States,Pro,Monthly,79.0,3,17.0,1,2024-12-30,Price too high
CUST-00863,2024-09-12,2024-09-01,Google Ads,United States,Enterprise,Monthly,199.0,3,2.3,1,2024-10-28,Price too high
CUST-00864,2024-05-01,2024-05-01,Organic Search,United States,Enterprise,Annual,199.0,4,6.7,1,2024-10-16,Missing key features
CUST-00865,2024-05-22,2024-05-01,Affiliate Partner,Canada,Basic,Monthly,29.0,2,17.2,1,2024-08-25,Price too high
CUST-00866,2024-01-29,2024-01-01,LinkedIn Referral,United States,Enterprise,Monthly,199.0,1,20.7,0,,Active
CUST-00867,2024-12-20,2024-12-01,Organic Search,India,Pro,Annual,79.0,1,28.4,0,,Active
CUST-00868,2024-10-20,2024-10-01,Google Ads,United Kingdom,Basic,Monthly,29.0,1,27.2,0,,Active
CUST-00869,2024-10-23,2024-10-01,Google Ads,United States,Basic,Monthly,29.0,3,17.4,1,2024-12-17,Missing key features
CUST-00870,2024-06-02,2024-06-01,LinkedIn Referral,United States,Pro,Monthly,79.0,4,15.7,1,2024-11-15,Price too high
CUST-00871,2024-03-09,2024-03-01,Google Ads,United States,Basic,Monthly,29.0,7,9.0,1,2024-04-06,Price too high
CUST-00872,2024-05-20,2024-05-01,Google Ads,United States,Pro,Monthly,79.0,3,12.1,1,2024-10-06,Customer support delays
CUST-00873,2024-11-18,2024-11-01,Affiliate Partner,United States,Pro,Monthly,79.0,0,27.7,0,,Active
CUST-00874,2024-12-18,2024-12-01,Google Ads,United States,Basic,Monthly,29.0,1,20.0,0,,Active
CUST-00875,2024-12-27,2024-12-01,Google Ads,Canada,Basic,Annual,29.0,2,26.6,0,,Active
CUST-00876,2024-11-07,2024-11-01,Organic Search,United States,Basic,Monthly,29.0,2,27.1,0,,Active
CUST-00877,2024-10-21,2024-10-01,Organic Search,United States,Pro,Annual,79.0,0,20.5,0,,Active
CUST-00878,2024-10-15,2024-10-01,LinkedIn Referral,Germany,Enterprise,Monthly,199.0,1,23.2,0,,Active
CUST-00879,2024-04-02,2024-04-01,LinkedIn Referral,United States,Enterprise,Monthly,199.0,2,21.4,0,,Active
CUST-00880,2024-11-11,2024-11-01,Organic Search,United Kingdom,Basic,Monthly,29.0,0,23.0,0,,Active
CUST-00881,2024-06-19,2024-06-01,Organic Search,India,Enterprise,Monthly,199.0,0,24.6,0,,Active
CUST-00882,2024-06-02,2024-06-01,Google Ads,Canada,Pro,Monthly,79.0,3,11.8,1,2024-08-23,Missing key features
CUST-00883,2024-06-19,2024-06-01,Organic Search,Germany,Pro,Monthly,79.0,4,6.8,1,2024-09-23,Poor onboarding / low usage
CUST-00884,2024-04-09,2024-04-01,Google Ads,United Kingdom,Enterprise,Monthly,199.0,2,22.2,0,,Active
CUST-00885,2024-10-01,2024-10-01,Direct,United Kingdom,Basic,Annual,29.0,1,32.8,0,,Active
CUST-00886,2024-01-29,2024-01-01,Google Ads,Germany,Pro,Monthly,79.0,3,21.4,0,,Active
CUST-00887,2024-01-16,2024-01-01,Affiliate Partner,India,Basic,Monthly,29.0,5,6.4,1,2024-08-09,Switched to competitor
CUST-00888,2024-06-06,2024-06-01,Affiliate Partner,United States,Basic,Annual,29.0,3,7.0,1,2024-08-19,Switched to competitor
CUST-00889,2024-02-14,2024-02-01,LinkedIn Referral,United Kingdom,Basic,Monthly,29.0,0,23.9,0,,Active
CUST-00890,2024-01-13,2024-01-01,Direct,Germany,Pro,Monthly,79.0,1,23.8,0,,Active
CUST-00891,2024-03-08,2024-03-01,Organic Search,United Kingdom,Pro,Monthly,79.0,2,1.0,1,2024-04-20,Customer support delays
CUST-00892,2024-09-24,2024-09-01,Organic Search,United Kingdom,Basic,Monthly,29.0,5,7.3,1,2024-12-21,Missing key features
CUST-00893,2024-10-31,2024-10-01,Organic Search,United States,Basic,Monthly,29.0,0,29.0,0,,Active
CUST-00894,2024-02-22,2024-02-01,Direct,Germany,Basic,Annual,29.0,3,29.6,0,,Active
CUST-00895,2024-03-01,2024-03-01,Organic Search,India,Basic,Monthly,29.0,4,10.0,1,2024-05-20,Switched to competitor
CUST-00896,2024-10-13,2024-10-01,Google Ads,United Kingdom,Pro,Annual,79.0,1,29.6,0,,Active
CUST-00897,2024-06-12,2024-06-01,Direct,Germany,Basic,Monthly,29.0,1,25.0,0,,Active
CUST-00898,2024-10-03,2024-10-01,Google Ads,United Kingdom,Basic,Monthly,29.0,0,3.1,1,2024-11-18,Price too high
CUST-00899,2024-12-11,2024-12-01,Google Ads,Canada,Enterprise,Monthly,199.0,3,22.7,0,,Active
CUST-00900,2024-07-15,2024-07-01,Organic Search,Canada,Pro,Monthly,79.0,4,8.9,1,2024-07-29,Price too high
CUST-00901,2024-07-19,2024-07-01,Google Ads,Canada,Basic,Monthly,29.0,2,26.8,0,,Active
CUST-00902,2024-06-08,2024-06-01,Organic Search,United States,Pro,Annual,79.0,0,21.1,0,,Active
CUST-00903,2024-10-17,2024-10-01,Organic Search,United Kingdom,Basic,Monthly,29.0,0,22.0,0,,Active
CUST-00904,2024-08-27,2024-08-01,Google Ads,India,Pro,Monthly,79.0,1,31.8,0,,Active
CUST-00905,2024-04-24,2024-04-01,Google Ads,United States,Pro,Monthly,79.0,0,21.4,0,,Active
CUST-00906,2024-09-06,2024-09-01,Google Ads,Canada,Pro,Monthly,79.0,3,6.4,1,2024-09-22,Poor onboarding / low usage
CUST-00907,2024-02-27,2024-02-01,Google Ads,Germany,Basic,Monthly,29.0,4,5.9,1,2024-05-22,Price too high
CUST-00908,2024-06-27,2024-06-01,Google Ads,United States,Basic,Monthly,29.0,0,6.7,1,2024-07-31,Poor onboarding / low usage
CUST-00909,2024-07-26,2024-07-01,Organic Search,United States,Pro,Monthly,79.0,1,27.0,0,,Active
CUST-00910,2024-07-24,2024-07-01,Google Ads,United States,Enterprise,Monthly,199.0,1,26.0,0,,Active
CUST-00911,2024-04-16,2024-04-01,Google Ads,United Kingdom,Pro,Monthly,79.0,3,15.5,1,,
CUST-00912,2024-10-20,2024-10-01,Affiliate Partner,United Kingdom,Basic,Monthly,29.0,1,9.9,1,2024-12-09,Missing key features
CUST-00913,2024-08-25,2024-08-01,Google Ads,Germany,Basic,Monthly,29.0,3,3.1,1,2024-10-09,Customer support delays
CUST-00914,2024-03-31,2024-03-01,Affiliate Partner,United States,Enterprise,Monthly,199.0,1,31.6,0,,Active
CUST-00915,2024-03-12,2024-03-01,Google Ads,Germany,Basic,Annual,29.0,5,8.8,1,2024-06-15,Price too high
CUST-00916,2024-12-04,2024-12-01,Organic Search,Germany,Pro,Monthly,79.0,1,21.7,0,,Active
CUST-00917,2024-09-29,2024-09-01,Google Ads,Canada,Enterprise,Monthly,199.0,2,26.5,0,,Active
CUST-00918,2024-06-11,2024-06-01,LinkedIn Referral,United States,Basic,Annual,29.0,3,24.5,0,,Active
CUST-00919,2024-02-15,2024-02-01,Affiliate Partner,Germany,Basic,Monthly,29.0,1,6.1,1,2024-08-01,Price too high
CUST-00920,2024-01-28,2024-01-01,Organic Search,United Kingdom,Basic,Monthly,29.0,6,4.1,1,2024-02-15,Price too high
CUST-00921,2024-07-02,2024-07-01,Google Ads,Germany,Basic,Monthly,29.0,6,7.0,1,2024-07-12,Price too high
CUST-00922,2024-01-16,2024-01-01,Affiliate Partner,United Kingdom,Enterprise,Monthly,199.0,3,29.9,0,,Active
CUST-00923,2024-08-01,2024-08-01,Google Ads,United Kingdom,Enterprise,Annual,199.0,1,33.1,0,,Active
CUST-00924,2024-01-09,2024-01-01,Affiliate Partner,United States,Enterprise,Monthly,199.0,0,22.6,0,,Active
CUST-00925,2024-08-20,2024-08-01,Google Ads,United States,Pro,Monthly,79.0,0,23.3,0,,Active
CUST-00926,2024-11-05,2024-11-01,Google Ads,United Kingdom,Pro,Annual,79.0,3,9.2,1,2024-11-21,Switched to competitor
CUST-00927,2024-05-01,2024-05-01,Organic Search,United States,Pro,Monthly,79.0,2,10.3,1,2024-08-31,Switched to competitor
CUST-00928,2024-10-17,2024-10-01,Google Ads,Germany,Enterprise,Monthly,199.0,2,13.8,0,,Active
CUST-00929,2024-12-19,2024-12-01,Organic Search,United States,Pro,Monthly,79.0,5,27.6,0,,Active
CUST-00930,2024-09-26,2024-09-01,Organic Search,United Kingdom,Basic,Monthly,29.0,0,24.5,0,,Active
CUST-00931,2024-02-10,2024-02-01,Google Ads,United Kingdom,Basic,Monthly,29.0,2,26.0,0,,Active
CUST-00932,2024-09-30,2024-09-01,Affiliate Partner,United States,Pro,Monthly,79.0,1,30.3,0,,Active
CUST-00933,2024-06-18,2024-06-01,Google Ads,United States,Basic,Annual,29.0,2,6.6,1,2024-11-05,Switched to competitor
CUST-00934,2024-06-04,2024-06-01,LinkedIn Referral,United States,Basic,Monthly,29.0,5,8.0,1,2024-08-19,Missing key features
CUST-00935,2024-10-23,2024-10-01,Affiliate Partner,Germany,Basic,Monthly,29.0,5,11.5,1,2024-12-02,Switched to competitor
CUST-00936,2024-11-15,2024-11-01,Direct,United States,Basic,Monthly,29.0,0,5.7,1,2024-12-01,Price too high
CUST-00937,2024-02-12,2024-02-01,Google Ads,United States,Basic,Monthly,29.0,5,8.8,1,2024-02-15,Poor onboarding / low usage
CUST-00938,2024-05-22,2024-05-01,Direct,Germany,Pro,Monthly,79.0,1,24.2,0,,Active
CUST-00939,2024-12-03,2024-12-01,Google Ads,India,Basic,Monthly,29.0,1,19.5,0,,Active
CUST-00940,2024-03-30,2024-03-01,Google Ads,United States,Basic,Monthly,29.0,2,9.0,1,2024-10-01,Customer support delays
CUST-00941,2024-10-31,2024-10-01,Organic Search,India,Basic,Monthly,29.0,3,24.2,0,,Active
CUST-00942,2024-07-30,2024-07-01,Affiliate Partner,United Kingdom,Basic,Monthly,29.0,2,27.7,0,,Active
CUST-00943,2024-06-25,2024-06-01,Organic Search,Germany,Pro,Monthly,79.0,0,13.9,1,2024-07-04,Customer support delays
CUST-00944,2024-02-29,2024-02-01,Organic Search,United States,Basic,Annual,29.0,8,9.3,1,2024-03-15,Switched to competitor
CUST-00945,2024-07-23,2024-07-01,Organic Search,United States,Enterprise,Monthly,199.0,2,22.6,0,,Active
CUST-00946,2024-07-18,2024-07-01,Organic Search,Germany,Pro,Monthly,79.0,7,9.0,1,2024-11-11,Poor onboarding / low usage
CUST-00947,2024-08-17,2024-08-01,Organic Search,United States,Basic,Monthly,29.0,3,6.2,1,,
CUST-00948,2024-11-22,2024-11-01,Google Ads,Germany,Enterprise,Monthly,199.0,1,23.8,0,,Active
CUST-00949,2024-11-08,2024-11-01,Affiliate Partner,Germany,Pro,Monthly,79.0,1,27.8,0,,Active
CUST-00950,2024-06-20,2024-06-01,LinkedIn Referral,United Kingdom,Pro,Monthly,79.0,2,23.7,0,,Active
CUST-00951,2024-12-10,2024-12-01,LinkedIn Referral,India,Basic,Monthly,29.0,2,28.0,0,,Active
CUST-00952,2024-04-09,2024-04-01,Organic Search,India,Enterprise,Monthly,199.0,3,9.5,1,2024-08-08,Price too high
CUST-00953,2024-02-04,2024-02-01,Google Ads,Canada,Basic,Monthly,29.0,0,2.1,1,2024-02-08,Poor onboarding / low usage
CUST-00954,2024-09-25,2024-09-01,Affiliate Partner,United States,Pro,Monthly,79.0,0,27.4,0,,Active
CUST-00955,2024-04-08,2024-04-01,Google Ads,United States,Basic,Annual,29.0,5,9.3,1,2024-04-28,Poor onboarding / low usage
CUST-00956,2024-02-17,2024-02-01,Organic Search,United States,Basic,Monthly,29.0,2,1.4,1,2024-03-08,Price too high
CUST-00957,2024-12-02,2024-12-01,Organic Search,United States,Basic,Monthly,29.0,0,16.6,0,,Active
CUST-00958,2024-04-21,2024-04-01,Google Ads,United Kingdom,Pro,Monthly,79.0,1,18.6,0,,Active
CUST-00959,2024-04-04,2024-04-01,Google Ads,India,Enterprise,Monthly,199.0,1,23.8,0,,Active
CUST-00960,2024-12-07,2024-12-01,Google Ads,Germany,Pro,Monthly,79.0,0,22.8,0,,Active
CUST-00961,2024-06-14,2024-06-01,Affiliate Partner,United States,Pro,Monthly,79.0,2,7.0,1,2024-09-25,Missing key features
CUST-00962,2024-06-19,2024-06-01,LinkedIn Referral,United States,Basic,Monthly,29.0,7,3.0,1,2024-10-24,Missing key features
CUST-00963,2024-11-08,2024-11-01,Google Ads,United Kingdom,Pro,Monthly,79.0,0,27.9,0,,Active
CUST-00964,2024-02-25,2024-02-01,Google Ads,Germany,Basic,Annual,29.0,6,10.7,1,2024-10-11,Poor onboarding / low usage
CUST-00965,2024-05-08,2024-05-01,Organic Search,India,Pro,Monthly,79.0,2,4.8,1,2024-06-23,Price too high
CUST-00966,2024-03-17,2024-03-01,Organic Search,United States,Enterprise,Monthly,199.0,3,11.6,1,2024-04-18,Price too high
CUST-00967,2024-12-06,2024-12-01,Organic Search,United States,Pro,Monthly,79.0,0,25.4,0,,Active
CUST-00968,2024-03-18,2024-03-01,Google Ads,United States,Basic,Annual,29.0,1,21.1,0,,Active
CUST-00969,2024-10-03,2024-10-01,Google Ads,United States,Basic,Monthly,29.0,3,26.8,0,,Active
CUST-00970,2024-09-03,2024-09-01,Google Ads,United States,Basic,Monthly,29.0,5,10.6,1,2024-09-21,Price too high
CUST-00971,2024-07-02,2024-07-01,Affiliate Partner,United States,Basic,Annual,29.0,5,11.1,1,2024-09-21,Switched to competitor
CUST-00972,2024-02-16,2024-02-01,Google Ads,United States,Pro,Monthly,79.0,1,25.7,0,,Active
CUST-00973,2024-07-18,2024-07-01,Organic Search,United States,Basic,Annual,29.0,1,23.4,0,,Active
CUST-00974,2024-03-12,2024-03-01,Affiliate Partner,United States,Basic,Monthly,29.0,6,12.8,1,2024-03-13,Switched to competitor
CUST-00975,2024-10-30,2024-10-01,Google Ads,United States,Enterprise,Monthly,199.0,0,23.0,0,,Active
CUST-00976,2024-11-25,2024-11-01,LinkedIn Referral,United States,Basic,Monthly,29.0,1,27.3,0,,Active
CUST-00977,2024-08-18,2024-08-01,LinkedIn Referral,United Kingdom,Enterprise,Monthly,199.0,3,6.5,1,2024-09-28,Switched to competitor
CUST-00978,2024-01-29,2024-01-01,Affiliate Partner,United States,Pro,Annual,79.0,2,26.9,0,,Active
CUST-00979,2024-03-13,2024-03-01,Direct,United Kingdom,Basic,Monthly,29.0,2,15.8,1,2024-05-02,Switched to competitor
CUST-00980,2024-01-24,2024-01-01,Organic Search,India,Enterprise,Monthly,199.0,6,12.9,1,2024-04-14,Price too high
CUST-00981,2024-01-26,2024-01-01,LinkedIn Referral,United States,Enterprise,Monthly,199.0,0,20.0,0,,Active
CUST-00982,2024-06-21,2024-06-01,Google Ads,United Kingdom,Basic,Monthly,29.0,2,18.6,0,,Active
CUST-00983,2024-04-19,2024-04-01,LinkedIn Referral,Germany,Basic,Monthly,29.0,2,23.4,0,,Active
CUST-00984,2024-10-24,2024-10-01,Google Ads,United States,Pro,Monthly,79.0,8,8.2,1,2024-10-28,Customer support delays
CUST-00985,2024-11-19,2024-11-01,Direct,Germany,Pro,Annual,79.0,0,24.4,0,,Active
CUST-00986,2024-01-09,2024-01-01,Organic Search,India,Basic,Monthly,29.0,2,4.8,1,2024-02-09,Switched to competitor
CUST-00987,2024-04-01,2024-04-01,Google Ads,United Kingdom,Pro,Monthly,79.0,0,24.3,0,,Active
CUST-00988,2024-05-18,2024-05-01,Google Ads,United States,Pro,Monthly,79.0,3,9.2,1,2024-09-21,Missing key features
CUST-00989,2024-09-12,2024-09-01,Organic Search,United States,Enterprise,Annual,199.0,2,18.0,0,,Active
CUST-00990,2024-08-02,2024-08-01,Affiliate Partner,United States,Pro,Monthly,79.0,6,10.4,1,2024-08-10,Switched to competitor
CUST-00991,2024-04-08,2024-04-01,Google Ads,United Kingdom,Pro,Monthly,79.0,2,2.0,1,2024-06-19,Missing key features
CUST-00992,2024-10-03,2024-10-01,Google Ads,United States,Pro,Monthly,79.0,2,27.2,0,,Active
CUST-00993,2024-04-16,2024-04-01,Affiliate Partner,United Kingdom,Pro,Monthly,79.0,0,4.5,1,,
CUST-00994,2024-07-05,2024-07-01,Direct,India,Pro,Monthly,79.0,4,14.1,1,2024-12-26,Price too high
CUST-00995,2024-01-27,2024-01-01,Direct,United States,Enterprise,Annual,199.0,2,18.7,0,,Active
CUST-00996,2024-02-26,2024-02-01,Google Ads,United Kingdom,Basic,Monthly,29.0,2,13.0,1,2024-04-20,Price too high
CUST-00997,2024-07-30,2024-07-01,Google Ads,United States,Basic,Annual,29.0,0,19.5,0,,Active
CUST-00998,2024-03-15,2024-03-01,Affiliate Partner,United Kingdom,Basic,Monthly,29.0,4,11.7,1,2024-05-26,Switched to competitor
CUST-00999,2024-03-10,2024-03-01,LinkedIn Referral,United States,Pro,Monthly,79.0,3,6.5,1,2024-08-26,Missing key features
CUST-01000,2024-01-31,2024-01-01,Direct,United States,Basic,Monthly,29.0,5,4.8,1,2024-03-16,Switched to competitor
CUST-01001,2024-08-22,2024-08-01,Google Ads,United Kingdom,Enterprise,Annual,199.0,1,26.1,0,,Active
CUST-01002,2024-11-22,2024-11-01,Organic Search,United Kingdom,Basic,Monthly,29.0,1,26.6,0,,Active
CUST-01003,2024-10-22,2024-10-01,Google Ads,India,Pro,Monthly,79.0,6,6.7,1,,
CUST-01004,2024-09-24,2024-09-01,Google Ads,Germany,Basic,Monthly,29.0,2,16.2,0,,Active
CUST-01005,2024-05-22,2024-05-01,LinkedIn Referral,United States,Basic,Monthly,29.0,3,7.5,1,2024-06-05,Missing key features
CUST-01006,2024-05-06,2024-05-01,Organic Search,Germany,Basic,Monthly,29.0,0,26.9,0,,Active
CUST-01007,2024-01-23,2024-01-01,Google Ads,United States,Pro,Monthly,79.0,5,8.8,1,2024-02-08,Missing key features
CUST-01008,2024-09-15,2024-09-01,Direct,India,Enterprise,Monthly,199.0,3,24.6,0,,Active
CUST-01009,2024-02-20,2024-02-01,Organic Search,United Kingdom,Pro,Annual,79.0,6,17.7,1,2024-06-13,Price too high
CUST-01010,2024-07-27,2024-07-01,Organic Search,United States,Enterprise,Monthly,199.0,2,23.0,0,,Active
CUST-01011,2024-06-05,2024-06-01,Organic Search,United States,Pro,Monthly,79.0,1,19.4,0,,Active
CUST-01012,2024-12-26,2024-12-01,Google Ads,Canada,Pro,Monthly,79.0,3,24.4,0,,Active
CUST-01013,2024-07-08,2024-07-01,Organic Search,Canada,Pro,Annual,79.0,2,7.4,1,2024-09-27,Price too high
CUST-01014,2024-02-06,2024-02-01,Google Ads,United States,Pro,Monthly,79.0,0,23.1,0,,Active
CUST-01015,2024-06-20,2024-06-01,Organic Search,United States,Basic,Monthly,29.0,2,11.1,1,2024-08-11,Missing key features
CUST-01016,2024-07-05,2024-07-01,Direct,United States,Pro,Monthly,79.0,1,31.8,0,,Active
CUST-01017,2024-10-13,2024-10-01,Organic Search,Germany,Pro,Monthly,79.0,2,23.2,0,,Active
CUST-01018,2024-03-11,2024-03-01,Google Ads,United Kingdom,Enterprise,Annual,199.0,0,24.2,0,,Active
CUST-01019,2024-06-29,2024-06-01,Google Ads,United Kingdom,Pro,Monthly,79.0,6,7.9,1,2024-10-09,Poor onboarding / low usage
CUST-01020,2024-06-25,2024-06-01,LinkedIn Referral,United States,Basic,Monthly,29.0,2,27.6,0,,Active
CUST-01021,2024-08-19,2024-08-01,LinkedIn Referral,Germany,Pro,Monthly,79.0,2,22.0,0,,Active
CUST-01022,2024-02-03,2024-02-01,Google Ads,United Kingdom,Basic,Monthly,29.0,2,4.3,1,2024-04-16,Poor onboarding / low usage
CUST-01023,2024-04-01,2024-04-01,Affiliate Partner,United States,Basic,Monthly,29.0,3,5.3,1,2024-06-09,Missing key features
CUST-01024,2024-02-27,2024-02-01,Google Ads,United States,Pro,Monthly,79.0,2,22.7,0,,Active
CUST-01025,2024-11-26,2024-11-01,Google Ads,United Kingdom,Basic,Monthly,29.0,6,2.7,1,2024-12-03,Switched to competitor
CUST-01026,2024-02-02,2024-02-01,Organic Search,United Kingdom,Pro,Monthly,79.0,5,6.3,1,2024-02-28,Customer support delays
CUST-01027,2024-04-28,2024-04-01,Organic Search,India,Pro,Monthly,79.0,0,27.9,0,,Active
CUST-01028,2024-10-07,2024-10-01,Google Ads,United States,Basic,Monthly,29.0,3,4.6,1,,
CUST-01029,2024-06-05,2024-06-01,Affiliate Partner,United States,Pro,Monthly,79.0,6,12.4,1,2024-11-14,Price too high
CUST-01030,2024-05-25,2024-05-01,LinkedIn Referral,Germany,Basic,Monthly,29.0,1,22.3,0,,Active
CUST-01031,2024-12-07,2024-12-01,LinkedIn Referral,Canada,Basic,Monthly,29.0,4,26.0,0,,Active
CUST-01032,2024-03-23,2024-03-01,Affiliate Partner,United States,Basic,Annual,29.0,3,11.8,1,2024-05-03,Price too high
CUST-01033,2024-10-21,2024-10-01,Affiliate Partner,Germany,Pro,Annual,79.0,1,24.7,0,,Active
CUST-01034,2024-10-14,2024-10-01,Organic Search,India,Pro,Monthly,79.0,1,17.2,0,,Active
CUST-01035,2024-03-16,2024-03-01,Google Ads,India,Basic,Monthly,29.0,3,10.9,1,2024-05-25,Missing key features
CUST-01036,2024-03-03,2024-03-01,Organic Search,United Kingdom,Enterprise,Annual,199.0,6,1.3,1,2024-09-23,Price too high
CUST-01037,2024-10-06,2024-10-01,Google Ads,United States,Basic,Monthly,29.0,0,20.0,0,,Active
CUST-01038,2024-08-30,2024-08-01,Organic Search,United States,Basic,Monthly,29.0,1,28.6,0,,Active
CUST-01039,2024-10-16,2024-10-01,Google Ads,United Kingdom,Basic,Monthly,29.0,1,21.4,0,,Active
CUST-01040,2024-02-27,2024-02-01,Organic Search,United States,Pro,Monthly,79.0,7,8.0,1,2024-12-14,Customer support delays
CUST-01041,2024-04-09,2024-04-01,Affiliate Partner,India,Basic,Monthly,29.0,3,5.7,1,2024-08-25,Price too high
CUST-01042,2024-08-16,2024-08-01,Organic Search,United States,Enterprise,Monthly,199.0,1,19.1,0,,Active
CUST-01043,2024-11-04,2024-11-01,Organic Search,United Kingdom,Basic,Monthly,29.0,1,28.3,0,,Active
CUST-01044,2024-12-07,2024-12-01,LinkedIn Referral,United States,Pro,Monthly,79.0,6,23.3,0,,Active
CUST-01045,2024-03-16,2024-03-01,Organic Search,United Kingdom,Pro,Annual,79.0,5,6.8,1,2024-06-26,Price too high
CUST-01046,2024-06-28,2024-06-01,LinkedIn Referral,India,Enterprise,Monthly,199.0,0,22.0,0,,Active
CUST-01047,2024-08-14,2024-08-01,Google Ads,United States,Basic,Monthly,29.0,0,20.3,0,,Active
CUST-01048,2024-03-12,2024-03-01,LinkedIn Referral,United Kingdom,Basic,Monthly,29.0,5,6.2,1,2024-05-21,Customer support delays
CUST-01049,2024-08-31,2024-08-01,Organic Search,United States,Pro,Monthly,79.0,0,31.5,0,,Active
CUST-01050,2024-07-11,2024-07-01,Google Ads,Germany,Pro,Monthly,79.0,2,34.1,0,,Active
CUST-01051,2024-03-11,2024-03-01,Organic Search,United States,Pro,Annual,79.0,1,28.4,0,,Active
CUST-01052,2024-01-02,2024-01-01,Google Ads,Canada,Enterprise,Monthly,199.0,6,7.8,1,2024-11-22,Customer support delays
CUST-01053,2024-05-21,2024-05-01,Organic Search,United States,Basic,Monthly,29.0,1,24.4,0,,Active
CUST-01054,2024-12-21,2024-12-01,Direct,United States,Enterprise,Monthly,199.0,3,22.4,0,,Active
CUST-01055,2024-07-10,2024-07-01,Organic Search,Germany,Pro,Annual,79.0,0,25.9,0,,Active
CUST-01056,2024-12-20,2024-12-01,Organic Search,United States,Pro,Annual,79.0,2,32.2,0,,Active
CUST-01057,2024-03-24,2024-03-01,Google Ads,United States,Basic,Monthly,29.0,3,9.7,1,2024-04-05,Switched to competitor
CUST-01058,2024-08-02,2024-08-01,Google Ads,United States,Enterprise,Annual,199.0,0,17.6,0,,Active
CUST-01059,2024-02-09,2024-02-01,Organic Search,United States,Pro,Monthly,79.0,0,21.9,0,,Active
CUST-01060,2024-12-18,2024-12-01,Google Ads,United States,Basic,Monthly,29.0,1,30.4,0,,Active
CUST-01061,2024-09-30,2024-09-01,Google Ads,Germany,Basic,Monthly,29.0,6,9.8,1,2024-12-16,Missing key features
CUST-01062,2024-05-24,2024-05-01,LinkedIn Referral,United States,Basic,Monthly,29.0,5,8.9,1,2024-09-26,Switched to competitor
CUST-01063,2024-09-14,2024-09-01,Organic Search,United States,Pro,Monthly,79.0,1,24.3,0,,Active
CUST-01064,2024-09-26,2024-09-01,Google Ads,United Kingdom,Pro,Monthly,79.0,0,23.1,0,,Active
CUST-01065,2024-08-01,2024-08-01,Organic Search,Germany,Pro,Monthly,79.0,1,21.3,0,,Active
CUST-01066,2024-06-08,2024-06-01,Google Ads,United States,Pro,Monthly,79.0,1,22.5,0,,Active
CUST-01067,2024-06-04,2024-06-01,LinkedIn Referral,India,Pro,Monthly,79.0,1,11.0,1,2024-07-01,Price too high
CUST-01068,2024-03-01,2024-03-01,Affiliate Partner,United Kingdom,Pro,Monthly,79.0,3,4.3,1,2024-09-20,Price too high
CUST-01069,2024-02-27,2024-02-01,Organic Search,United States,Pro,Monthly,79.0,4,12.6,1,2024-05-31,Switched to competitor
CUST-01070,2024-01-17,2024-01-01,Direct,United States,Basic,Annual,29.0,6,6.7,1,2024-03-21,Switched to competitor
CUST-01071,2024-05-09,2024-05-01,LinkedIn Referral,India,Basic,Monthly,29.0,3,6.5,1,2024-05-19,Price too high
CUST-01072,2024-12-07,2024-12-01,Google Ads,United Kingdom,Basic,Monthly,29.0,6,10.7,1,2024-12-11,Price too high
CUST-01073,2024-03-04,2024-03-01,Direct,India,Basic,Monthly,29.0,5,12.3,1,2024-08-29,Price too high
CUST-01074,2024-05-22,2024-05-01,Google Ads,United States,Enterprise,Monthly,199.0,1,18.9,0,,Active
CUST-01075,2024-10-23,2024-10-01,Affiliate Partner,United States,Basic,Annual,29.0,1,30.8,0,,Active
CUST-01076,2024-05-24,2024-05-01,Google Ads,United States,Basic,Annual,29.0,6,8.0,1,2024-08-16,Price too high
CUST-01077,2024-02-20,2024-02-01,LinkedIn Referral,Germany,Enterprise,Monthly,199.0,2,29.9,0,,Active
CUST-01078,2024-09-20,2024-09-01,Organic Search,United Kingdom,Enterprise,Monthly,199.0,2,23.0,0,,Active
CUST-01079,2024-02-26,2024-02-01,LinkedIn Referral,Canada,Pro,Annual,79.0,0,24.5,0,,Active
CUST-01080,2024-08-15,2024-08-01,Google Ads,United States,Pro,Monthly,79.0,1,18.6,0,,Active
CUST-01081,2024-08-31,2024-08-01,Organic Search,Canada,Pro,Monthly,79.0,2,10.8,1,2024-11-21,Customer support delays
CUST-01082,2024-09-08,2024-09-01,Affiliate Partner,Germany,Pro,Annual,79.0,1,32.0,0,,Active
CUST-01083,2024-03-02,2024-03-01,Affiliate Partner,United States,Pro,Annual,79.0,2,18.9,0,,Active
CUST-01084,2024-07-25,2024-07-01,LinkedIn Referral,Germany,Pro,Monthly,79.0,2,19.3,0,,Active
CUST-01085,2024-05-19,2024-05-01,Organic Search,Germany,Pro,Monthly,79.0,1,27.8,0,,Active
CUST-01086,2024-03-16,2024-03-01,Affiliate Partner,India,Enterprise,Monthly,199.0,1,20.9,0,,Active
CUST-01087,2024-04-01,2024-04-01,Organic Search,India,Basic,Monthly,29.0,3,8.0,1,2024-06-20,Switched to competitor
CUST-01088,2024-11-15,2024-11-01,Google Ads,United Kingdom,Basic,Monthly,29.0,4,12.7,1,2024-11-18,Poor onboarding / low usage
CUST-01089,2024-12-04,2024-12-01,Organic Search,United States,Enterprise,Monthly,199.0,1,21.2,0,,Active
CUST-01090,2024-09-09,2024-09-01,Organic Search,United States,Basic,Monthly,29.0,2,21.8,0,,Active
CUST-01091,2024-05-13,2024-05-01,Organic Search,United States,Enterprise,Monthly,199.0,5,10.6,1,2024-09-05,Missing key features
CUST-01092,2024-01-17,2024-01-01,LinkedIn Referral,United States,Pro,Monthly,79.0,1,11.6,1,2024-07-21,Poor onboarding / low usage
CUST-01093,2024-10-12,2024-10-01,Organic Search,United States,Pro,Annual,79.0,2,27.1,0,,Active
CUST-01094,2024-03-25,2024-03-01,Google Ads,United Kingdom,Basic,Annual,29.0,0,23.4,0,,Active
CUST-01095,2024-03-21,2024-03-01,Google Ads,United States,Basic,Monthly,29.0,3,5.6,1,2024-11-18,Poor onboarding / low usage
CUST-01096,2024-03-06,2024-03-01,Organic Search,Germany,Enterprise,Monthly,199.0,1,6.9,1,2024-06-25,Customer support delays
CUST-01097,2024-06-23,2024-06-01,LinkedIn Referral,United States,Basic,Monthly,29.0,5,6.4,1,2024-10-29,Price too high
CUST-01098,2024-05-06,2024-05-01,LinkedIn Referral,Germany,Pro,Monthly,79.0,6,4.1,1,2024-07-28,Missing key features
CUST-01099,2024-02-03,2024-02-01,LinkedIn Referral,United States,Basic,Annual,29.0,2,13.3,1,2024-06-24,Customer support delays
CUST-01100,2024-08-04,2024-08-01,Direct,United Kingdom,Basic,Monthly,29.0,3,24.3,0,,Active
CUST-01101,2024-06-11,2024-06-01,Google Ads,United States,Basic,Annual,29.0,1,29.8,0,,Active
CUST-01102,2024-09-14,2024-09-01,Google Ads,India,Enterprise,Annual,199.0,1,24.0,0,,Active
CUST-01103,2024-08-11,2024-08-01,Organic Search,United States,Basic,Monthly,29.0,2,11.3,1,2024-12-07,Switched to competitor
CUST-01104,2024-10-01,2024-10-01,Affiliate Partner,Germany,Enterprise,Monthly,199.0,1,27.6,0,,Active
CUST-01105,2024-10-20,2024-10-01,Google Ads,United States,Basic,Monthly,29.0,0,25.7,0,,Active
CUST-01106,2024-02-17,2024-02-01,LinkedIn Referral,United States,Enterprise,Annual,199.0,2,27.6,0,,Active
CUST-01107,2024-06-02,2024-06-01,Affiliate Partner,United States,Pro,Monthly,79.0,1,25.8,0,,Active
CUST-01108,2024-04-02,2024-04-01,Affiliate Partner,United Kingdom,Basic,Monthly,29.0,5,18.6,0,,Active
CUST-01109,2024-11-22,2024-11-01,Organic Search,United Kingdom,Basic,Annual,29.0,1,18.7,0,,Active
CUST-01110,2024-08-10,2024-08-01,Google Ads,Germany,Pro,Annual,79.0,7,10.0,1,2024-10-16,Switched to competitor
CUST-01111,2024-07-05,2024-07-01,Organic Search,United States,Enterprise,Monthly,199.0,2,24.9,0,,Active
CUST-01112,2024-02-02,2024-02-01,LinkedIn Referral,United States,Pro,Monthly,79.0,4,6.7,1,2024-11-24,Price too high
CUST-01113,2024-06-07,2024-06-01,Organic Search,Germany,Basic,Monthly,29.0,5,1.0,1,2024-10-11,Customer support delays
CUST-01114,2024-05-19,2024-05-01,Google Ads,United States,Basic,Monthly,29.0,1,25.0,0,,Active
CUST-01115,2024-01-11,2024-01-01,Google Ads,United States,Pro,Monthly,79.0,0,10.0,1,2024-01-14,Poor onboarding / low usage
CUST-01116,2024-06-09,2024-06-01,LinkedIn Referral,United States,Pro,Monthly,79.0,4,23.3,0,,Active
CUST-01117,2024-03-12,2024-03-01,LinkedIn Referral,United Kingdom,Basic,Monthly,29.0,3,11.4,1,2024-12-27,Price too high
CUST-01118,2024-03-03,2024-03-01,Organic Search,United Kingdom,Pro,Annual,79.0,2,24.3,0,,Active
CUST-01119,2024-05-20,2024-05-01,Affiliate Partner,United States,Basic,Monthly,29.0,2,25.7,0,,Active
CUST-01120,2024-12-15,2024-12-01,Affiliate Partner,United Kingdom,Pro,Monthly,79.0,2,23.7,0,,Active
CUST-01121,2024-05-22,2024-05-01,Organic Search,United States,Basic,Monthly,29.0,2,6.5,1,2024-11-08,Switched to competitor
CUST-01122,2024-01-18,2024-01-01,LinkedIn Referral,Germany,Pro,Monthly,79.0,1,30.5,0,,Active
CUST-01123,2024-05-01,2024-05-01,LinkedIn Referral,United Kingdom,Pro,Annual,79.0,0,25.9,0,,Active
CUST-01124,2024-04-30,2024-04-01,Google Ads,United States,Enterprise,Monthly,199.0,3,20.7,0,,Active
CUST-01125,2024-02-11,2024-02-01,Google Ads,United Kingdom,Basic,Monthly,29.0,1,27.0,0,,Active
CUST-01126,2024-06-29,2024-06-01,Google Ads,United States,Pro,Annual,79.0,1,22.0,0,,Active
CUST-01127,2024-04-04,2024-04-01,Organic Search,India,Pro,Monthly,79.0,1,25.6,0,,Active
CUST-01128,2024-11-28,2024-11-01,LinkedIn Referral,Canada,Basic,Monthly,29.0,3,22.0,0,,Active
CUST-01129,2024-12-17,2024-12-01,Google Ads,United Kingdom,Basic,Annual,29.0,2,21.7,0,,Active
CUST-01130,2024-06-12,2024-06-01,Affiliate Partner,United States,Pro,Monthly,79.0,1,29.1,0,,Active
CUST-01131,2024-02-13,2024-02-01,Google Ads,Canada,Basic,Annual,29.0,1,20.3,0,,Active
CUST-01132,2024-08-24,2024-08-01,Google Ads,United States,Enterprise,Monthly,199.0,3,27.9,0,,Active
CUST-01133,2024-05-13,2024-05-01,LinkedIn Referral,Germany,Pro,Annual,79.0,1,1.7,1,2024-09-27,Poor onboarding / low usage
CUST-01134,2024-08-10,2024-08-01,Organic Search,United States,Basic,Annual,29.0,0,21.0,0,,Active
CUST-01135,2024-04-14,2024-04-01,Direct,United Kingdom,Pro,Annual,79.0,1,17.5,0,,Active
CUST-01136,2024-05-24,2024-05-01,Direct,India,Basic,Monthly,29.0,2,3.1,1,2024-09-30,Switched to competitor
CUST-01137,2024-04-30,2024-04-01,Organic Search,United States,Basic,Monthly,29.0,3,7.4,1,2024-10-02,Switched to competitor
CUST-01138,2024-06-14,2024-06-01,Direct,United States,Pro,Annual,79.0,1,25.2,0,,Active
CUST-01139,2024-10-12,2024-10-01,Google Ads,Canada,Basic,Annual,29.0,5,1.7,1,2024-10-23,Price too high
CUST-01140,2024-04-30,2024-04-01,Direct,United States,Basic,Monthly,29.0,5,9.6,1,2024-12-13,Switched to competitor
CUST-01141,2024-11-13,2024-11-01,LinkedIn Referral,United States,Pro,Monthly,79.0,1,20.1,0,,Active
CUST-01142,2024-12-09,2024-12-01,LinkedIn Referral,India,Basic,Monthly,29.0,3,25.3,0,,Active
CUST-01143,2024-10-13,2024-10-01,LinkedIn Referral,United States,Pro,Monthly,79.0,3,6.3,1,2024-10-19,Price too high
CUST-01144,2024-05-13,2024-05-01,LinkedIn Referral,United Kingdom,Basic,Annual,29.0,3,29.0,0,,Active
CUST-01145,2024-06-09,2024-06-01,Google Ads,United Kingdom,Pro,Annual,79.0,5,16.6,1,2024-06-14,Poor onboarding / low usage
CUST-01146,2024-09-12,2024-09-01,Organic Search,United States,Pro,Monthly,79.0,2,26.9,0,,Active
CUST-01147,2024-05-24,2024-05-01,Google Ads,United States,Basic,Monthly,29.0,1,26.9,0,,Active
CUST-01148,2024-09-08,2024-09-01,LinkedIn Referral,United States,Pro,Annual,79.0,1,18.3,0,,Active
CUST-01149,2024-08-13,2024-08-01,Direct,India,Pro,Monthly,79.0,4,10.4,1,2024-08-18,Switched to competitor
CUST-01150,2024-01-28,2024-01-01,Google Ads,India,Basic,Annual,29.0,4,10.0,1,2024-03-07,Price too high
CUST-01151,2024-03-24,2024-03-01,Google Ads,United Kingdom,Basic,Monthly,29.0,7,1.7,1,2024-08-03,Missing key features
CUST-01152,2024-12-29,2024-12-01,Organic Search,United States,Pro,Monthly,79.0,3,23.4,0,,Active
CUST-01153,2024-08-22,2024-08-01,Organic Search,United States,Basic,Annual,29.0,3,26.1,0,,Active
CUST-01154,2024-05-25,2024-05-01,Organic Search,United States,Basic,Monthly,29.0,1,21.7,0,,Active
CUST-01155,2024-09-26,2024-09-01,LinkedIn Referral,Germany,Basic,Monthly,29.0,1,25.2,0,,Active
CUST-01156,2024-09-12,2024-09-01,Google Ads,United States,Basic,Monthly,29.0,4,10.5,1,2024-12-03,Price too high
CUST-01157,2024-12-14,2024-12-01,Google Ads,United States,Basic,Monthly,29.0,5,8.8,1,2024-12-26,Switched to competitor
CUST-01158,2024-10-29,2024-10-01,Google Ads,United States,Pro,Monthly,79.0,3,20.4,0,,Active
CUST-01159,2024-01-15,2024-01-01,Organic Search,Germany,Enterprise,Monthly,199.0,4,11.5,1,2024-07-15,Switched to competitor
CUST-01160,2024-12-01,2024-12-01,Direct,United States,Pro,Monthly,79.0,1,27.7,0,,Active
CUST-01161,2024-08-19,2024-08-01,Organic Search,United Kingdom,Basic,Monthly,29.0,3,21.2,0,,Active
CUST-01162,2024-04-18,2024-04-01,Organic Search,United States,Pro,Monthly,79.0,2,22.5,0,,Active
CUST-01163,2024-05-02,2024-05-01,Affiliate Partner,United States,Enterprise,Monthly,199.0,1,27.7,0,,Active
CUST-01164,2024-11-30,2024-11-01,Organic Search,Canada,Pro,Monthly,79.0,2,26.3,0,,Active
CUST-01165,2024-08-09,2024-08-01,Direct,India,Enterprise,Annual,199.0,0,23.1,0,,Active
CUST-01166,2024-02-19,2024-02-01,Direct,United Kingdom,Pro,Monthly,79.0,1,29.4,0,,Active
CUST-01167,2024-08-06,2024-08-01,Affiliate Partner,India,Basic,Annual,29.0,5,8.0,1,2024-08-23,Missing key features
CUST-01168,2024-06-23,2024-06-01,Google Ads,United States,Pro,Annual,79.0,1,20.9,0,,Active
CUST-01169,2024-02-12,2024-02-01,LinkedIn Referral,India,Pro,Annual,79.0,3,11.3,1,2024-12-11,Switched to competitor
CUST-01170,2024-01-24,2024-01-01,Affiliate Partner,United States,Basic,Monthly,29.0,7,8.3,1,2024-11-13,Price too high
CUST-01171,2024-12-04,2024-12-01,Organic Search,Germany,Basic,Monthly,29.0,2,27.7,0,,Active
CUST-01172,2024-04-03,2024-04-01,Google Ads,United Kingdom,Enterprise,Monthly,199.0,1,27.8,0,,Active
CUST-01173,2024-06-23,2024-06-01,Google Ads,India,Pro,Annual,79.0,5,24.1,0,,Active
CUST-01174,2024-02-24,2024-02-01,Organic Search,United States,Pro,Monthly,79.0,4,11.0,1,2024-04-07,Price too high
CUST-01175,2024-02-29,2024-02-01,Google Ads,Germany,Basic,Annual,29.0,2,10.0,1,2024-03-21,Price too high
CUST-01176,2024-09-01,2024-09-01,LinkedIn Referral,United States,Basic,Monthly,29.0,2,25.8,0,,Active
CUST-01177,2024-09-06,2024-09-01,Organic Search,United States,Basic,Monthly,29.0,1,23.3,0,,Active
CUST-01178,2024-12-19,2024-12-01,Direct,United States,Enterprise,Annual,199.0,3,25.1,0,,Active
CUST-01179,2024-06-03,2024-06-01,Google Ads,United States,Basic,Annual,29.0,4,1.2,1,2024-06-08,Price too high
CUST-01180,2024-01-08,2024-01-01,Direct,Germany,Enterprise,Monthly,199.0,1,10.0,1,2024-05-23,Price too high
CUST-01181,2024-11-28,2024-11-01,Google Ads,Germany,Basic,Monthly,29.0,3,19.3,0,,Active
CUST-01182,2024-11-16,2024-11-01,LinkedIn Referral,United States,Enterprise,Annual,199.0,1,23.8,0,,Active
CUST-01183,2024-02-14,2024-02-01,Google Ads,Germany,Basic,Monthly,29.0,3,17.1,1,2024-05-20,Price too high
CUST-01184,2024-03-19,2024-03-01,Affiliate Partner,India,Basic,Monthly,29.0,4,2.8,1,2024-07-02,Switched to competitor
CUST-01185,2024-10-26,2024-10-01,Google Ads,Germany,Basic,Monthly,29.0,0,31.0,0,,Active
CUST-01186,2024-07-19,2024-07-01,Google Ads,Germany,Pro,Monthly,79.0,5,5.3,1,2024-07-20,Switched to competitor
CUST-01187,2024-02-22,2024-02-01,Google Ads,United States,Basic,Monthly,29.0,1,24.5,0,,Active
CUST-01188,2024-11-09,2024-11-01,Direct,Germany,Pro,Monthly,79.0,0,26.8,0,,Active
CUST-01189,2024-09-06,2024-09-01,Google Ads,Germany,Basic,Annual,29.0,2,4.2,1,2024-10-07,Switched to competitor
CUST-01190,2024-08-04,2024-08-01,Google Ads,Germany,Basic,Monthly,29.0,1,17.6,0,,Active
CUST-01191,2024-02-29,2024-02-01,Direct,Canada,Basic,Monthly,29.0,5,10.8,1,2024-07-08,Switched to competitor
CUST-01192,2024-04-08,2024-04-01,Affiliate Partner,Germany,Basic,Monthly,29.0,1,31.3,0,,Active
CUST-01193,2024-05-30,2024-05-01,Direct,United States,Pro,Monthly,79.0,0,18.3,0,,Active
CUST-01194,2024-03-23,2024-03-01,Google Ads,United States,Basic,Monthly,29.0,7,8.8,1,2024-07-28,Customer support delays
CUST-01195,2024-03-21,2024-03-01,Google Ads,India,Pro,Annual,79.0,2,13.1,1,2024-09-18,Customer support delays
CUST-01196,2024-07-02,2024-07-01,Google Ads,United Kingdom,Pro,Monthly,79.0,3,10.3,1,2024-12-02,Poor onboarding / low usage
CUST-01197,2024-06-21,2024-06-01,Organic Search,United States,Enterprise,Monthly,199.0,2,25.2,0,,Active
CUST-01198,2024-01-24,2024-01-01,Organic Search,United States,Enterprise,Monthly,199.0,2,22.0,0,,Active
CUST-01199,2024-02-24,2024-02-01,Direct,United States,Basic,Monthly,29.0,2,11.6,1,2024-06-11,Missing key features
CUST-01200,2024-01-22,2024-01-01,Google Ads,India,Basic,Annual,29.0,2,5.9,1,2024-03-29,Switched to competitor
CUST-01201,2024-07-04,2024-07-01,Google Ads,United States,Basic,Monthly,29.0,6,3.7,1,2024-12-22,Missing key features
CUST-01202,2024-07-05,2024-07-01,Affiliate Partner,India,Basic,Monthly,29.0,2,26.8,0,,Active
CUST-01203,2024-05-05,2024-05-01,LinkedIn Referral,United Kingdom,Basic,Monthly,29.0,1,23.4,0,,Active
CUST-01204,2024-05-05,2024-05-01,Organic Search,India,Enterprise,Monthly,199.0,0,29.3,0,,Active
CUST-01205,2024-09-21,2024-09-01,Affiliate Partner,United States,Basic,Annual,29.0,1,14.3,1,2024-11-25,Price too high
CUST-01206,2024-01-06,2024-01-01,Google Ads,United States,Basic,Monthly,29.0,5,12.8,1,2024-03-17,Price too high
CUST-01207,2024-06-10,2024-06-01,Google Ads,India,Enterprise,Monthly,199.0,3,17.4,0,,Active
CUST-01208,2024-10-21,2024-10-01,Organic Search,India,Basic,Monthly,29.0,4,19.8,1,2024-11-11,Missing key features
CUST-01209,2024-12-04,2024-12-01,LinkedIn Referral,Germany,Basic,Annual,29.0,2,27.7,0,,Active
CUST-01210,2024-05-31,2024-05-01,Affiliate Partner,United States,Basic,Monthly,29.0,0,31.2,0,,Active
CUST-01211,2024-09-27,2024-09-01,Google Ads,India,Pro,Monthly,79.0,3,27.0,0,,Active
CUST-01212,2024-10-05,2024-10-01,LinkedIn Referral,United States,Pro,Monthly,79.0,0,23.7,0,,Active
CUST-01213,2024-06-25,2024-06-01,Organic Search,United States,Basic,Annual,29.0,6,10.2,1,2024-12-03,Missing key features
CUST-01214,2024-07-18,2024-07-01,Organic Search,Canada,Pro,Monthly,79.0,2,25.3,0,,Active
CUST-01215,2024-10-09,2024-10-01,Organic Search,United States,Basic,Annual,29.0,0,30.9,0,,Active
CUST-01216,2024-01-12,2024-01-01,Affiliate Partner,Canada,Pro,Monthly,79.0,7,5.8,1,2024-02-07,Customer support delays
CUST-01217,2024-10-03,2024-10-01,Organic Search,United States,Basic,Monthly,29.0,0,28.9,0,,Active
CUST-01218,2024-08-04,2024-08-01,Direct,United States,Pro,Annual,79.0,5,10.5,1,2024-10-15,Price too high
CUST-01219,2024-05-12,2024-05-01,Google Ads,United States,Basic,Monthly,29.0,3,9.4,1,2024-08-01,Switched to competitor
CUST-01220,2024-03-04,2024-03-01,Organic Search,United States,Basic,Annual,29.0,4,1.0,1,2024-05-14,Customer support delays
CUST-01221,2024-04-30,2024-04-01,Direct,United Kingdom,Basic,Monthly,29.0,2,23.1,0,,Active
CUST-01222,2024-10-20,2024-10-01,Google Ads,Germany,Pro,Monthly,79.0,3,16.3,0,,Active
CUST-01223,2024-05-06,2024-05-01,Organic Search,Germany,Basic,Annual,29.0,1,29.5,0,,Active
CUST-01224,2024-02-17,2024-02-01,Google Ads,United States,Basic,Monthly,29.0,6,13.7,1,2024-02-22,Poor onboarding / low usage
CUST-01225,2024-08-31,2024-08-01,LinkedIn Referral,United States,Pro,Annual,79.0,1,26.2,0,,Active
CUST-01226,2024-07-21,2024-07-01,Google Ads,United States,Pro,Monthly,79.0,0,26.6,0,,Active
CUST-01227,2024-08-01,2024-08-01,Google Ads,India,Pro,Annual,79.0,2,23.0,0,,Active
CUST-01228,2024-12-26,2024-12-01,Google Ads,India,Enterprise,Monthly,199.0,2,32.6,0,,Active
CUST-01229,2024-09-27,2024-09-01,Affiliate Partner,United States,Enterprise,Monthly,199.0,2,28.3,0,,Active
CUST-01230,2024-10-13,2024-10-01,Affiliate Partner,United States,Pro,Monthly,79.0,0,22.5,0,,Active
CUST-01231,2024-07-28,2024-07-01,Organic Search,United States,Pro,Monthly,79.0,4,24.7,0,,Active
CUST-01232,2024-07-10,2024-07-01,Google Ads,Germany,Enterprise,Annual,199.0,3,25.0,0,,Active
CUST-01233,2024-06-05,2024-06-01,LinkedIn Referral,United States,Pro,Monthly,79.0,0,26.6,0,,Active
CUST-01234,2024-08-01,2024-08-01,Google Ads,United States,Pro,Monthly,79.0,2,19.5,0,,Active
CUST-01235,2024-11-06,2024-11-01,Organic Search,United Kingdom,Pro,Annual,79.0,2,24.2,0,,Active
CUST-01236,2024-11-21,2024-11-01,Google Ads,Germany,Pro,Monthly,79.0,1,23.4,0,,Active
CUST-01237,2024-08-17,2024-08-01,Organic Search,Germany,Basic,Monthly,29.0,7,13.8,1,2024-11-05,Price too high
CUST-01238,2024-12-06,2024-12-01,LinkedIn Referral,United States,Pro,Monthly,79.0,3,23.4,0,,Active
CUST-01239,2024-07-17,2024-07-01,Google Ads,United States,Enterprise,Monthly,199.0,1,23.9,0,,Active
CUST-01240,2024-11-26,2024-11-01,Organic Search,United States,Enterprise,Monthly,199.0,3,30.7,0,,Active
CUST-01241,2024-01-13,2024-01-01,Direct,United States,Basic,Annual,29.0,3,10.3,1,2024-10-28,Price too high
CUST-01242,2024-09-24,2024-09-01,LinkedIn Referral,United States,Enterprise,Monthly,199.0,0,25.7,0,,Active
CUST-01243,2024-09-29,2024-09-01,Google Ads,United Kingdom,Basic,Monthly,29.0,5,7.3,1,2024-11-24,Switched to competitor
CUST-01244,2024-04-15,2024-04-01,Direct,United States,Basic,Monthly,29.0,3,9.3,1,2024-12-09,Missing key features
CUST-01245,2024-01-12,2024-01-01,Google Ads,United Kingdom,Basic,Monthly,29.0,3,6.7,1,2024-03-29,Price too high
CUST-01246,2024-06-11,2024-06-01,Google Ads,United Kingdom,Basic,Annual,29.0,7,8.9,1,2024-07-15,Customer support delays
CUST-01247,2024-10-04,2024-10-01,Google Ads,Canada,Basic,Monthly,29.0,0,23.7,0,,Active
CUST-01248,2024-02-15,2024-02-01,Affiliate Partner,Germany,Basic,Monthly,29.0,4,8.9,1,2024-05-26,Switched to competitor
CUST-01249,2024-04-02,2024-04-01,Organic Search,India,Basic,Annual,29.0,2,10.9,1,2024-04-04,Customer support delays
CUST-01250,2024-06-01,2024-06-01,Affiliate Partner,United States,Basic,Annual,29.0,3,18.3,0,,Active
CUST-01251,2024-04-13,2024-04-01,Affiliate Partner,United States,Basic,Monthly,29.0,2,27.4,0,,Active
CUST-01252,2024-02-03,2024-02-01,Organic Search,India,Basic,Monthly,29.0,1,22.0,0,,Active
CUST-01253,2024-07-27,2024-07-01,Google Ads,United States,Pro,Monthly,79.0,1,22.1,0,,Active
CUST-01254,2024-03-27,2024-03-01,Affiliate Partner,Canada,Basic,Monthly,29.0,6,8.1,1,2024-09-08,Price too high
CUST-01255,2024-11-13,2024-11-01,Organic Search,United States,Basic,Annual,29.0,2,25.9,0,,Active
CUST-01256,2024-01-01,2024-01-01,Organic Search,United States,Basic,Monthly,29.0,2,3.0,1,2024-01-17,Price too high
CUST-01257,2024-05-19,2024-05-01,Direct,United States,Pro,Monthly,79.0,6,2.7,1,,
CUST-01258,2024-09-30,2024-09-01,LinkedIn Referral,Canada,Basic,Annual,29.0,3,24.1,0,,Active
CUST-01259,2024-03-12,2024-03-01,Affiliate Partner,United States,Pro,Monthly,79.0,1,23.4,0,,Active
CUST-01260,2024-12-28,2024-12-01,Affiliate Partner,United States,Pro,Monthly,79.0,2,24.3,0,,Active
CUST-01261,2024-05-05,2024-05-01,Organic Search,United States,Enterprise,Annual,199.0,1,18.6,0,,Active
CUST-01262,2024-11-07,2024-11-01,LinkedIn Referral,United States,Basic,Monthly,29.0,0,29.1,0,,Active
CUST-01263,2024-12-10,2024-12-01,Affiliate Partner,United States,Basic,Annual,29.0,2,30.5,0,,Active
CUST-01264,2024-10-11,2024-10-01,Google Ads,India,Pro,Monthly,79.0,2,27.4,0,,Active
CUST-01265,2024-10-02,2024-10-01,Organic Search,United States,Basic,Annual,29.0,2,30.0,0,,Active
CUST-01266,2024-10-02,2024-10-01,Organic Search,United Kingdom,Basic,Monthly,29.0,8,6.6,1,2024-10-29,Price too high
CUST-01267,2024-12-09,2024-12-01,Google Ads,United States,Basic,Monthly,29.0,3,20.5,0,,Active
CUST-01268,2024-03-04,2024-03-01,LinkedIn Referral,India,Pro,Monthly,79.0,3,6.8,1,2024-10-15,Price too high
CUST-01269,2024-07-08,2024-07-01,Affiliate Partner,United Kingdom,Pro,Annual,79.0,5,14.7,1,2024-10-15,Price too high
CUST-01270,2024-12-14,2024-12-01,Affiliate Partner,United States,Pro,Monthly,79.0,1,27.4,0,,Active
CUST-01271,2024-07-02,2024-07-01,Organic Search,Canada,Pro,Annual,79.0,0,27.8,0,,Active
CUST-01272,2024-07-04,2024-07-01,LinkedIn Referral,United Kingdom,Pro,Annual,79.0,3,10.6,1,2024-07-20,Poor onboarding / low usage
CUST-01273,2024-12-26,2024-12-01,Affiliate Partner,United States,Pro,Monthly,79.0,0,20.7,0,,Active
CUST-01274,2024-04-17,2024-04-01,Affiliate Partner,United States,Basic,Monthly,29.0,6,8.2,1,2024-05-14,Price too high
CUST-01275,2024-11-22,2024-11-01,Google Ads,India,Pro,Monthly,79.0,2,27.2,0,,Active
CUST-01276,2024-10-18,2024-10-01,Organic Search,India,Basic,Monthly,29.0,3,28.8,0,,Active
CUST-01277,2024-10-16,2024-10-01,Google Ads,Germany,Basic,Annual,29.0,4,27.7,0,,Active
CUST-01278,2024-10-28,2024-10-01,Google Ads,United States,Enterprise,Monthly,199.0,2,23.6,0,,Active
CUST-01279,2024-10-18,2024-10-01,Direct,United States,Pro,Monthly,79.0,0,15.9,0,,Active
CUST-01280,2024-05-20,2024-05-01,Organic Search,Canada,Enterprise,Monthly,199.0,2,23.7,0,,Active
CUST-01281,2024-08-06,2024-08-01,LinkedIn Referral,United Kingdom,Basic,Monthly,29.0,4,3.7,1,2024-10-16,Customer support delays
CUST-01282,2024-08-09,2024-08-01,Google Ads,India,Basic,Monthly,29.0,6,1.4,1,2024-10-25,Price too high
CUST-01283,2024-08-26,2024-08-01,Affiliate Partner,Canada,Pro,Annual,79.0,4,4.6,1,2024-11-18,Poor onboarding / low usage
CUST-01284,2024-04-24,2024-04-01,Google Ads,India,Basic,Monthly,29.0,3,6.5,1,2024-05-08,Switched to competitor
CUST-01285,2024-09-29,2024-09-01,Google Ads,United Kingdom,Basic,Annual,29.0,2,3.0,1,2024-11-05,Switched to competitor
CUST-01286,2024-06-20,2024-06-01,Organic Search,Germany,Enterprise,Monthly,199.0,4,11.8,1,2024-09-12,Switched to competitor
CUST-01287,2024-04-25,2024-04-01,Organic Search,United States,Basic,Monthly,29.0,5,5.0,1,2024-07-02,Missing key features
CUST-01288,2024-04-10,2024-04-01,Google Ads,United States,Basic,Monthly,29.0,3,14.9,1,2024-07-25,Price too high
CUST-01289,2024-08-09,2024-08-01,Organic Search,United Kingdom,Basic,Monthly,29.0,1,25.7,0,,Active
CUST-01290,2024-02-25,2024-02-01,Google Ads,United States,Basic,Monthly,29.0,5,5.9,1,2024-09-12,Missing key features
CUST-01291,2024-11-13,2024-11-01,Google Ads,Canada,Pro,Monthly,79.0,0,24.8,0,,Active
CUST-01292,2024-08-16,2024-08-01,Affiliate Partner,Germany,Basic,Monthly,29.0,6,4.2,1,2024-09-17,Switched to competitor
CUST-01293,2024-01-18,2024-01-01,Google Ads,United States,Pro,Monthly,79.0,0,7.1,1,2024-06-12,Price too high
CUST-01294,2024-08-14,2024-08-01,Google Ads,Canada,Basic,Monthly,29.0,9,6.5,1,2024-09-03,Switched to competitor
CUST-01295,2024-11-16,2024-11-01,Organic Search,United Kingdom,Pro,Monthly,79.0,1,28.8,0,,Active
CUST-01296,2024-01-29,2024-01-01,Google Ads,United Kingdom,Basic,Monthly,29.0,4,7.9,1,2024-05-23,Price too high
CUST-01297,2024-07-29,2024-07-01,LinkedIn Referral,United States,Basic,Monthly,29.0,3,19.1,1,2024-11-09,Customer support delays
CUST-01298,2024-08-25,2024-08-01,Google Ads,Germany,Basic,Annual,29.0,3,26.9,0,,Active
CUST-01299,2024-01-14,2024-01-01,Google Ads,United States,Enterprise,Monthly,199.0,0,30.1,0,,Active
CUST-01300,2024-11-13,2024-11-01,Affiliate Partner,India,Pro,Monthly,79.0,2,23.7,0,,Active
CUST-01301,2024-01-23,2024-01-01,Google Ads,United States,Pro,Annual,79.0,2,26.9,0,,Active
CUST-01302,2024-01-05,2024-01-01,Affiliate Partner,Germany,Pro,Monthly,79.0,4,6.9,1,2024-07-15,Switched to competitor
CUST-01303,2024-04-10,2024-04-01,Affiliate Partner,Canada,Pro,Monthly,79.0,0,13.9,1,2024-07-16,Price too high
CUST-01304,2024-12-07,2024-12-01,Direct,United States,Basic,Monthly,29.0,4,30.2,0,,Active
CUST-01305,2024-12-20,2024-12-01,Affiliate Partner,United Kingdom,Basic,Monthly,29.0,0,22.1,0,,Active
CUST-01306,2024-11-03,2024-11-01,Google Ads,United States,Pro,Monthly,79.0,1,25.8,0,,Active
CUST-01307,2024-10-16,2024-10-01,Google Ads,United Kingdom,Basic,Monthly,29.0,0,25.8,0,,Active
CUST-01308,2024-03-24,2024-03-01,Google Ads,United States,Enterprise,Monthly,199.0,2,27.1,0,,Active
CUST-01309,2024-06-18,2024-06-01,Affiliate Partner,United Kingdom,Basic,Monthly,29.0,7,9.6,1,2024-10-17,Customer support delays
CUST-01310,2024-02-07,2024-02-01,Google Ads,United States,Enterprise,Monthly,199.0,1,25.9,0,,Active
CUST-01311,2024-05-14,2024-05-01,Google Ads,United Kingdom,Basic,Monthly,29.0,1,3.4,1,2024-10-08,Missing key features
CUST-01312,2024-05-14,2024-05-01,Affiliate Partner,United States,Basic,Monthly,29.0,4,6.5,1,2024-07-05,Price too high
CUST-01313,2024-03-11,2024-03-01,Google Ads,United States,Pro,Monthly,79.0,1,11.7,1,2024-05-17,Customer support delays
CUST-01314,2024-06-05,2024-06-01,Affiliate Partner,Germany,Enterprise,Monthly,199.0,4,26.6,0,,Active
CUST-01315,2024-08-10,2024-08-01,Organic Search,United Kingdom,Enterprise,Monthly,199.0,1,23.4,0,,Active
CUST-01316,2024-04-08,2024-04-01,Organic Search,United Kingdom,Basic,Annual,29.0,2,22.0,0,,Active
CUST-01317,2024-05-30,2024-05-01,Google Ads,United States,Basic,Monthly,29.0,3,6.7,1,2024-08-24,Price too high
CUST-01318,2024-05-23,2024-05-01,Direct,United States,Pro,Monthly,79.0,1,27.5,0,,Active
CUST-01319,2024-02-03,2024-02-01,Organic Search,Canada,Basic,Annual,29.0,3,26.6,0,,Active
CUST-01320,2024-08-30,2024-08-01,Google Ads,India,Basic,Monthly,29.0,5,3.2,1,,
CUST-01321,2024-04-13,2024-04-01,LinkedIn Referral,United Kingdom,Basic,Monthly,29.0,6,9.0,1,,
CUST-01322,2024-02-13,2024-02-01,Google Ads,United Kingdom,Basic,Annual,29.0,4,12.8,1,2024-05-30,Switched to competitor
CUST-01323,2024-11-14,2024-11-01,Google Ads,United States,Basic,Monthly,29.0,4,25.2,0,,Active
CUST-01324,2024-08-09,2024-08-01,Direct,Germany,Pro,Monthly,79.0,2,20.4,0,,Active
CUST-01325,2024-04-29,2024-04-01,Direct,India,Basic,Monthly,29.0,4,6.5,1,2024-06-01,Switched to competitor
CUST-01326,2024-05-30,2024-05-01,Affiliate Partner,United Kingdom,Pro,Monthly,79.0,1,8.4,1,2024-11-28,Price too high
CUST-01327,2024-10-06,2024-10-01,LinkedIn Referral,United Kingdom,Pro,Monthly,79.0,1,19.7,0,,Active
CUST-01328,2024-06-03,2024-06-01,Google Ads,India,Pro,Monthly,79.0,1,26.3,0,,Active
CUST-01329,2024-10-05,2024-10-01,Direct,Germany,Basic,Annual,29.0,3,4.4,1,2024-11-14,Poor onboarding / low usage
CUST-01330,2024-05-24,2024-05-01,Affiliate Partner,Canada,Basic,Monthly,29.0,3,28.2,0,,Active
CUST-01331,2024-03-17,2024-03-01,Organic Search,United Kingdom,Enterprise,Monthly,199.0,3,33.6,0,,Active
CUST-01332,2024-02-13,2024-02-01,Google Ads,United States,Basic,Monthly,29.0,6,5.3,1,2024-12-03,Switched to competitor
CUST-01333,2024-01-05,2024-01-01,Google Ads,United Kingdom,Pro,Monthly,79.0,2,3.7,1,2024-12-05,Price too high
CUST-01334,2024-03-19,2024-03-01,LinkedIn Referral,United Kingdom,Basic,Monthly,29.0,3,8.0,1,2024-12-27,Price too high
CUST-01335,2024-04-06,2024-04-01,Organic Search,United States,Basic,Monthly,29.0,3,28.0,0,,Active
CUST-01336,2024-11-04,2024-11-01,Google Ads,Canada,Pro,Monthly,79.0,0,23.3,0,,Active
CUST-01337,2024-02-05,2024-02-01,LinkedIn Referral,United Kingdom,Basic,Monthly,29.0,2,12.2,1,2024-09-13,Poor onboarding / low usage
CUST-01338,2024-07-29,2024-07-01,LinkedIn Referral,United Kingdom,Basic,Monthly,29.0,5,12.4,1,2024-10-11,Price too high
CUST-01339,2024-09-01,2024-09-01,Google Ads,Germany,Basic,Annual,29.0,0,17.2,0,,Active
CUST-01340,2024-04-15,2024-04-01,Google Ads,United Kingdom,Pro,Annual,79.0,3,28.5,0,,Active
CUST-01341,2024-04-13,2024-04-01,LinkedIn Referral,United States,Basic,Monthly,29.0,4,8.6,1,2024-04-18,Price too high
CUST-01342,2024-08-16,2024-08-01,Google Ads,United Kingdom,Enterprise,Monthly,199.0,0,21.2,0,,Active
CUST-01343,2024-09-08,2024-09-01,Organic Search,Canada,Pro,Annual,79.0,2,23.9,0,,Active
CUST-01344,2024-08-21,2024-08-01,Direct,Germany,Pro,Annual,79.0,3,23.6,0,,Active
CUST-01345,2024-03-30,2024-03-01,Organic Search,United Kingdom,Pro,Annual,79.0,4,7.7,1,,
CUST-01346,2024-03-21,2024-03-01,LinkedIn Referral,United States,Enterprise,Monthly,199.0,2,23.0,0,,Active
CUST-01347,2024-07-07,2024-07-01,Organic Search,Germany,Pro,Monthly,79.0,1,17.8,0,,Active
CUST-01348,2024-09-16,2024-09-01,Affiliate Partner,Germany,Basic,Monthly,29.0,4,5.6,1,2024-09-17,Price too high
CUST-01349,2024-02-07,2024-02-01,Affiliate Partner,United Kingdom,Pro,Monthly,79.0,6,11.3,1,2024-08-14,Switched to competitor
CUST-01350,2024-02-28,2024-02-01,LinkedIn Referral,United States,Basic,Monthly,29.0,2,14.1,1,2024-08-18,Price too high
CUST-01351,2024-05-04,2024-05-01,Direct,United States,Enterprise,Monthly,199.0,1,27.1,0,,Active
CUST-01352,2024-03-04,2024-03-01,Google Ads,India,Basic,Monthly,29.0,4,10.8,1,2024-05-28,Customer support delays
CUST-01353,2024-01-06,2024-01-01,Organic Search,Germany,Basic,Monthly,29.0,4,10.4,1,2024-05-27,Switched to competitor
CUST-01354,2024-09-29,2024-09-01,Affiliate Partner,United States,Basic,Monthly,29.0,0,20.1,0,,Active
CUST-01355,2024-11-24,2024-11-01,Affiliate Partner,Germany,Basic,Monthly,29.0,2,25.0,0,,Active
CUST-01356,2024-02-22,2024-02-01,Google Ads,India,Basic,Monthly,29.0,1,6.0,1,2024-04-23,Poor onboarding / low usage
CUST-01357,2024-01-25,2024-01-01,Organic Search,United States,Enterprise,Annual,199.0,0,25.4,0,,Active
CUST-01358,2024-02-19,2024-02-01,Direct,United States,Pro,Monthly,79.0,2,31.8,0,,Active
CUST-01359,2024-08-07,2024-08-01,Affiliate Partner,United Kingdom,Enterprise,Monthly,199.0,5,20.1,0,,Active
CUST-01360,2024-06-10,2024-06-01,Organic Search,United States,Pro,Monthly,79.0,2,9.5,1,2024-06-17,Switched to competitor
CUST-01361,2024-08-22,2024-08-01,Google Ads,United States,Enterprise,Annual,199.0,2,30.2,0,,Active
CUST-01362,2024-04-21,2024-04-01,Organic Search,Canada,Basic,Monthly,29.0,3,26.0,0,,Active
CUST-01363,2024-02-18,2024-02-01,Organic Search,United States,Pro,Annual,79.0,0,25.1,0,,Active
CUST-01364,2024-09-03,2024-09-01,Google Ads,Canada,Basic,Monthly,29.0,5,12.1,1,2024-09-04,Price too high
CUST-01365,2024-11-07,2024-11-01,Google Ads,United Kingdom,Enterprise,Monthly,199.0,2,21.3,0,,Active
CUST-01366,2024-09-18,2024-09-01,Google Ads,United Kingdom,Basic,Monthly,29.0,0,22.7,0,,Active
CUST-01367,2024-04-29,2024-04-01,Affiliate Partner,Canada,Pro,Monthly,79.0,2,14.5,1,2024-05-24,Price too high
CUST-01368,2024-03-04,2024-03-01,LinkedIn Referral,United States,Basic,Monthly,29.0,2,11.4,1,2024-07-14,Switched to competitor
CUST-01369,2024-09-12,2024-09-01,Google Ads,India,Enterprise,Monthly,199.0,0,21.2,0,,Active
CUST-01370,2024-11-02,2024-11-01,Organic Search,United States,Basic,Annual,29.0,1,27.2,0,,Active
CUST-01371,2024-06-17,2024-06-01,Google Ads,United States,Basic,Annual,29.0,4,10.3,1,2024-10-11,Missing key features
CUST-01372,2024-07-31,2024-07-01,Organic Search,Canada,Pro,Annual,79.0,4,3.9,1,2024-10-27,Price too high
CUST-01373,2024-06-18,2024-06-01,Affiliate Partner,United States,Basic,Annual,29.0,3,7.3,1,2024-09-08,Switched to competitor
CUST-01374,2024-05-07,2024-05-01,Organic Search,United States,Basic,Monthly,29.0,2,8.0,1,2024-12-19,Price too high
CUST-01375,2024-02-05,2024-02-01,Google Ads,United States,Pro,Monthly,79.0,2,10.7,1,2024-03-11,Missing key features
CUST-01376,2024-04-14,2024-04-01,Google Ads,United States,Basic,Monthly,29.0,4,7.8,1,2024-04-20,Missing key features
CUST-01377,2024-10-30,2024-10-01,LinkedIn Referral,United Kingdom,Pro,Monthly,79.0,4,27.1,0,,Active
CUST-01378,2024-09-16,2024-09-01,Organic Search,Germany,Pro,Monthly,79.0,1,25.7,0,,Active
CUST-01379,2024-05-05,2024-05-01,Direct,India,Basic,Monthly,29.0,1,24.7,0,,Active
CUST-01380,2024-07-03,2024-07-01,Organic Search,United States,Pro,Annual,79.0,2,22.4,0,,Active
CUST-01381,2024-09-03,2024-09-01,Google Ads,United States,Pro,Annual,79.0,4,15.2,1,2024-09-16,Missing key features
CUST-01382,2024-08-06,2024-08-01,Organic Search,United States,Basic,Monthly,29.0,2,16.3,0,,Active
CUST-01383,2024-03-30,2024-03-01,LinkedIn Referral,India,Enterprise,Annual,199.0,1,20.9,0,,Active
CUST-01384,2024-01-07,2024-01-01,Direct,United Kingdom,Basic,Monthly,29.0,6,4.4,1,2024-11-04,Price too high
CUST-01385,2024-03-04,2024-03-01,Organic Search,India,Pro,Monthly,79.0,1,24.8,0,,Active
CUST-01386,2024-12-22,2024-12-01,LinkedIn Referral,United States,Pro,Annual,79.0,2,21.6,0,,Active
CUST-01387,2024-07-16,2024-07-01,LinkedIn Referral,Germany,Enterprise,Monthly,199.0,1,27.1,0,,Active
CUST-01388,2024-12-12,2024-12-01,Direct,United States,Basic,Monthly,29.0,4,4.3,1,,
CUST-01389,2024-11-26,2024-11-01,Organic Search,Germany,Basic,Monthly,29.0,2,28.5,0,,Active
CUST-01390,2024-12-14,2024-12-01,Affiliate Partner,United States,Basic,Monthly,29.0,0,22.7,0,,Active
CUST-01391,2024-05-06,2024-05-01,Organic Search,United States,Basic,Annual,29.0,6,11.5,1,2024-08-29,Price too high
CUST-01392,2024-02-17,2024-02-01,LinkedIn Referral,United States,Pro,Monthly,79.0,3,24.7,0,,Active
CUST-01393,2024-09-29,2024-09-01,LinkedIn Referral,United Kingdom,Basic,Annual,29.0,1,17.7,0,,Active
CUST-01394,2024-02-15,2024-02-01,Affiliate Partner,Germany,Basic,Annual,29.0,3,7.9,1,2024-10-18,Price too high
CUST-01395,2024-09-08,2024-09-01,Google Ads,Germany,Pro,Monthly,79.0,3,4.9,1,2024-09-11,Price too high
CUST-01396,2024-12-22,2024-12-01,Direct,India,Pro,Annual,79.0,3,25.0,0,,Active
CUST-01397,2024-08-01,2024-08-01,Google Ads,United States,Pro,Monthly,79.0,1,26.4,0,,Active
CUST-01398,2024-04-11,2024-04-01,Direct,Germany,Pro,Monthly,79.0,1,18.7,0,,Active
CUST-01399,2024-07-28,2024-07-01,Affiliate Partner,United States,Basic,Annual,29.0,1,7.4,1,2024-10-17,Price too high
CUST-01400,2024-03-26,2024-03-01,Google Ads,Germany,Pro,Monthly,79.0,2,7.3,1,2024-03-29,Poor onboarding / low usage
CUST-01401,2024-07-12,2024-07-01,LinkedIn Referral,United States,Pro,Annual,79.0,6,5.9,1,2024-09-18,Switched to competitor
CUST-01402,2024-09-01,2024-09-01,Organic Search,United States,Enterprise,Annual,199.0,3,1.0,1,2024-11-09,Switched to competitor
CUST-01403,2024-01-04,2024-01-01,Organic Search,Germany,Basic,Annual,29.0,2,10.5,1,2024-03-11,Switched to competitor
CUST-01404,2024-09-24,2024-09-01,Affiliate Partner,United Kingdom,Pro,Monthly,79.0,1,24.1,0,,Active
CUST-01405,2024-05-16,2024-05-01,LinkedIn Referral,United States,Pro,Annual,79.0,1,34.5,0,,Active
CUST-01406,2024-07-03,2024-07-01,Google Ads,United Kingdom,Basic,Monthly,29.0,4,6.3,1,2024-09-13,Price too high
CUST-01407,2024-06-18,2024-06-01,Google Ads,United Kingdom,Basic,Monthly,29.0,2,4.8,1,2024-08-15,Customer support delays
CUST-01408,2024-12-23,2024-12-01,Organic Search,United States,Basic,Monthly,29.0,1,23.4,0,,Active
CUST-01409,2024-03-12,2024-03-01,Direct,United States,Basic,Monthly,29.0,3,8.9,1,2024-03-16,Poor onboarding / low usage
CUST-01410,2024-09-28,2024-09-01,Affiliate Partner,United States,Pro,Monthly,79.0,2,24.2,0,,Active
CUST-01411,2024-11-12,2024-11-01,Google Ads,United States,Pro,Monthly,79.0,1,25.6,0,,Active
CUST-01412,2024-09-20,2024-09-01,Organic Search,United States,Pro,Annual,79.0,1,24.1,0,,Active
CUST-01413,2024-06-13,2024-06-01,Organic Search,Germany,Pro,Annual,79.0,3,10.4,1,2024-06-25,Switched to competitor
CUST-01414,2024-01-24,2024-01-01,Google Ads,Germany,Pro,Monthly,79.0,1,32.4,0,,Active
CUST-01415,2024-12-24,2024-12-01,Google Ads,United States,Basic,Annual,29.0,3,24.3,0,,Active
CUST-01416,2024-07-16,2024-07-01,Google Ads,United Kingdom,Enterprise,Annual,199.0,0,25.3,0,,Active
CUST-01417,2024-09-15,2024-09-01,Affiliate Partner,United States,Basic,Annual,29.0,8,8.2,1,2024-10-01,Poor onboarding / low usage
CUST-01418,2024-02-14,2024-02-01,Organic Search,United Kingdom,Basic,Monthly,29.0,1,29.3,0,,Active
CUST-01419,2024-12-03,2024-12-01,Organic Search,Canada,Basic,Monthly,29.0,2,23.6,0,,Active
CUST-01420,2024-02-24,2024-02-01,Affiliate Partner,United Kingdom,Basic,Monthly,29.0,2,13.8,1,2024-05-05,Missing key features
CUST-01421,2024-07-15,2024-07-01,Google Ads,United States,Pro,Monthly,79.0,1,25.6,0,,Active
CUST-01422,2024-03-10,2024-03-01,Google Ads,India,Basic,Monthly,29.0,6,1.0,1,2024-11-16,Poor onboarding / low usage
CUST-01423,2024-07-12,2024-07-01,Direct,United States,Basic,Annual,29.0,0,31.0,0,,Active
CUST-01424,2024-08-11,2024-08-01,LinkedIn Referral,United States,Pro,Annual,79.0,3,22.4,0,,Active
CUST-01425,2024-10-30,2024-10-01,Google Ads,United States,Basic,Monthly,29.0,2,7.3,1,,
CUST-01426,2024-03-06,2024-03-01,Direct,Canada,Basic,Monthly,29.0,3,10.7,1,2024-06-06,Price too high
CUST-01427,2024-10-29,2024-10-01,Organic Search,Canada,Pro,Annual,79.0,1,23.9,0,,Active
CUST-01428,2024-06-12,2024-06-01,Google Ads,Germany,Enterprise,Annual,199.0,0,26.5,0,,Active
CUST-01429,2024-01-05,2024-01-01,Google Ads,United Kingdom,Pro,Monthly,79.0,0,25.0,0,,Active
CUST-01430,2024-11-02,2024-11-01,Affiliate Partner,United Kingdom,Basic,Annual,29.0,4,26.1,0,,Active
CUST-01431,2024-12-18,2024-12-01,Google Ads,United States,Basic,Monthly,29.0,3,9.9,1,,
CUST-01432,2024-12-27,2024-12-01,Organic Search,United Kingdom,Pro,Monthly,79.0,3,32.5,0,,Active
CUST-01433,2024-11-19,2024-11-01,LinkedIn Referral,United States,Pro,Annual,79.0,2,24.9,0,,Active
CUST-01434,2024-12-26,2024-12-01,Google Ads,United States,Pro,Monthly,79.0,2,22.4,0,,Active
CUST-01435,2024-01-31,2024-01-01,Direct,United States,Pro,Monthly,79.0,5,8.8,1,2024-09-25,Missing key features
CUST-01436,2024-04-01,2024-04-01,Affiliate Partner,Germany,Pro,Annual,79.0,3,10.2,1,2024-10-11,Price too high
CUST-01437,2024-06-21,2024-06-01,Google Ads,United States,Enterprise,Monthly,199.0,1,20.3,0,,Active
CUST-01438,2024-04-09,2024-04-01,Google Ads,India,Enterprise,Monthly,199.0,0,22.7,0,,Active
CUST-01439,2024-12-01,2024-12-01,Google Ads,United Kingdom,Basic,Monthly,29.0,0,27.5,0,,Active
CUST-01440,2024-03-11,2024-03-01,LinkedIn Referral,United States,Enterprise,Annual,199.0,0,28.3,0,,Active
CUST-01441,2024-03-16,2024-03-01,Google Ads,United Kingdom,Basic,Monthly,29.0,4,6.8,1,2024-07-26,Missing key features
CUST-01442,2024-08-30,2024-08-01,Google Ads,United Kingdom,Basic,Monthly,29.0,4,8.7,1,2024-10-16,Price too high
CUST-01443,2024-11-28,2024-11-01,LinkedIn Referral,United States,Pro,Annual,79.0,1,21.4,0,,Active
CUST-01444,2024-03-17,2024-03-01,Google Ads,Germany,Enterprise,Monthly,199.0,2,7.3,1,2024-05-24,Missing key features
CUST-01445,2024-07-22,2024-07-01,Google Ads,United States,Basic,Monthly,29.0,0,25.0,0,,Active
CUST-01446,2024-12-09,2024-12-01,Organic Search,United Kingdom,Basic,Monthly,29.0,0,20.0,0,,Active
CUST-01447,2024-08-25,2024-08-01,Organic Search,United States,Pro,Monthly,79.0,2,22.7,0,,Active
CUST-01448,2024-03-02,2024-03-01,LinkedIn Referral,Germany,Basic,Monthly,29.0,1,10.4,1,2024-12-16,Switched to competitor
CUST-01449,2024-04-02,2024-04-01,Google Ads,United States,Pro,Annual,79.0,1,22.8,0,,Active
CUST-01450,2024-07-26,2024-07-01,Google Ads,United Kingdom,Pro,Annual,79.0,3,12.4,1,2024-09-12,Customer support delays
CUST-01451,2024-10-01,2024-10-01,Organic Search,United Kingdom,Pro,Monthly,79.0,5,8.0,1,2024-12-27,Customer support delays
CUST-01452,2024-10-26,2024-10-01,Google Ads,Germany,Pro,Monthly,79.0,4,22.5,0,,Active
CUST-01453,2024-04-16,2024-04-01,Google Ads,United States,Pro,Monthly,79.0,1,29.5,0,,Active
CUST-01454,2024-04-15,2024-04-01,Google Ads,Germany,Enterprise,Monthly,199.0,3,23.5,0,,Active
CUST-01455,2024-12-02,2024-12-01,Google Ads,United States,Pro,Monthly,79.0,3,6.5,1,2024-12-12,Missing key features
CUST-01456,2024-01-24,2024-01-01,Google Ads,United States,Basic,Monthly,29.0,0,31.2,0,,Active
CUST-01457,2024-02-20,2024-02-01,Google Ads,United States,Basic,Monthly,29.0,4,7.5,1,2024-03-23,Switched to competitor
CUST-01458,2024-04-06,2024-04-01,Google Ads,United States,Pro,Monthly,79.0,1,25.3,0,,Active
CUST-01459,2024-10-08,2024-10-01,LinkedIn Referral,United States,Enterprise,Annual,199.0,0,19.1,0,,Active
CUST-01460,2024-07-23,2024-07-01,Organic Search,Canada,Enterprise,Monthly,199.0,1,26.9,0,,Active
CUST-01461,2024-11-18,2024-11-01,Organic Search,United States,Pro,Monthly,79.0,1,21.7,0,,Active
CUST-01462,2024-12-22,2024-12-01,Organic Search,United States,Pro,Annual,79.0,2,23.5,0,,Active
CUST-01463,2024-07-09,2024-07-01,Direct,Canada,Pro,Monthly,79.0,1,24.5,0,,Active
CUST-01464,2024-08-10,2024-08-01,Google Ads,United States,Basic,Annual,29.0,2,33.6,0,,Active
CUST-01465,2024-12-16,2024-12-01,Organic Search,United States,Pro,Monthly,79.0,1,25.4,0,,Active
CUST-01466,2024-02-03,2024-02-01,Google Ads,United States,Pro,Annual,79.0,3,24.2,0,,Active
CUST-01467,2024-03-04,2024-03-01,Organic Search,United States,Pro,Monthly,79.0,1,17.2,0,,Active
CUST-01468,2024-01-25,2024-01-01,Organic Search,United States,Basic,Monthly,29.0,4,15.7,1,,
CUST-01469,2024-03-20,2024-03-01,LinkedIn Referral,United States,Enterprise,Annual,199.0,1,18.4,0,,Active
CUST-01470,2024-08-22,2024-08-01,Organic Search,United States,Pro,Monthly,79.0,4,19.4,0,,Active
CUST-01471,2024-08-07,2024-08-01,Google Ads,United Kingdom,Basic,Monthly,29.0,4,26.5,0,,Active
CUST-01472,2024-02-14,2024-02-01,Organic Search,United States,Basic,Monthly,29.0,2,5.3,1,2024-05-17,Price too high
CUST-01473,2024-02-09,2024-02-01,Google Ads,United States,Enterprise,Monthly,199.0,0,20.1,0,,Active
CUST-01474,2024-03-10,2024-03-01,Google Ads,United States,Enterprise,Monthly,199.0,1,35.7,0,,Active
CUST-01475,2024-12-25,2024-12-01,Google Ads,United States,Pro,Annual,79.0,0,21.3,0,,Active
CUST-01476,2024-06-25,2024-06-01,Direct,India,Pro,Annual,79.0,0,24.2,0,,Active
CUST-01477,2024-11-06,2024-11-01,Affiliate Partner,Germany,Enterprise,Annual,199.0,2,21.6,0,,Active
CUST-01478,2024-09-25,2024-09-01,Direct,United States,Pro,Monthly,79.0,3,23.2,0,,Active
CUST-01479,2024-06-29,2024-06-01,Organic Search,United States,Pro,Annual,79.0,1,23.5,0,,Active
CUST-01480,2024-10-03,2024-10-01,Organic Search,India,Basic,Annual,29.0,2,28.0,0,,Active
CUST-01481,2024-09-04,2024-09-01,Organic Search,India,Basic,Monthly,29.0,3,29.7,0,,Active
CUST-01482,2024-04-21,2024-04-01,LinkedIn Referral,United Kingdom,Pro,Annual,79.0,1,21.6,0,,Active
CUST-01483,2024-01-04,2024-01-01,Google Ads,United Kingdom,Basic,Monthly,29.0,1,5.5,1,2024-04-27,Switched to competitor
CUST-01484,2024-04-05,2024-04-01,Affiliate Partner,Germany,Basic,Monthly,29.0,7,15.4,1,2024-05-19,Price too high
CUST-01485,2024-09-08,2024-09-01,Google Ads,United States,Pro,Monthly,79.0,1,30.2,0,,Active
CUST-01486,2024-09-06,2024-09-01,Google Ads,Germany,Basic,Monthly,29.0,8,4.7,1,2024-10-01,Price too high
CUST-01487,2024-12-02,2024-12-01,Google Ads,United Kingdom,Basic,Annual,29.0,1,18.6,0,,Active
CUST-01488,2024-08-28,2024-08-01,Google Ads,India,Pro,Annual,79.0,2,22.5,0,,Active
CUST-01489,2024-02-25,2024-02-01,Google Ads,India,Basic,Monthly,29.0,5,12.5,1,2024-08-21,Switched to competitor
CUST-01490,2024-12-29,2024-12-01,Google Ads,India,Basic,Monthly,29.0,3,24.1,0,,Active
CUST-01491,2024-04-07,2024-04-01,Google Ads,United Kingdom,Pro,Monthly,79.0,3,5.3,1,2024-08-27,Poor onboarding / low usage
CUST-01492,2024-04-11,2024-04-01,Organic Search,United Kingdom,Pro,Monthly,79.0,1,24.6,0,,Active
CUST-01493,2024-07-23,2024-07-01,Organic Search,Canada,Enterprise,Monthly,199.0,0,24.7,0,,Active
CUST-01494,2024-01-11,2024-01-01,Organic Search,Germany,Basic,Monthly,29.0,2,11.2,1,2024-04-02,Customer support delays
CUST-01495,2024-05-01,2024-05-01,Google Ads,Germany,Basic,Monthly,29.0,1,5.1,1,2024-05-28,Customer support delays
CUST-01496,2024-06-24,2024-06-01,Organic Search,Canada,Enterprise,Monthly,199.0,2,5.2,1,2024-09-08,Switched to competitor
CUST-01497,2024-05-28,2024-05-01,Direct,United States,Basic,Monthly,29.0,0,6.8,1,2024-07-11,Switched to competitor
CUST-01498,2024-05-06,2024-05-01,LinkedIn Referral,United States,Basic,Monthly,29.0,2,20.4,0,,Active
CUST-01499,2024-08-07,2024-08-01,Organic Search,Germany,Basic,Monthly,29.0,0,24.4,0,,Active
CUST-01500,2024-04-02,2024-04-01,Google Ads,India,Pro,Monthly,79.0,1,22.4,0,,Active
CUST-01501,2024-01-10,2024-01-01,Google Ads,India,Enterprise,Monthly,199.0,0,26.1,0,,Active
CUST-01502,2024-05-17,2024-05-01,LinkedIn Referral,India,Pro,Monthly,79.0,7,4.6,1,2024-12-05,Missing key features
CUST-01503,2024-06-13,2024-06-01,LinkedIn Referral,United Kingdom,Pro,Monthly,79.0,1,32.7,0,,Active
CUST-01504,2024-06-04,2024-06-01,Direct,United States,Basic,Monthly,29.0,6,13.7,1,2024-06-26,Price too high
CUST-01505,2024-01-07,2024-01-01,Google Ads,India,Enterprise,Monthly,199.0,0,23.5,0,,Active
CUST-01506,2024-02-24,2024-02-01,Direct,United Kingdom,Basic,Annual,29.0,6,6.2,1,2024-12-08,Switched to competitor
CUST-01507,2024-11-12,2024-11-01,Organic Search,Canada,Basic,Annual,29.0,1,21.9,0,,Active
CUST-01508,2024-04-13,2024-04-01,LinkedIn Referral,United States,Enterprise,Monthly,199.0,1,26.5,0,,Active
CUST-01509,2024-06-26,2024-06-01,Direct,Germany,Pro,Monthly,79.0,2,3.7,1,2024-11-07,Switched to competitor
CUST-01510,2024-09-25,2024-09-01,Affiliate Partner,United States,Basic,Monthly,29.0,2,7.1,1,2024-12-14,Missing key features
CUST-01511,2024-05-20,2024-05-01,Organic Search,Germany,Basic,Monthly,29.0,5,9.2,1,2024-08-07,Customer support delays
CUST-01512,2024-02-01,2024-02-01,Affiliate Partner,Germany,Basic,Annual,29.0,1,24.1,0,,Active
CUST-01513,2024-07-24,2024-07-01,Affiliate Partner,United States,Basic,Monthly,29.0,3,4.7,1,2024-10-11,Missing key features
CUST-01514,2024-04-21,2024-04-01,Google Ads,United States,Basic,Monthly,29.0,4,11.0,1,2024-06-16,Price too high
CUST-01515,2024-09-19,2024-09-01,Google Ads,United Kingdom,Basic,Annual,29.0,2,30.3,0,,Active
CUST-01516,2024-04-22,2024-04-01,Google Ads,United Kingdom,Pro,Annual,79.0,4,26.6,0,,Active
CUST-01517,2024-03-09,2024-03-01,Affiliate Partner,Germany,Enterprise,Monthly,199.0,2,6.3,1,2024-09-17,Switched to competitor
CUST-01518,2024-11-19,2024-11-01,LinkedIn Referral,Germany,Basic,Monthly,29.0,5,25.5,0,,Active
CUST-01519,2024-02-12,2024-02-01,Direct,India,Enterprise,Monthly,199.0,3,4.5,1,2024-10-21,Customer support delays
CUST-01520,2024-04-22,2024-04-01,Google Ads,India,Basic,Monthly,29.0,3,4.1,1,2024-08-12,Price too high
CUST-01521,2024-10-25,2024-10-01,LinkedIn Referral,United States,Basic,Monthly,29.0,4,8.1,1,2024-11-18,Customer support delays
CUST-01522,2024-12-18,2024-12-01,Organic Search,United States,Pro,Annual,79.0,3,22.4,0,,Active
CUST-01523,2024-11-30,2024-11-01,Organic Search,Germany,Basic,Monthly,29.0,1,20.3,0,,Active
CUST-01524,2024-11-05,2024-11-01,LinkedIn Referral,United Kingdom,Pro,Monthly,79.0,0,23.7,0,,Active
CUST-01525,2024-04-22,2024-04-01,Organic Search,Canada,Basic,Monthly,29.0,1,24.8,0,,Active
CUST-01526,2024-09-02,2024-09-01,Organic Search,United States,Basic,Monthly,29.0,6,12.4,1,2024-09-08,Poor onboarding / low usage
CUST-01527,2024-08-23,2024-08-01,Google Ads,United Kingdom,Enterprise,Monthly,199.0,0,15.9,0,,Active
CUST-01528,2024-11-27,2024-11-01,LinkedIn Referral,Canada,Basic,Monthly,29.0,1,25.4,0,,Active
CUST-01529,2024-03-31,2024-03-01,Google Ads,India,Pro,Monthly,79.0,0,28.9,0,,Active
CUST-01530,2024-01-07,2024-01-01,Affiliate Partner,United States,Enterprise,Monthly,199.0,3,11.2,1,2024-04-03,Missing key features
CUST-01531,2024-01-07,2024-01-01,Google Ads,India,Pro,Annual,79.0,2,6.6,1,2024-03-15,Switched to competitor
CUST-01532,2024-02-12,2024-02-01,Affiliate Partner,United States,Pro,Annual,79.0,6,10.3,1,2024-07-07,Switched to competitor
CUST-01533,2024-02-24,2024-02-01,Google Ads,United States,Pro,Monthly,79.0,0,17.5,0,,Active
CUST-01534,2024-10-05,2024-10-01,Affiliate Partner,United States,Enterprise,Monthly,199.0,0,29.0,0,,Active
CUST-01535,2024-01-23,2024-01-01,LinkedIn Referral,Germany,Basic,Annual,29.0,2,9.0,1,2024-08-04,Price too high
CUST-01536,2024-07-16,2024-07-01,Google Ads,United States,Pro,Annual,79.0,6,24.0,0,,Active
CUST-01537,2024-02-27,2024-02-01,Organic Search,United Kingdom,Basic,Monthly,29.0,3,8.7,1,2024-08-06,Missing key features
CUST-01538,2024-03-01,2024-03-01,Google Ads,United Kingdom,Pro,Annual,79.0,3,14.6,1,2024-05-02,Poor onboarding / low usage
CUST-01539,2024-11-05,2024-11-01,Google Ads,United States,Pro,Monthly,79.0,2,25.2,0,,Active
CUST-01540,2024-06-20,2024-06-01,Google Ads,United States,Enterprise,Monthly,199.0,2,21.5,0,,Active
CUST-01541,2024-02-23,2024-02-01,Affiliate Partner,United States,Basic,Monthly,29.0,3,24.6,0,,Active
CUST-01542,2024-03-16,2024-03-01,Direct,India,Enterprise,Monthly,199.0,1,34.8,0,,Active
CUST-01543,2024-04-03,2024-04-01,Google Ads,Canada,Basic,Annual,29.0,0,22.2,0,,Active
CUST-01544,2024-05-05,2024-05-01,Organic Search,United States,Pro,Monthly,79.0,1,27.8,0,,Active
CUST-01545,2024-09-26,2024-09-01,Google Ads,United States,Basic,Annual,29.0,1,30.4,0,,Active
CUST-01546,2024-04-30,2024-04-01,Google Ads,United States,Pro,Monthly,79.0,0,26.1,0,,Active
CUST-01547,2024-03-12,2024-03-01,Google Ads,United Kingdom,Basic,Monthly,29.0,1,3.5,1,2024-10-13,Switched to competitor
CUST-01548,2024-03-01,2024-03-01,LinkedIn Referral,United Kingdom,Basic,Annual,29.0,10,14.4,1,2024-06-13,Switched to competitor
CUST-01549,2024-07-09,2024-07-01,Affiliate Partner,United States,Pro,Monthly,79.0,4,10.9,1,2024-07-13,Switched to competitor
CUST-01550,2024-12-05,2024-12-01,Google Ads,India,Enterprise,Monthly,199.0,0,17.0,0,,Active
CUST-01551,2024-09-01,2024-09-01,Organic Search,Germany,Basic,Monthly,29.0,10,4.6,1,2024-11-12,Switched to competitor
CUST-01552,2024-03-13,2024-03-01,Google Ads,Germany,Basic,Monthly,29.0,4,12.3,1,2024-03-16,Price too high
CUST-01553,2024-01-07,2024-01-01,Organic Search,United States,Basic,Monthly,29.0,2,14.0,1,2024-03-13,Price too high
CUST-01554,2024-08-28,2024-08-01,Organic Search,Germany,Pro,Monthly,79.0,0,19.4,0,,Active
CUST-01555,2024-06-21,2024-06-01,LinkedIn Referral,United States,Basic,Monthly,29.0,4,10.8,1,2024-08-24,Switched to competitor
CUST-01556,2024-03-20,2024-03-01,Google Ads,Germany,Pro,Monthly,79.0,3,15.4,1,2024-04-10,Switched to competitor
CUST-01557,2024-01-17,2024-01-01,Google Ads,United Kingdom,Enterprise,Monthly,199.0,0,27.1,0,,Active
CUST-01558,2024-03-21,2024-03-01,Affiliate Partner,United Kingdom,Enterprise,Monthly,199.0,0,26.5,0,,Active
CUST-01559,2024-11-05,2024-11-01,Google Ads,Germany,Basic,Monthly,29.0,1,24.0,0,,Active
CUST-01560,2024-08-27,2024-08-01,Organic Search,Germany,Basic,Monthly,29.0,5,8.7,1,,
CUST-01561,2024-11-27,2024-11-01,Google Ads,United States,Basic,Annual,29.0,1,18.8,0,,Active
CUST-01562,2024-02-23,2024-02-01,Direct,United States,Pro,Monthly,79.0,3,1.0,1,2024-06-02,Price too high
CUST-01563,2024-03-24,2024-03-01,Google Ads,Germany,Pro,Monthly,79.0,8,10.8,1,2024-05-13,Switched to competitor
CUST-01564,2024-01-06,2024-01-01,Organic Search,United States,Basic,Monthly,29.0,6,6.7,1,2024-05-14,Price too high
CUST-01565,2024-02-13,2024-02-01,Organic Search,United States,Basic,Monthly,29.0,7,10.1,1,2024-06-23,Price too high
CUST-01566,2024-02-17,2024-02-01,Affiliate Partner,India,Basic,Annual,29.0,2,6.2,1,2024-03-30,Price too high
CUST-01567,2024-05-24,2024-05-01,Direct,United States,Enterprise,Monthly,199.0,3,24.0,0,,Active
CUST-01568,2024-09-14,2024-09-01,Affiliate Partner,United Kingdom,Pro,Monthly,79.0,0,21.3,0,,Active
CUST-01569,2024-07-14,2024-07-01,Direct,United States,Enterprise,Monthly,199.0,3,6.0,1,2024-09-18,Switched to competitor
CUST-01570,2024-03-18,2024-03-01,Organic Search,Germany,Pro,Annual,79.0,3,22.4,0,,Active
CUST-01571,2024-09-13,2024-09-01,LinkedIn Referral,United States,Enterprise,Annual,199.0,1,27.3,0,,Active
CUST-01572,2024-06-23,2024-06-01,Google Ads,United Kingdom,Pro,Monthly,79.0,1,10.5,1,2024-12-13,Missing key features
CUST-01573,2024-12-15,2024-12-01,Organic Search,Germany,Basic,Monthly,29.0,0,21.4,0,,Active
CUST-01574,2024-04-16,2024-04-01,Organic Search,Germany,Basic,Annual,29.0,1,5.3,1,2024-11-07,Missing key features
CUST-01575,2024-06-07,2024-06-01,Affiliate Partner,United States,Basic,Monthly,29.0,6,7.0,1,2024-09-09,Missing key features
CUST-01576,2024-08-20,2024-08-01,Google Ads,Canada,Pro,Annual,79.0,1,22.7,0,,Active
CUST-01577,2024-02-15,2024-02-01,Google Ads,United States,Basic,Annual,29.0,1,3.1,1,2024-03-09,Customer support delays
CUST-01578,2024-08-23,2024-08-01,Organic Search,United States,Basic,Monthly,29.0,1,23.2,0,,Active
CUST-01579,2024-03-12,2024-03-01,Organic Search,Canada,Basic,Annual,29.0,5,25.6,0,,Active
CUST-01580,2024-11-15,2024-11-01,Affiliate Partner,Canada,Pro,Annual,79.0,4,24.4,0,,Active
CUST-01581,2024-12-15,2024-12-01,Affiliate Partner,Germany,Basic,Monthly,29.0,2,25.6,0,,Active
CUST-01582,2024-08-18,2024-08-01,Affiliate Partner,India,Pro,Monthly,79.0,1,23.4,0,,Active
CUST-01583,2024-05-05,2024-05-01,Affiliate Partner,United States,Pro,Monthly,79.0,2,24.2,0,,Active
CUST-01584,2024-08-24,2024-08-01,Google Ads,Germany,Pro,Monthly,79.0,0,22.4,0,,Active
CUST-01585,2024-02-25,2024-02-01,LinkedIn Referral,India,Basic,Monthly,29.0,7,8.4,1,2024-03-20,Poor onboarding / low usage
CUST-01586,2024-02-25,2024-02-01,LinkedIn Referral,United States,Basic,Annual,29.0,1,27.0,0,,Active
CUST-01587,2024-01-20,2024-01-01,Organic Search,United States,Enterprise,Annual,199.0,0,29.8,0,,Active
CUST-01588,2024-04-18,2024-04-01,Organic Search,Germany,Basic,Monthly,29.0,3,4.7,1,2024-09-18,Switched to competitor
CUST-01589,2024-05-20,2024-05-01,Affiliate Partner,United Kingdom,Pro,Annual,79.0,1,26.4,0,,Active
CUST-01590,2024-02-17,2024-02-01,Organic Search,United States,Basic,Monthly,29.0,4,24.4,0,,Active
CUST-01591,2024-12-20,2024-12-01,Google Ads,Canada,Basic,Monthly,29.0,2,26.6,0,,Active
CUST-01592,2024-01-06,2024-01-01,Direct,Canada,Basic,Monthly,29.0,1,1.0,1,2024-12-16,Price too high
CUST-01593,2024-03-16,2024-03-01,Organic Search,United States,Basic,Monthly,29.0,1,27.8,0,,Active
CUST-01594,2024-11-23,2024-11-01,LinkedIn Referral,United States,Basic,Monthly,29.0,6,6.7,1,2024-12-30,Switched to competitor
CUST-01595,2024-04-06,2024-04-01,Organic Search,United States,Basic,Annual,29.0,5,3.6,1,2024-12-29,Switched to competitor
CUST-01596,2024-07-05,2024-07-01,Organic Search,United Kingdom,Enterprise,Monthly,199.0,5,6.7,1,2024-07-15,Poor onboarding / low usage
CUST-01597,2024-09-14,2024-09-01,Organic Search,India,Basic,Monthly,29.0,1,30.7,0,,Active
CUST-01598,2024-07-30,2024-07-01,Google Ads,United Kingdom,Basic,Annual,29.0,1,24.2,0,,Active
CUST-01599,2024-03-31,2024-03-01,Organic Search,United States,Basic,Monthly,29.0,1,29.8,0,,Active
CUST-01600,2024-02-20,2024-02-01,LinkedIn Referral,United States,Basic,Annual,29.0,4,16.1,1,2024-05-11,Poor onboarding / low usage
CUST-01601,2024-01-09,2024-01-01,Google Ads,Germany,Basic,Monthly,29.0,5,12.9,1,2024-06-22,Poor onboarding / low usage
CUST-01602,2024-09-14,2024-09-01,Google Ads,United States,Enterprise,Monthly,199.0,2,8.6,1,2024-10-24,Price too high
CUST-01603,2024-08-03,2024-08-01,Organic Search,United States,Pro,Monthly,79.0,1,21.2,0,,Active
CUST-01604,2024-03-04,2024-03-01,LinkedIn Referral,Canada,Pro,Monthly,79.0,4,25.2,0,,Active
CUST-01605,2024-05-17,2024-05-01,Direct,United States,Basic,Monthly,29.0,1,26.1,0,,Active
CUST-01606,2024-01-08,2024-01-01,LinkedIn Referral,United Kingdom,Pro,Monthly,79.0,5,10.2,1,2024-02-03,Poor onboarding / low usage
CUST-01607,2024-07-10,2024-07-01,Affiliate Partner,United Kingdom,Enterprise,Monthly,199.0,2,16.2,0,,Active
CUST-01608,2024-08-08,2024-08-01,Google Ads,Germany,Basic,Annual,29.0,1,25.3,0,,Active
CUST-01609,2024-10-22,2024-10-01,LinkedIn Referral,United Kingdom,Basic,Monthly,29.0,2,30.7,0,,Active
CUST-01610,2024-03-29,2024-03-01,Affiliate Partner,United Kingdom,Pro,Monthly,79.0,4,25.2,0,,Active
CUST-01611,2024-05-13,2024-05-01,Organic Search,United States,Pro,Monthly,79.0,6,3.7,1,2024-09-11,Poor onboarding / low usage
CUST-01612,2024-11-17,2024-11-01,Organic Search,United States,Pro,Monthly,79.0,1,24.9,0,,Active
CUST-01613,2024-11-12,2024-11-01,Affiliate Partner,United States,Pro,Monthly,79.0,0,26.8,0,,Active
CUST-01614,2024-02-10,2024-02-01,Organic Search,India,Pro,Monthly,79.0,2,5.5,1,2024-04-04,Missing key features
CUST-01615,2024-03-07,2024-03-01,Google Ads,Germany,Enterprise,Monthly,199.0,1,26.7,0,,Active
CUST-01616,2024-07-12,2024-07-01,Google Ads,United States,Basic,Monthly,29.0,0,28.8,0,,Active
CUST-01617,2024-10-23,2024-10-01,LinkedIn Referral,Canada,Basic,Monthly,29.0,5,5.8,1,2024-12-12,Missing key features
CUST-01618,2024-03-03,2024-03-01,Organic Search,United States,Pro,Monthly,79.0,4,7.7,1,2024-12-01,Customer support delays
CUST-01619,2024-09-06,2024-09-01,Organic Search,United States,Enterprise,Annual,199.0,5,26.4,0,,Active
CUST-01620,2024-06-09,2024-06-01,Organic Search,United States,Basic,Annual,29.0,3,20.8,0,,Active
CUST-01621,2024-01-17,2024-01-01,Affiliate Partner,United States,Basic,Monthly,29.0,3,8.7,1,2024-01-28,Switched to competitor
CUST-01622,2024-06-26,2024-06-01,Organic Search,United States,Pro,Monthly,79.0,2,18.9,0,,Active
CUST-01623,2024-01-16,2024-01-01,Organic Search,India,Basic,Monthly,29.0,4,14.2,1,2024-07-19,Customer support delays
CUST-01624,2024-04-22,2024-04-01,Affiliate Partner,Germany,Basic,Monthly,29.0,9,1.0,1,2024-05-15,Switched to competitor
CUST-01625,2024-03-05,2024-03-01,Direct,United Kingdom,Basic,Monthly,29.0,1,22.5,0,,Active
CUST-01626,2024-04-08,2024-04-01,Google Ads,United States,Pro,Annual,79.0,2,27.8,0,,Active
CUST-01627,2024-04-15,2024-04-01,Google Ads,United Kingdom,Basic,Annual,29.0,2,25.8,0,,Active
CUST-01628,2024-10-17,2024-10-01,Google Ads,United Kingdom,Basic,Monthly,29.0,1,9.5,0,,Active
CUST-01629,2024-08-18,2024-08-01,Organic Search,United States,Basic,Monthly,29.0,3,12.9,1,2024-10-04,Price too high
CUST-01630,2024-05-09,2024-05-01,Organic Search,United Kingdom,Pro,Monthly,79.0,4,10.2,1,2024-11-11,Missing key features
CUST-01631,2024-06-14,2024-06-01,Google Ads,United States,Basic,Monthly,29.0,4,29.1,0,,Active
CUST-01632,2024-01-05,2024-01-01,LinkedIn Referral,Germany,Basic,Monthly,29.0,6,6.8,1,2024-02-15,Poor onboarding / low usage
CUST-01633,2024-04-19,2024-04-01,LinkedIn Referral,Germany,Basic,Monthly,29.0,2,1.0,1,2024-11-24,Switched to competitor
CUST-01634,2024-11-07,2024-11-01,LinkedIn Referral,Germany,Pro,Monthly,79.0,2,19.2,0,,Active
CUST-01635,2024-12-09,2024-12-01,Affiliate Partner,United States,Pro,Monthly,79.0,5,4.6,1,2024-12-30,Switched to competitor
CUST-01636,2024-08-03,2024-08-01,Affiliate Partner,United States,Basic,Monthly,29.0,0,7.9,1,2024-12-17,Price too high
CUST-01637,2024-09-12,2024-09-01,Organic Search,United States,Basic,Monthly,29.0,4,7.8,1,2024-09-21,Price too high
CUST-01638,2024-08-03,2024-08-01,Organic Search,Germany,Pro,Monthly,79.0,0,23.7,0,,Active
CUST-01639,2024-01-11,2024-01-01,Affiliate Partner,United States,Pro,Monthly,79.0,7,4.1,1,2024-11-27,Missing key features
CUST-01640,2024-01-09,2024-01-01,Organic Search,United Kingdom,Basic,Monthly,29.0,5,7.5,1,2024-01-13,Customer support delays
CUST-01641,2024-07-31,2024-07-01,Google Ads,United States,Basic,Annual,29.0,0,17.6,0,,Active
CUST-01642,2024-11-09,2024-11-01,Google Ads,United Kingdom,Basic,Annual,29.0,9,1.0,1,2024-11-19,Switched to competitor
CUST-01643,2024-12-22,2024-12-01,Organic Search,Germany,Basic,Monthly,29.0,3,22.4,0,,Active
CUST-01644,2024-09-09,2024-09-01,Google Ads,United Kingdom,Pro,Monthly,79.0,5,6.4,1,2024-11-20,Missing key features
CUST-01645,2024-11-12,2024-11-01,Organic Search,Germany,Pro,Monthly,79.0,3,30.2,0,,Active
CUST-01646,2024-01-06,2024-01-01,LinkedIn Referral,United States,Basic,Monthly,29.0,3,6.0,1,2024-06-28,Price too high
CUST-01647,2024-07-07,2024-07-01,Google Ads,United States,Basic,Monthly,29.0,1,12.6,1,2024-09-28,Switched to competitor
CUST-01648,2024-01-27,2024-01-01,Affiliate Partner,United Kingdom,Pro,Monthly,79.0,2,7.8,1,2024-04-06,Missing key features
CUST-01649,2024-02-08,2024-02-01,Affiliate Partner,United States,Enterprise,Monthly,199.0,2,26.4,0,,Active
CUST-01650,2024-07-30,2024-07-01,Google Ads,India,Pro,Annual,79.0,1,25.1,0,,Active
CUST-01651,2024-05-23,2024-05-01,Affiliate Partner,United States,Pro,Monthly,79.0,4,7.9,1,2024-11-07,Price too high
CUST-01652,2024-05-04,2024-05-01,Affiliate Partner,Germany,Basic,Annual,29.0,3,1.0,1,2024-08-18,Switched to competitor
CUST-01653,2024-01-31,2024-01-01,Organic Search,United States,Basic,Monthly,29.0,1,20.5,0,,Active
CUST-01654,2024-12-01,2024-12-01,Direct,Canada,Basic,Monthly,29.0,0,25.8,0,,Active
CUST-01655,2024-09-15,2024-09-01,Direct,United Kingdom,Basic,Monthly,29.0,4,6.7,1,2024-09-20,Price too high
CUST-01656,2024-04-22,2024-04-01,Affiliate Partner,United States,Pro,Monthly,79.0,5,7.2,1,2024-11-02,Price too high
CUST-01657,2024-03-25,2024-03-01,Organic Search,Germany,Basic,Monthly,29.0,4,15.1,1,2024-07-08,Price too high
CUST-01658,2024-02-24,2024-02-01,Google Ads,Germany,Pro,Annual,79.0,4,1.4,1,2024-07-15,Price too high
CUST-01659,2024-09-28,2024-09-01,Organic Search,United Kingdom,Basic,Monthly,29.0,3,12.8,1,,
CUST-01660,2024-04-18,2024-04-01,Google Ads,United States,Enterprise,Annual,199.0,0,24.1,0,,Active
CUST-01661,2024-05-30,2024-05-01,Affiliate Partner,United States,Basic,Monthly,29.0,10,11.3,1,2024-10-29,Price too high
CUST-01662,2024-11-26,2024-11-01,Direct,United States,Pro,Monthly,79.0,1,26.3,0,,Active
CUST-01663,2024-02-28,2024-02-01,Google Ads,United States,Basic,Monthly,29.0,3,9.6,1,2024-03-01,Switched to competitor
CUST-01664,2024-10-21,2024-10-01,Affiliate Partner,United States,Basic,Monthly,29.0,5,2.9,1,2024-11-24,Switched to competitor
CUST-01665,2024-05-21,2024-05-01,Google Ads,United States,Pro,Monthly,79.0,0,21.3,0,,Active
CUST-01666,2024-04-15,2024-04-01,Organic Search,United States,Pro,Annual,79.0,2,15.4,1,2024-09-18,Price too high
CUST-01667,2024-09-14,2024-09-01,Organic Search,India,Enterprise,Monthly,199.0,2,19.2,0,,Active
CUST-01668,2024-12-18,2024-12-01,Organic Search,United States,Pro,Annual,79.0,0,23.4,0,,Active
CUST-01669,2024-06-10,2024-06-01,Google Ads,India,Pro,Annual,79.0,0,34.7,0,,Active
CUST-01670,2024-01-11,2024-01-01,Affiliate Partner,United States,Basic,Monthly,29.0,3,15.0,1,2024-04-02,Poor onboarding / low usage
CUST-01671,2024-01-05,2024-01-01,Google Ads,United States,Basic,Annual,29.0,1,27.4,0,,Active
CUST-01672,2024-03-16,2024-03-01,Organic Search,United States,Basic,Monthly,29.0,1,9.0,1,2024-05-11,Missing key features
CUST-01673,2024-06-20,2024-06-01,Direct,United Kingdom,Basic,Annual,29.0,4,8.3,1,2024-12-29,Price too high
CUST-01674,2024-06-03,2024-06-01,Google Ads,Germany,Pro,Annual,79.0,1,22.4,0,,Active
CUST-01675,2024-12-17,2024-12-01,Affiliate Partner,United Kingdom,Pro,Annual,79.0,2,20.9,0,,Active
CUST-01676,2024-11-23,2024-11-01,LinkedIn Referral,United States,Basic,Monthly,29.0,4,5.9,1,2024-12-07,Missing key features
CUST-01677,2024-04-22,2024-04-01,LinkedIn Referral,United States,Enterprise,Annual,199.0,3,28.0,0,,Active
CUST-01678,2024-07-12,2024-07-01,Affiliate Partner,Germany,Enterprise,Monthly,199.0,3,28.8,0,,Active
CUST-01679,2024-09-26,2024-09-01,Affiliate Partner,India,Basic,Monthly,29.0,2,22.2,0,,Active
CUST-01680,2024-10-28,2024-10-01,LinkedIn Referral,United States,Pro,Annual,79.0,1,19.2,0,,Active
CUST-01681,2024-01-22,2024-01-01,Direct,Germany,Basic,Monthly,29.0,1,11.2,1,2024-09-19,Price too high
CUST-01682,2024-09-12,2024-09-01,Organic Search,Germany,Pro,Monthly,79.0,1,21.3,0,,Active
CUST-01683,2024-05-28,2024-05-01,Organic Search,United Kingdom,Basic,Annual,29.0,3,13.2,1,2024-10-27,Switched to competitor
CUST-01684,2024-04-21,2024-04-01,Google Ads,United States,Basic,Monthly,29.0,2,8.6,1,2024-06-30,Missing key features
CUST-01685,2024-01-03,2024-01-01,LinkedIn Referral,India,Basic,Monthly,29.0,1,17.1,1,2024-03-12,Price too high
CUST-01686,2024-03-11,2024-03-01,Direct,United States,Pro,Monthly,79.0,2,23.8,0,,Active
CUST-01687,2024-10-26,2024-10-01,Affiliate Partner,United States,Basic,Monthly,29.0,1,7.6,1,,
CUST-01688,2024-05-07,2024-05-01,Google Ads,United States,Basic,Monthly,29.0,1,12.6,1,2024-09-13,Missing key features
CUST-01689,2024-06-03,2024-06-01,LinkedIn Referral,India,Pro,Annual,79.0,0,23.2,0,,Active
CUST-01690,2024-05-08,2024-05-01,Google Ads,India,Enterprise,Monthly,199.0,1,27.4,0,,Active
CUST-01691,2024-08-11,2024-08-01,Organic Search,India,Basic,Annual,29.0,2,16.8,0,,Active
CUST-01692,2024-07-02,2024-07-01,Affiliate Partner,United Kingdom,Pro,Monthly,79.0,5,4.1,1,2024-11-17,Price too high
CUST-01693,2024-01-14,2024-01-01,Google Ads,United States,Pro,Monthly,79.0,2,22.0,0,,Active
CUST-01694,2024-07-20,2024-07-01,Organic Search,United Kingdom,Basic,Monthly,29.0,1,26.3,0,,Active
CUST-01695,2024-02-13,2024-02-01,LinkedIn Referral,Canada,Pro,Monthly,79.0,7,7.9,1,2024-03-11,Price too high
CUST-01696,2024-11-28,2024-11-01,Organic Search,United Kingdom,Basic,Monthly,29.0,4,8.5,1,2024-12-18,Switched to competitor
CUST-01697,2024-02-19,2024-02-01,Direct,United Kingdom,Basic,Monthly,29.0,1,26.6,0,,Active
CUST-01698,2024-09-10,2024-09-01,Google Ads,India,Basic,Monthly,29.0,4,32.2,0,,Active
CUST-01699,2024-11-17,2024-11-01,Affiliate Partner,United States,Pro,Monthly,79.0,0,21.1,0,,Active
CUST-01700,2024-01-04,2024-01-01,LinkedIn Referral,United Kingdom,Enterprise,Monthly,199.0,6,8.3,1,2024-10-17,Missing key features
CUST-01701,2024-08-15,2024-08-01,Google Ads,Germany,Basic,Monthly,29.0,2,23.0,0,,Active
CUST-01702,2024-04-30,2024-04-01,Google Ads,United States,Enterprise,Annual,199.0,3,29.6,0,,Active
CUST-01703,2024-12-02,2024-12-01,Affiliate Partner,Germany,Basic,Monthly,29.0,0,28.4,0,,Active
CUST-01704,2024-09-18,2024-09-01,Affiliate Partner,Germany,Basic,Monthly,29.0,0,21.6,0,,Active
CUST-01705,2024-12-07,2024-12-01,Organic Search,United Kingdom,Pro,Monthly,79.0,3,25.6,0,,Active
CUST-01706,2024-10-28,2024-10-01,LinkedIn Referral,United Kingdom,Pro,Monthly,79.0,2,23.1,0,,Active
CUST-01707,2024-12-23,2024-12-01,Google Ads,India,Basic,Monthly,29.0,2,23.7,0,,Active
CUST-01708,2024-08-25,2024-08-01,LinkedIn Referral,Germany,Pro,Monthly,79.0,0,7.8,1,2024-11-08,Price too high
CUST-01709,2024-03-02,2024-03-01,Affiliate Partner,United Kingdom,Basic,Monthly,29.0,7,5.8,1,2024-04-11,Price too high
CUST-01710,2024-01-18,2024-01-01,Google Ads,United States,Pro,Monthly,79.0,5,10.7,1,2024-04-29,Price too high
CUST-01711,2024-03-12,2024-03-01,Organic Search,United Kingdom,Pro,Annual,79.0,3,20.6,0,,Active
CUST-01712,2024-02-02,2024-02-01,Google Ads,United States,Basic,Monthly,29.0,4,8.7,1,2024-12-25,Price too high
CUST-01713,2024-11-26,2024-11-01,Google Ads,United States,Pro,Monthly,79.0,0,25.4,0,,Active
CUST-01714,2024-11-06,2024-11-01,Organic Search,India,Basic,Monthly,29.0,3,24.2,0,,Active
CUST-01715,2024-09-16,2024-09-01,Organic Search,Germany,Basic,Monthly,29.0,5,9.8,1,2024-11-26,Poor onboarding / low usage
CUST-01716,2024-10-28,2024-10-01,LinkedIn Referral,United Kingdom,Basic,Monthly,29.0,2,26.2,0,,Active
CUST-01717,2024-07-25,2024-07-01,Organic Search,United Kingdom,Enterprise,Monthly,199.0,1,21.0,0,,Active
CUST-01718,2024-12-13,2024-12-01,Affiliate Partner,Germany,Basic,Monthly,29.0,2,25.1,0,,Active
CUST-01719,2024-04-28,2024-04-01,Direct,India,Pro,Monthly,79.0,0,21.6,0,,Active
CUST-01720,2024-02-02,2024-02-01,LinkedIn Referral,United States,Basic,Annual,29.0,2,11.3,1,2024-02-11,Price too high
CUST-01721,2024-02-28,2024-02-01,Organic Search,United States,Pro,Annual,79.0,1,8.8,1,2024-03-23,Switched to competitor
CUST-01722,2024-02-07,2024-02-01,LinkedIn Referral,United States,Pro,Annual,79.0,5,6.0,1,2024-05-13,Poor onboarding / low usage
CUST-01723,2024-06-13,2024-06-01,Google Ads,Germany,Pro,Annual,79.0,1,25.7,0,,Active
CUST-01724,2024-12-13,2024-12-01,Google Ads,Germany,Pro,Monthly,79.0,1,23.7,0,,Active
CUST-01725,2024-04-13,2024-04-01,Affiliate Partner,Germany,Pro,Monthly,79.0,2,6.9,1,2024-10-02,Price too high
CUST-01726,2024-02-19,2024-02-01,Organic Search,United States,Pro,Monthly,79.0,0,18.9,0,,Active
CUST-01727,2024-09-11,2024-09-01,Direct,United States,Enterprise,Monthly,199.0,1,21.7,0,,Active
CUST-01728,2024-07-01,2024-07-01,LinkedIn Referral,United States,Basic,Annual,29.0,3,13.4,1,2024-10-13,Price too high
CUST-01729,2024-11-16,2024-11-01,Organic Search,United States,Pro,Annual,79.0,2,19.2,0,,Active
CUST-01730,2024-02-10,2024-02-01,Affiliate Partner,United States,Basic,Monthly,29.0,5,5.2,1,2024-02-27,Missing key features
CUST-01731,2024-06-01,2024-06-01,Google Ads,United States,Basic,Annual,29.0,5,10.0,1,2024-08-18,Switched to competitor
CUST-01732,2024-06-18,2024-06-01,Google Ads,United States,Basic,Monthly,29.0,3,1.0,1,2024-07-15,Missing key features
CUST-01733,2024-05-28,2024-05-01,Google Ads,India,Enterprise,Monthly,199.0,2,20.0,0,,Active
CUST-01734,2024-09-22,2024-09-01,Organic Search,United Kingdom,Basic,Monthly,29.0,5,11.5,1,,
CUST-01735,2024-02-26,2024-02-01,Affiliate Partner,United States,Basic,Monthly,29.0,1,1.0,1,2024-07-09,Poor onboarding / low usage
CUST-01736,2024-05-13,2024-05-01,Organic Search,United Kingdom,Basic,Monthly,29.0,3,8.0,1,2024-07-19,Price too high
CUST-01737,2024-10-07,2024-10-01,Google Ads,United Kingdom,Pro,Monthly,79.0,3,25.7,0,,Active
CUST-01738,2024-02-01,2024-02-01,Organic Search,United States,Basic,Monthly,29.0,1,9.8,1,2024-03-21,Missing key features
CUST-01739,2024-11-08,2024-11-01,LinkedIn Referral,United States,Basic,Monthly,29.0,3,27.3,0,,Active
CUST-01740,2024-01-19,2024-01-01,Google Ads,United States,Basic,Monthly,29.0,3,8.7,1,2024-03-03,Missing key features
CUST-01741,2024-11-02,2024-11-01,LinkedIn Referral,United States,Enterprise,Monthly,199.0,2,24.5,0,,Active
CUST-01742,2024-10-09,2024-10-01,Google Ads,Canada,Pro,Monthly,79.0,1,22.7,0,,Active
CUST-01743,2024-02-23,2024-02-01,Affiliate Partner,Canada,Enterprise,Monthly,199.0,2,11.8,1,2024-09-22,Switched to competitor
CUST-01744,2024-01-14,2024-01-01,Google Ads,United States,Basic,Monthly,29.0,3,7.8,1,2024-09-05,Price too high
CUST-01745,2024-07-12,2024-07-01,Google Ads,Germany,Basic,Monthly,29.0,1,29.2,0,,Active
CUST-01746,2024-07-07,2024-07-01,Organic Search,United States,Basic,Monthly,29.0,1,8.2,1,2024-11-05,Poor onboarding / low usage
CUST-01747,2024-04-26,2024-04-01,Google Ads,United States,Basic,Monthly,29.0,2,5.6,1,2024-09-19,Price too high
CUST-01748,2024-01-08,2024-01-01,Direct,Germany,Pro,Monthly,79.0,7,5.2,1,2024-03-10,Poor onboarding / low usage
CUST-01749,2024-03-05,2024-03-01,Organic Search,United States,Enterprise,Monthly,199.0,2,24.1,0,,Active
CUST-01750,2024-02-09,2024-02-01,Affiliate Partner,United States,Basic,Monthly,29.0,1,23.6,0,,Active
CUST-01751,2024-11-30,2024-11-01,Google Ads,India,Basic,Monthly,29.0,1,25.8,0,,Active
CUST-01752,2024-06-12,2024-06-01,Google Ads,Germany,Basic,Annual,29.0,2,1.6,1,2024-08-25,Customer support delays
CUST-01753,2024-12-27,2024-12-01,Google Ads,India,Pro,Monthly,79.0,1,30.2,0,,Active
CUST-01754,2024-09-05,2024-09-01,Organic Search,United States,Pro,Monthly,79.0,2,25.6,0,,Active
CUST-01755,2024-04-28,2024-04-01,LinkedIn Referral,India,Basic,Annual,29.0,5,11.6,1,2024-10-03,Switched to competitor
CUST-01756,2024-12-23,2024-12-01,Affiliate Partner,United Kingdom,Pro,Monthly,79.0,3,26.0,0,,Active
CUST-01757,2024-08-20,2024-08-01,LinkedIn Referral,United States,Enterprise,Monthly,199.0,0,14.9,1,2024-10-16,Customer support delays
CUST-01758,2024-01-18,2024-01-01,LinkedIn Referral,India,Basic,Monthly,29.0,2,10.4,1,2024-06-14,Switched to competitor
CUST-01759,2024-11-08,2024-11-01,Organic Search,United States,Pro,Monthly,79.0,4,15.9,1,2024-12-21,Price too high
CUST-01760,2024-07-15,2024-07-01,Google Ads,United States,Pro,Monthly,79.0,2,24.1,0,,Active
CUST-01761,2024-01-17,2024-01-01,Affiliate Partner,United Kingdom,Basic,Annual,29.0,6,6.8,1,2024-04-06,Switched to competitor
CUST-01762,2024-06-21,2024-06-01,LinkedIn Referral,Canada,Basic,Monthly,29.0,3,28.2,0,,Active
CUST-01763,2024-08-10,2024-08-01,Affiliate Partner,India,Pro,Monthly,79.0,2,20.9,0,,Active
CUST-01764,2024-10-10,2024-10-01,Google Ads,United States,Basic,Monthly,29.0,0,23.2,0,,Active
CUST-01765,2024-09-30,2024-09-01,Google Ads,United States,Basic,Monthly,29.0,4,23.3,0,,Active
CUST-01766,2024-03-24,2024-03-01,Affiliate Partner,United States,Pro,Monthly,79.0,2,23.8,0,,Active
CUST-01767,2024-05-31,2024-05-01,Affiliate Partner,United Kingdom,Enterprise,Monthly,199.0,2,20.9,0,,Active
CUST-01768,2024-03-04,2024-03-01,Affiliate Partner,Canada,Basic,Monthly,29.0,3,14.5,1,2024-08-02,Switched to competitor
CUST-01769,2024-08-26,2024-08-01,Google Ads,Germany,Basic,Monthly,29.0,1,2.7,1,2024-09-07,Poor onboarding / low usage
CUST-01770,2024-09-02,2024-09-01,Google Ads,Canada,Pro,Annual,79.0,2,22.4,0,,Active
CUST-01771,2024-02-10,2024-02-01,Google Ads,India,Pro,Monthly,79.0,9,7.7,1,2024-05-16,Switched to competitor
CUST-01772,2024-05-12,2024-05-01,Organic Search,United Kingdom,Enterprise,Monthly,199.0,1,18.7,0,,Active
CUST-01773,2024-02-28,2024-02-01,Affiliate Partner,Canada,Basic,Monthly,29.0,7,2.4,1,,
CUST-01774,2024-06-29,2024-06-01,Google Ads,United States,Basic,Monthly,29.0,7,16.4,1,2024-08-06,Switched to competitor
CUST-01775,2024-06-28,2024-06-01,LinkedIn Referral,United States,Pro,Annual,79.0,3,33.1,0,,Active
CUST-01776,2024-12-14,2024-12-01,Google Ads,India,Enterprise,Monthly,199.0,1,17.9,0,,Active
CUST-01777,2024-11-24,2024-11-01,LinkedIn Referral,United States,Enterprise,Monthly,199.0,2,25.2,0,,Active
CUST-01778,2024-01-13,2024-01-01,Direct,United Kingdom,Pro,Monthly,79.0,6,10.7,1,2024-10-14,Missing key features
CUST-01779,2024-10-29,2024-10-01,Direct,United States,Pro,Monthly,79.0,2,12.8,1,2024-11-18,Customer support delays
CUST-01780,2024-04-18,2024-04-01,Google Ads,Germany,Enterprise,Annual,199.0,2,19.0,0,,Active
CUST-01781,2024-03-17,2024-03-01,Organic Search,United States,Enterprise,Monthly,199.0,1,23.2,0,,Active
CUST-01782,2024-03-03,2024-03-01,Google Ads,Germany,Basic,Monthly,29.0,4,9.4,1,2024-05-18,Missing key features
CUST-01783,2024-12-03,2024-12-01,LinkedIn Referral,United States,Basic,Monthly,29.0,1,29.3,0,,Active
CUST-01784,2024-08-13,2024-08-01,Google Ads,United States,Basic,Monthly,29.0,1,28.9,0,,Active
CUST-01785,2024-07-04,2024-07-01,Direct,Germany,Basic,Monthly,29.0,4,26.7,0,,Active
CUST-01786,2024-07-28,2024-07-01,Direct,United Kingdom,Pro,Monthly,79.0,3,22.0,0,,Active
CUST-01787,2024-08-17,2024-08-01,Affiliate Partner,United States,Basic,Monthly,29.0,0,18.9,0,,Active
CUST-01788,2024-05-05,2024-05-01,Affiliate Partner,India,Basic,Monthly,29.0,2,11.8,1,2024-12-15,Missing key features
CUST-01789,2024-09-15,2024-09-01,Google Ads,United States,Basic,Annual,29.0,1,20.0,0,,Active
CUST-01790,2024-04-02,2024-04-01,Direct,United Kingdom,Pro,Monthly,79.0,4,5.2,1,2024-05-06,Missing key features
CUST-01791,2024-08-02,2024-08-01,Google Ads,United States,Basic,Monthly,29.0,1,8.2,1,2024-12-02,Customer support delays
CUST-01792,2024-08-08,2024-08-01,Organic Search,Germany,Basic,Monthly,29.0,6,2.6,1,2024-08-14,Poor onboarding / low usage
CUST-01793,2024-02-07,2024-02-01,LinkedIn Referral,Canada,Basic,Monthly,29.0,4,26.9,0,,Active
CUST-01794,2024-10-29,2024-10-01,Organic Search,United States,Pro,Annual,79.0,2,16.2,0,,Active
CUST-01795,2024-02-07,2024-02-01,Organic Search,United States,Pro,Monthly,79.0,0,24.6,0,,Active
CUST-01796,2024-09-17,2024-09-01,Direct,United States,Pro,Monthly,79.0,2,26.8,0,,Active
CUST-01797,2024-11-28,2024-11-01,Affiliate Partner,United States,Basic,Monthly,29.0,1,21.9,0,,Active
CUST-01798,2024-03-31,2024-03-01,Organic Search,Germany,Basic,Monthly,29.0,2,7.8,1,2024-07-09,Price too high
CUST-01799,2024-09-09,2024-09-01,Organic Search,Canada,Basic,Monthly,29.0,3,24.9,0,,Active
CUST-01800,2024-08-06,2024-08-01,Google Ads,United States,Basic,Monthly,29.0,3,7.2,1,2024-12-28,Missing key features
CUST-01801,2024-04-17,2024-04-01,Direct,United States,Enterprise,Monthly,199.0,2,21.6,0,,Active
CUST-01802,2024-03-27,2024-03-01,Organic Search,India,Basic,Monthly,29.0,3,22.0,0,,Active
CUST-01803,2024-01-15,2024-01-01,Direct,United Kingdom,Pro,Monthly,79.0,4,10.8,1,2024-03-03,Missing key features
CUST-01804,2024-10-02,2024-10-01,Organic Search,United Kingdom,Basic,Monthly,29.0,5,2.1,1,2024-11-28,Poor onboarding / low usage
CUST-01805,2024-01-14,2024-01-01,Organic Search,United States,Basic,Monthly,29.0,1,29.0,0,,Active
CUST-01806,2024-09-09,2024-09-01,Google Ads,United States,Pro,Monthly,79.0,3,23.3,0,,Active
CUST-01807,2024-02-29,2024-02-01,LinkedIn Referral,United States,Pro,Monthly,79.0,1,24.4,0,,Active
CUST-01808,2024-12-18,2024-12-01,Google Ads,Germany,Basic,Monthly,29.0,1,21.4,0,,Active
CUST-01809,2024-01-20,2024-01-01,Organic Search,India,Basic,Monthly,29.0,4,1.0,1,2024-09-07,Switched to competitor
CUST-01810,2024-11-17,2024-11-01,LinkedIn Referral,Canada,Pro,Annual,79.0,1,3.6,1,2024-11-22,Switched to competitor
CUST-01811,2024-10-27,2024-10-01,Organic Search,United States,Basic,Monthly,29.0,1,27.1,0,,Active
CUST-01812,2024-05-15,2024-05-01,Google Ads,Germany,Pro,Monthly,79.0,1,23.1,0,,Active
CUST-01813,2024-04-19,2024-04-01,Organic Search,United States,Basic,Monthly,29.0,7,10.3,1,2024-04-22,Poor onboarding / low usage
CUST-01814,2024-09-08,2024-09-01,Organic Search,United Kingdom,Pro,Monthly,79.0,1,26.3,0,,Active
CUST-01815,2024-05-14,2024-05-01,Direct,Germany,Pro,Monthly,79.0,0,31.5,0,,Active
CUST-01816,2024-05-29,2024-05-01,LinkedIn Referral,United States,Pro,Annual,79.0,0,20.6,0,,Active
CUST-01817,2024-05-27,2024-05-01,Organic Search,Germany,Pro,Monthly,79.0,2,20.9,0,,Active
CUST-01818,2024-07-22,2024-07-01,Google Ads,United States,Basic,Annual,29.0,2,24.4,0,,Active
CUST-01819,2024-04-30,2024-04-01,Organic Search,India,Pro,Monthly,79.0,8,6.3,1,2024-05-09,Poor onboarding / low usage
CUST-01820,2024-09-16,2024-09-01,Direct,Germany,Enterprise,Monthly,199.0,2,25.7,0,,Active
CUST-01821,2024-06-14,2024-06-01,LinkedIn Referral,India,Basic,Annual,29.0,0,19.2,0,,Active
CUST-01822,2024-04-22,2024-04-01,Affiliate Partner,Germany,Basic,Monthly,29.0,0,18.5,0,,Active
CUST-01823,2024-11-10,2024-11-01,Google Ads,United Kingdom,Pro,Annual,79.0,2,33.2,0,,Active
CUST-01824,2024-10-03,2024-10-01,Direct,United States,Pro,Monthly,79.0,1,12.6,1,2024-10-27,Switched to competitor
CUST-01825,2024-01-11,2024-01-01,Organic Search,United States,Basic,Monthly,29.0,8,1.6,1,2024-03-04,Price too high
CUST-01826,2024-06-19,2024-06-01,Google Ads,United Kingdom,Basic,Monthly,29.0,1,26.4,0,,Active
CUST-01827,2024-03-21,2024-03-01,Affiliate Partner,United States,Basic,Annual,29.0,7,6.5,1,,
CUST-01828,2024-01-11,2024-01-01,Google Ads,United States,Basic,Annual,29.0,2,4.8,1,2024-05-20,Poor onboarding / low usage
CUST-01829,2024-06-03,2024-06-01,Google Ads,United States,Pro,Monthly,79.0,3,9.4,1,2024-06-24,Poor onboarding / low usage
CUST-01830,2024-12-18,2024-12-01,Google Ads,United Kingdom,Basic,Annual,29.0,2,26.6,0,,Active
CUST-01831,2024-05-19,2024-05-01,LinkedIn Referral,United States,Basic,Monthly,29.0,4,5.0,1,,
CUST-01832,2024-12-26,2024-12-01,Organic Search,United Kingdom,Basic,Monthly,29.0,2,20.4,0,,Active
CUST-01833,2024-07-31,2024-07-01,Affiliate Partner,Germany,Pro,Monthly,79.0,2,9.2,1,2024-08-24,Missing key features
CUST-01834,2024-10-04,2024-10-01,LinkedIn Referral,United States,Enterprise,Annual,199.0,2,20.0,0,,Active
CUST-01835,2024-07-19,2024-07-01,Google Ads,United Kingdom,Enterprise,Annual,199.0,2,1.0,1,2024-12-25,Customer support delays
CUST-01836,2024-08-22,2024-08-01,Organic Search,United Kingdom,Pro,Monthly,79.0,1,22.2,0,,Active
CUST-01837,2024-02-17,2024-02-01,Google Ads,Germany,Pro,Monthly,79.0,0,27.5,0,,Active
CUST-01838,2024-02-25,2024-02-01,Affiliate Partner,India,Pro,Monthly,79.0,6,2.9,1,2024-05-20,Poor onboarding / low usage
CUST-01839,2024-04-28,2024-04-01,Affiliate Partner,United States,Pro,Monthly,79.0,5,8.4,1,2024-07-07,Poor onboarding / low usage
CUST-01840,2024-06-19,2024-06-01,Organic Search,United States,Enterprise,Monthly,199.0,2,28.3,0,,Active
CUST-01841,2024-02-12,2024-02-01,Organic Search,United States,Pro,Monthly,79.0,4,30.7,0,,Active
CUST-01842,2024-06-13,2024-06-01,Direct,United States,Basic,Monthly,29.0,1,19.6,0,,Active
CUST-01843,2024-09-12,2024-09-01,Organic Search,United Kingdom,Pro,Monthly,79.0,4,20.9,0,,Active
CUST-01844,2024-09-20,2024-09-01,Google Ads,United States,Basic,Annual,29.0,4,22.8,0,,Active
CUST-01845,2024-08-05,2024-08-01,Direct,United States,Enterprise,Monthly,199.0,0,29.1,0,,Active
CUST-01846,2024-03-26,2024-03-01,Direct,United States,Pro,Monthly,79.0,1,29.0,0,,Active
CUST-01847,2024-01-05,2024-01-01,Organic Search,India,Basic,Monthly,29.0,0,24.6,0,,Active
CUST-01848,2024-11-10,2024-11-01,Google Ads,United Kingdom,Basic,Monthly,29.0,2,20.3,0,,Active
CUST-01849,2024-11-05,2024-11-01,Organic Search,India,Pro,Monthly,79.0,2,25.7,0,,Active
CUST-01850,2024-06-18,2024-06-01,LinkedIn Referral,United Kingdom,Pro,Annual,79.0,3,9.5,1,2024-12-29,Missing key features
CUST-01851,2024-04-01,2024-04-01,LinkedIn Referral,Canada,Pro,Annual,79.0,1,22.3,0,,Active
CUST-01852,2024-08-27,2024-08-01,Organic Search,United States,Basic,Monthly,29.0,4,11.5,1,2024-10-17,Switched to competitor
CUST-01853,2024-10-13,2024-10-01,LinkedIn Referral,India,Basic,Annual,29.0,3,8.3,1,2024-12-19,Switched to competitor
CUST-01854,2024-05-20,2024-05-01,Affiliate Partner,Germany,Pro,Monthly,79.0,3,17.8,0,,Active
CUST-01855,2024-11-24,2024-11-01,Google Ads,United Kingdom,Pro,Monthly,79.0,3,5.1,1,2024-12-29,Poor onboarding / low usage
CUST-01856,2024-02-22,2024-02-01,Organic Search,United States,Pro,Annual,79.0,1,22.5,0,,Active
CUST-01857,2024-11-11,2024-11-01,Affiliate Partner,United States,Enterprise,Monthly,199.0,1,24.4,0,,Active
CUST-01858,2024-03-27,2024-03-01,Organic Search,United States,Enterprise,Annual,199.0,5,5.9,1,2024-04-04,Missing key features
CUST-01859,2024-04-20,2024-04-01,Google Ads,United States,Pro,Monthly,79.0,1,7.5,1,2024-12-03,Switched to competitor
CUST-01860,2024-08-13,2024-08-01,Google Ads,United States,Enterprise,Monthly,199.0,1,19.5,0,,Active
CUST-01861,2024-07-20,2024-07-01,Organic Search,United Kingdom,Basic,Monthly,29.0,2,25.9,0,,Active
CUST-01862,2024-11-05,2024-11-01,Google Ads,United Kingdom,Enterprise,Annual,199.0,1,24.0,0,,Active
CUST-01863,2024-11-20,2024-11-01,Google Ads,India,Enterprise,Monthly,199.0,4,18.2,0,,Active
CUST-01864,2024-08-11,2024-08-01,LinkedIn Referral,United Kingdom,Basic,Annual,29.0,2,25.3,0,,Active
CUST-01865,2024-08-10,2024-08-01,LinkedIn Referral,United States,Enterprise,Monthly,199.0,2,20.3,0,,Active
CUST-01866,2024-06-26,2024-06-01,Affiliate Partner,Canada,Basic,Monthly,29.0,1,20.6,0,,Active
CUST-01867,2024-01-06,2024-01-01,Organic Search,United States,Pro,Monthly,79.0,7,10.7,1,2024-09-11,Missing key features
CUST-01868,2024-01-18,2024-01-01,LinkedIn Referral,Canada,Pro,Monthly,79.0,3,7.5,1,2024-08-04,Price too high
CUST-01869,2024-01-16,2024-01-01,LinkedIn Referral,Germany,Basic,Monthly,29.0,0,5.6,1,2024-10-13,Switched to competitor
CUST-01870,2024-11-09,2024-11-01,Affiliate Partner,India,Pro,Monthly,79.0,2,28.7,0,,Active
CUST-01871,2024-03-31,2024-03-01,Affiliate Partner,United Kingdom,Pro,Monthly,79.0,6,15.2,1,2024-08-19,Price too high
CUST-01872,2024-12-29,2024-12-01,Direct,United Kingdom,Basic,Monthly,29.0,1,15.5,1,,
CUST-01873,2024-10-05,2024-10-01,Google Ads,United Kingdom,Basic,Monthly,29.0,2,27.3,0,,Active
CUST-01874,2024-01-09,2024-01-01,Affiliate Partner,United States,Pro,Monthly,79.0,7,3.8,1,2024-09-27,Switched to competitor
CUST-01875,2024-07-25,2024-07-01,Google Ads,United States,Basic,Monthly,29.0,4,10.8,1,2024-09-30,Customer support delays
CUST-01876,2024-09-13,2024-09-01,Google Ads,United Kingdom,Enterprise,Monthly,199.0,2,27.0,0,,Active
CUST-01877,2024-11-07,2024-11-01,Affiliate Partner,Canada,Pro,Monthly,79.0,1,25.6,0,,Active
CUST-01878,2024-03-29,2024-03-01,LinkedIn Referral,United States,Basic,Annual,29.0,5,25.6,0,,Active
CUST-01879,2024-02-15,2024-02-01,Organic Search,India,Pro,Monthly,79.0,0,26.0,0,,Active
CUST-01880,2024-05-06,2024-05-01,Google Ads,United States,Pro,Monthly,79.0,2,17.3,0,,Active
CUST-01881,2024-05-26,2024-05-01,Google Ads,United States,Basic,Annual,29.0,1,19.0,0,,Active
CUST-01882,2024-12-23,2024-12-01,Direct,Canada,Pro,Monthly,79.0,5,27.0,0,,Active
CUST-01883,2024-02-17,2024-02-01,Affiliate Partner,Germany,Pro,Monthly,79.0,4,5.6,1,2024-10-11,Switched to competitor
CUST-01884,2024-10-26,2024-10-01,Affiliate Partner,United Kingdom,Pro,Monthly,79.0,2,28.9,0,,Active
CUST-01885,2024-12-25,2024-12-01,Direct,India,Enterprise,Monthly,199.0,2,18.5,0,,Active
CUST-01886,2024-11-26,2024-11-01,Google Ads,United States,Basic,Monthly,29.0,1,22.8,0,,Active
CUST-01887,2024-04-16,2024-04-01,Affiliate Partner,India,Enterprise,Monthly,199.0,1,21.8,0,,Active
CUST-01888,2024-02-29,2024-02-01,Organic Search,Canada,Basic,Monthly,29.0,3,5.6,1,2024-12-07,Price too high
CUST-01889,2024-01-05,2024-01-01,Organic Search,United States,Pro,Monthly,79.0,3,21.3,0,,Active
CUST-01890,2024-12-21,2024-12-01,Organic Search,United Kingdom,Basic,Monthly,29.0,2,23.5,0,,Active
CUST-01891,2024-07-23,2024-07-01,LinkedIn Referral,United States,Pro,Monthly,79.0,0,25.8,0,,Active
CUST-01892,2024-01-21,2024-01-01,Organic Search,United States,Pro,Annual,79.0,5,12.2,1,2024-11-03,Missing key features
CUST-01893,2024-03-26,2024-03-01,Organic Search,United Kingdom,Pro,Annual,79.0,2,30.0,0,,Active
CUST-01894,2024-02-16,2024-02-01,Direct,United States,Pro,Monthly,79.0,2,6.3,1,2024-07-20,Price too high
CUST-01895,2024-04-12,2024-04-01,Affiliate Partner,India,Enterprise,Monthly,199.0,2,30.3,0,,Active
CUST-01896,2024-07-10,2024-07-01,Google Ads,Canada,Pro,Annual,79.0,4,9.5,1,2024-07-16,Poor onboarding / low usage
CUST-01897,2024-06-25,2024-06-01,Google Ads,United Kingdom,Basic,Monthly,29.0,4,14.9,1,2024-07-13,Switched to competitor
CUST-01898,2024-12-17,2024-12-01,Google Ads,United States,Basic,Monthly,29.0,2,24.9,0,,Active
CUST-01899,2024-04-18,2024-04-01,Organic Search,United Kingdom,Basic,Monthly,29.0,7,14.0,1,2024-09-20,Switched to competitor
CUST-01900,2024-06-11,2024-06-01,Organic Search,United Kingdom,Basic,Monthly,29.0,1,26.8,0,,Active
CUST-01901,2024-07-20,2024-07-01,Google Ads,Germany,Basic,Monthly,29.0,8,6.8,1,2024-12-07,Missing key features
CUST-01902,2024-04-01,2024-04-01,Organic Search,India,Pro,Monthly,79.0,1,24.8,0,,Active
CUST-01903,2024-04-06,2024-04-01,LinkedIn Referral,United Kingdom,Basic,Annual,29.0,1,4.9,1,2024-04-16,Price too high
CUST-01904,2024-08-10,2024-08-01,Google Ads,Germany,Pro,Annual,79.0,1,21.9,0,,Active
CUST-01905,2024-12-11,2024-12-01,LinkedIn Referral,United States,Pro,Monthly,79.0,0,27.4,0,,Active
CUST-01906,2024-01-18,2024-01-01,LinkedIn Referral,United States,Basic,Monthly,29.0,4,11.8,1,2024-07-12,Price too high
CUST-01907,2024-02-12,2024-02-01,Direct,United States,Pro,Annual,79.0,4,11.4,1,2024-11-29,Missing key features
CUST-01908,2024-12-09,2024-12-01,Organic Search,United Kingdom,Enterprise,Monthly,199.0,2,22.2,0,,Active
CUST-01909,2024-01-28,2024-01-01,Organic Search,United States,Pro,Monthly,79.0,2,26.7,0,,Active
CUST-01910,2024-08-05,2024-08-01,Affiliate Partner,Germany,Basic,Annual,29.0,2,26.1,0,,Active
CUST-01911,2024-12-28,2024-12-01,Direct,Germany,Pro,Monthly,79.0,3,20.5,0,,Active
CUST-01912,2024-04-11,2024-04-01,Organic Search,United States,Basic,Monthly,29.0,3,8.1,1,2024-10-06,Price too high
CUST-01913,2024-09-07,2024-09-01,Organic Search,United Kingdom,Enterprise,Monthly,199.0,2,26.0,0,,Active
CUST-01914,2024-08-05,2024-08-01,Direct,United Kingdom,Basic,Monthly,29.0,1,23.7,0,,Active
CUST-01915,2024-07-01,2024-07-01,LinkedIn Referral,United States,Enterprise,Monthly,199.0,2,23.1,0,,Active
CUST-01916,2024-09-29,2024-09-01,Google Ads,United Kingdom,Basic,Monthly,29.0,2,7.2,1,2024-12-02,Customer support delays
CUST-01917,2024-03-05,2024-03-01,Google Ads,United Kingdom,Enterprise,Monthly,199.0,0,20.3,0,,Active
CUST-01918,2024-09-25,2024-09-01,Google Ads,United Kingdom,Basic,Monthly,29.0,1,6.9,1,2024-11-05,Missing key features
CUST-01919,2024-07-09,2024-07-01,Direct,United States,Pro,Monthly,79.0,2,11.5,1,2024-07-29,Switched to competitor
CUST-01920,2024-11-22,2024-11-01,LinkedIn Referral,United States,Pro,Annual,79.0,1,23.3,0,,Active
CUST-01921,2024-09-19,2024-09-01,Affiliate Partner,United States,Basic,Monthly,29.0,2,8.6,1,2024-11-09,Poor onboarding / low usage
CUST-01922,2024-06-03,2024-06-01,Organic Search,United Kingdom,Basic,Annual,29.0,2,1.3,1,2024-07-27,Price too high
CUST-01923,2024-05-11,2024-05-01,LinkedIn Referral,Germany,Pro,Monthly,79.0,3,16.1,1,2024-07-24,Price too high
CUST-01924,2024-02-29,2024-02-01,Direct,Germany,Pro,Annual,79.0,4,10.3,1,2024-10-15,Switched to competitor
CUST-01925,2024-08-30,2024-08-01,Organic Search,Germany,Enterprise,Annual,199.0,2,28.1,0,,Active
CUST-01926,2024-09-13,2024-09-01,Direct,India,Basic,Annual,29.0,2,24.2,0,,Active
CUST-01927,2024-05-19,2024-05-01,Affiliate Partner,United Kingdom,Enterprise,Monthly,199.0,5,14.1,1,2024-05-26,Missing key features
CUST-01928,2024-01-10,2024-01-01,Direct,United States,Basic,Monthly,29.0,4,5.5,1,2024-07-16,Missing key features
CUST-01929,2024-01-10,2024-01-01,LinkedIn Referral,United Kingdom,Pro,Annual,79.0,5,30.3,0,,Active
CUST-01930,2024-06-12,2024-06-01,Google Ads,United States,Basic,Monthly,29.0,1,23.7,0,,Active
CUST-01931,2024-05-10,2024-05-01,Google Ads,Germany,Basic,Monthly,29.0,5,10.0,1,2024-08-24,Missing key features
CUST-01932,2024-10-14,2024-10-01,LinkedIn Referral,United States,Basic,Annual,29.0,2,22.4,0,,Active
CUST-01933,2024-09-28,2024-09-01,Google Ads,United Kingdom,Basic,Monthly,29.0,0,14.3,0,,Active
CUST-01934,2024-01-16,2024-01-01,Organic Search,United States,Basic,Annual,29.0,2,21.2,0,,Active
CUST-01935,2024-07-12,2024-07-01,Organic Search,United Kingdom,Enterprise,Monthly,199.0,0,26.7,0,,Active
CUST-01936,2024-04-01,2024-04-01,Direct,United Kingdom,Basic,Monthly,29.0,4,25.0,0,,Active
CUST-01937,2024-07-04,2024-07-01,Organic Search,United Kingdom,Basic,Monthly,29.0,0,24.3,0,,Active
CUST-01938,2024-09-29,2024-09-01,Affiliate Partner,United States,Pro,Monthly,79.0,0,19.3,0,,Active
CUST-01939,2024-08-18,2024-08-01,Direct,India,Basic,Monthly,29.0,5,7.0,1,2024-12-13,Switched to competitor
CUST-01940,2024-06-20,2024-06-01,Direct,United States,Enterprise,Monthly,199.0,4,25.1,0,,Active
CUST-01941,2024-04-06,2024-04-01,Organic Search,United Kingdom,Pro,Monthly,79.0,0,28.6,0,,Active
CUST-01942,2024-05-07,2024-05-01,Google Ads,United Kingdom,Pro,Monthly,79.0,5,12.2,1,2024-09-24,Price too high
CUST-01943,2024-11-30,2024-11-01,Organic Search,Canada,Basic,Annual,29.0,2,26.6,0,,Active
CUST-01944,2024-04-08,2024-04-01,Organic Search,United States,Pro,Monthly,79.0,4,23.4,0,,Active
CUST-01945,2024-01-16,2024-01-01,Organic Search,Germany,Basic,Annual,29.0,1,26.2,0,,Active
CUST-01946,2024-03-22,2024-03-01,Affiliate Partner,United Kingdom,Basic,Monthly,29.0,4,5.6,1,2024-06-14,Switched to competitor
CUST-01947,2024-01-17,2024-01-01,Google Ads,India,Pro,Annual,79.0,0,25.0,0,,Active
CUST-01948,2024-01-13,2024-01-01,LinkedIn Referral,United Kingdom,Pro,Monthly,79.0,5,3.6,1,2024-04-08,Switched to competitor
CUST-01949,2024-07-22,2024-07-01,Organic Search,United States,Pro,Annual,79.0,2,6.9,1,2024-10-03,Switched to competitor
CUST-01950,2024-09-18,2024-09-01,LinkedIn Referral,United States,Pro,Monthly,79.0,0,20.8,0,,Active
CUST-01951,2024-05-14,2024-05-01,Google Ads,Germany,Pro,Monthly,79.0,0,29.0,0,,Active
CUST-01952,2024-09-04,2024-09-01,Google Ads,United Kingdom,Basic,Monthly,29.0,6,10.2,1,2024-10-25,Price too high
CUST-01953,2024-12-21,2024-12-01,Direct,Germany,Pro,Monthly,79.0,2,17.1,0,,Active
CUST-01954,2024-12-29,2024-12-01,Google Ads,United States,Basic,Monthly,29.0,1,31.5,0,,Active
CUST-01955,2024-05-05,2024-05-01,Google Ads,India,Basic,Monthly,29.0,2,1.9,1,2024-12-06,Missing key features
CUST-01956,2024-03-16,2024-03-01,Affiliate Partner,Canada,Enterprise,Monthly,199.0,4,12.1,1,2024-04-27,Price too high
CUST-01957,2024-10-15,2024-10-01,Google Ads,India,Basic,Monthly,29.0,1,24.2,0,,Active
CUST-01958,2024-03-22,2024-03-01,LinkedIn Referral,India,Basic,Annual,29.0,1,20.3,0,,Active
CUST-01959,2024-04-26,2024-04-01,Organic Search,United States,Pro,Monthly,79.0,3,8.1,1,2024-05-03,Price too high
CUST-01960,2024-10-25,2024-10-01,Organic Search,United States,Basic,Monthly,29.0,3,23.4,0,,Active
CUST-01961,2024-09-17,2024-09-01,Direct,United States,Enterprise,Monthly,199.0,1,28.5,0,,Active
CUST-01962,2024-03-28,2024-03-01,LinkedIn Referral,Canada,Pro,Monthly,79.0,0,22.8,0,,Active
CUST-01963,2024-09-04,2024-09-01,Direct,United Kingdom,Pro,Monthly,79.0,3,7.3,1,2024-10-07,Switched to competitor
CUST-01964,2024-06-24,2024-06-01,Organic Search,United States,Basic,Annual,29.0,2,22.5,0,,Active
CUST-01965,2024-09-12,2024-09-01,Organic Search,United States,Basic,Monthly,29.0,1,24.2,0,,Active
CUST-01966,2024-09-25,2024-09-01,LinkedIn Referral,United States,Pro,Monthly,79.0,7,13.8,1,,
CUST-01967,2024-02-20,2024-02-01,LinkedIn Referral,United States,Enterprise,Monthly,199.0,1,27.7,0,,Active
CUST-01968,2024-04-03,2024-04-01,Google Ads,United Kingdom,Enterprise,Monthly,199.0,2,23.6,0,,Active
CUST-01969,2024-04-07,2024-04-01,Google Ads,United States,Pro,Annual,79.0,0,22.3,0,,Active
CUST-01970,2024-02-20,2024-02-01,Affiliate Partner,United States,Enterprise,Monthly,199.0,3,19.6,0,,Active
CUST-01971,2024-10-18,2024-10-01,Affiliate Partner,United States,Basic,Monthly,29.0,5,6.4,1,2024-11-01,Poor onboarding / low usage
CUST-01972,2024-02-27,2024-02-01,Direct,India,Pro,Monthly,79.0,2,32.8,0,,Active
CUST-01973,2024-06-17,2024-06-01,Google Ads,United States,Pro,Monthly,79.0,1,21.5,0,,Active
CUST-01974,2024-10-14,2024-10-01,Organic Search,India,Pro,Monthly,79.0,1,24.7,0,,Active
CUST-01975,2024-04-03,2024-04-01,Direct,United States,Basic,Monthly,29.0,5,8.8,1,2024-09-14,Switched to competitor
CUST-01976,2024-12-10,2024-12-01,Google Ads,Germany,Pro,Monthly,79.0,1,22.7,0,,Active
CUST-01977,2024-08-14,2024-08-01,Organic Search,Germany,Basic,Monthly,29.0,5,15.1,1,2024-12-20,Missing key features
CUST-01978,2024-04-19,2024-04-01,LinkedIn Referral,Germany,Pro,Monthly,79.0,2,25.9,0,,Active
CUST-01979,2024-04-08,2024-04-01,Organic Search,Germany,Enterprise,Monthly,199.0,2,26.6,0,,Active
CUST-01980,2024-05-17,2024-05-01,Direct,India,Pro,Monthly,79.0,3,20.4,0,,Active
CUST-01981,2024-06-10,2024-06-01,Google Ads,United Kingdom,Basic,Monthly,29.0,4,26.4,0,,Active
CUST-01982,2024-06-30,2024-06-01,Organic Search,United Kingdom,Pro,Monthly,79.0,4,27.7,0,,Active
CUST-01983,2024-05-11,2024-05-01,LinkedIn Referral,United Kingdom,Enterprise,Monthly,199.0,0,26.3,0,,Active
CUST-01984,2024-09-14,2024-09-01,Affiliate Partner,United States,Basic,Annual,29.0,6,11.8,1,2024-11-19,Price too high
CUST-01985,2024-06-15,2024-06-01,Organic Search,United States,Basic,Annual,29.0,4,29.3,0,,Active
CUST-01986,2024-12-27,2024-12-01,Direct,India,Enterprise,Annual,199.0,1,29.8,0,,Active
CUST-01987,2024-05-23,2024-05-01,Affiliate Partner,United Kingdom,Basic,Monthly,29.0,6,5.6,1,2024-07-24,Missing key features
CUST-01988,2024-11-23,2024-11-01,Google Ads,Canada,Pro,Monthly,79.0,1,19.2,0,,Active
CUST-01989,2024-08-12,2024-08-01,Organic Search,United States,Enterprise,Monthly,199.0,0,25.1,0,,Active
CUST-01990,2024-07-30,2024-07-01,Google Ads,United States,Basic,Monthly,29.0,0,21.5,0,,Active
CUST-01991,2024-06-16,2024-06-01,Google Ads,United States,Basic,Monthly,29.0,2,7.5,1,2024-12-08,Price too high
CUST-01992,2024-02-04,2024-02-01,Direct,Germany,Pro,Annual,79.0,3,21.0,0,,Active
CUST-01993,2024-04-11,2024-04-01,Google Ads,Germany,Enterprise,Monthly,199.0,4,10.4,1,2024-08-13,Missing key features
CUST-01994,2024-11-24,2024-11-01,Affiliate Partner,United States,Enterprise,Monthly,199.0,2,25.9,0,,Active
CUST-01995,2024-09-06,2024-09-01,Google Ads,United States,Pro,Monthly,79.0,5,15.0,1,2024-11-22,Missing key features
CUST-01996,2024-07-10,2024-07-01,Google Ads,United States,Pro,Monthly,79.0,6,6.0,1,2024-07-24,Missing key features
CUST-01997,2024-01-17,2024-01-01,Google Ads,Germany,Enterprise,Monthly,199.0,0,21.3,0,,Active
CUST-01998,2024-09-19,2024-09-01,LinkedIn Referral,United States,Enterprise,Monthly,199.0,0,18.7,0,,Active
CUST-01999,2024-04-07,2024-04-01,Google Ads,United States,Basic,Monthly,29.0,4,9.9,1,2024-12-24,Poor onboarding / low usage
CUST-02000,2024-10-21,2024-10-01,Organic Search,Germany,Pro,Monthly,79.0,4,18.5,0,,Active
CUST-02001,2024-08-09,2024-08-01,Google Ads,United States,Pro,Monthly,79.0,2,31.6,0,,Active
CUST-02002,2024-01-05,2024-01-01,Google Ads,United Kingdom,Basic,Monthly,29.0,2,27.3,0,,Active
CUST-02003,2024-10-22,2024-10-01,Affiliate Partner,India,Basic,Monthly,29.0,3,26.0,0,,Active
CUST-02004,2024-04-02,2024-04-01,LinkedIn Referral,United States,Basic,Monthly,29.0,2,3.1,1,2024-04-20,Price too high
CUST-02005,2024-11-04,2024-11-01,Organic Search,United States,Basic,Monthly,29.0,3,6.0,1,2024-12-09,Price too high
CUST-02006,2024-10-03,2024-10-01,Google Ads,Germany,Basic,Annual,29.0,3,6.3,1,2024-11-30,Price too high
CUST-02007,2024-06-10,2024-06-01,Organic Search,United States,Basic,Annual,29.0,3,25.5,0,,Active
CUST-02008,2024-06-30,2024-06-01,Google Ads,United States,Pro,Annual,79.0,3,5.4,1,2024-07-15,Missing key features
CUST-02009,2024-03-04,2024-03-01,LinkedIn Referral,Canada,Basic,Monthly,29.0,3,16.0,0,,Active
CUST-02010,2024-03-04,2024-03-01,Organic Search,India,Pro,Monthly,79.0,1,21.2,0,,Active
CUST-02011,2024-06-11,2024-06-01,LinkedIn Referral,United Kingdom,Basic,Monthly,29.0,5,12.0,1,2024-08-27,Poor onboarding / low usage
CUST-02012,2024-07-03,2024-07-01,Organic Search,United States,Enterprise,Annual,199.0,4,6.7,1,2024-10-14,Price too high
CUST-02013,2024-08-03,2024-08-01,Affiliate Partner,United States,Basic,Monthly,29.0,1,25.7,0,,Active
CUST-02014,2024-08-10,2024-08-01,Affiliate Partner,United Kingdom,Basic,Monthly,29.0,3,21.8,0,,Active
CUST-02015,2024-07-18,2024-07-01,Organic Search,United Kingdom,Pro,Monthly,79.0,7,9.2,1,2024-08-26,Poor onboarding / low usage
CUST-02016,2024-11-27,2024-11-01,Direct,United States,Pro,Monthly,79.0,2,9.7,1,,
CUST-02017,2024-05-07,2024-05-01,Google Ads,United Kingdom,Basic,Monthly,29.0,3,9.9,1,2024-06-23,Switched to competitor
CUST-02018,2024-03-20,2024-03-01,LinkedIn Referral,United Kingdom,Enterprise,Monthly,199.0,4,12.2,1,2024-06-08,Customer support delays
CUST-02019,2024-04-17,2024-04-01,Google Ads,Canada,Pro,Monthly,79.0,2,28.1,0,,Active
CUST-02020,2024-12-08,2024-12-01,Google Ads,Canada,Basic,Monthly,29.0,0,28.2,0,,Active
CUST-02021,2024-02-26,2024-02-01,LinkedIn Referral,United States,Basic,Annual,29.0,4,6.4,1,2024-04-03,Price too high
CUST-02022,2024-06-05,2024-06-01,LinkedIn Referral,United Kingdom,Enterprise,Annual,199.0,3,28.4,0,,Active
CUST-02023,2024-08-28,2024-08-01,Affiliate Partner,Germany,Enterprise,Monthly,199.0,0,31.1,0,,Active
CUST-02024,2024-11-02,2024-11-01,Google Ads,United States,Pro,Monthly,79.0,1,27.9,0,,Active
CUST-02025,2024-02-21,2024-02-01,Direct,Germany,Basic,Annual,29.0,0,13.5,1,2024-02-29,Missing key features
CUST-02026,2024-02-17,2024-02-01,Organic Search,Germany,Basic,Monthly,29.0,3,1.7,1,2024-04-03,Customer support delays
CUST-02027,2024-08-25,2024-08-01,Organic Search,United States,Basic,Monthly,29.0,2,23.7,0,,Active
CUST-02028,2024-11-22,2024-11-01,Google Ads,Germany,Basic,Monthly,29.0,4,9.2,1,2024-12-08,Price too high
CUST-02029,2024-08-28,2024-08-01,Organic Search,United States,Basic,Monthly,29.0,2,28.0,0,,Active
CUST-02030,2024-12-08,2024-12-01,Organic Search,United Kingdom,Basic,Monthly,29.0,3,23.9,0,,Active
CUST-02031,2024-09-01,2024-09-01,LinkedIn Referral,United Kingdom,Basic,Monthly,29.0,2,33.3,0,,Active
CUST-02032,2024-09-20,2024-09-01,Organic Search,India,Enterprise,Monthly,199.0,0,25.0,0,,Active
CUST-02033,2024-02-18,2024-02-01,Google Ads,Germany,Basic,Monthly,29.0,2,31.8,0,,Active
CUST-02034,2024-05-16,2024-05-01,Google Ads,United States,Pro,Monthly,79.0,5,17.1,1,2024-12-08,Customer support delays
CUST-02035,2024-07-16,2024-07-01,Google Ads,United States,Basic,Monthly,29.0,3,16.4,1,2024-11-04,Customer support delays
CUST-02036,2024-01-18,2024-01-01,Google Ads,United States,Basic,Monthly,29.0,3,9.1,1,2024-05-03,Missing key features
CUST-02037,2024-09-04,2024-09-01,LinkedIn Referral,Germany,Enterprise,Monthly,199.0,1,22.9,0,,Active
CUST-02038,2024-07-26,2024-07-01,Organic Search,India,Basic,Annual,29.0,2,32.4,0,,Active
CUST-02039,2024-09-20,2024-09-01,Organic Search,Canada,Basic,Monthly,29.0,4,20.6,0,,Active
CUST-02040,2024-09-06,2024-09-01,Affiliate Partner,Germany,Pro,Monthly,79.0,2,6.8,1,2024-12-03,Switched to competitor
CUST-02041,2024-06-24,2024-06-01,LinkedIn Referral,United States,Pro,Monthly,79.0,2,5.6,1,2024-11-09,Switched to competitor
CUST-02042,2024-03-05,2024-03-01,Affiliate Partner,Germany,Basic,Monthly,29.0,2,9.6,1,2024-03-20,Missing key features
CUST-02043,2024-02-26,2024-02-01,Google Ads,United States,Pro,Monthly,79.0,1,20.8,0,,Active
CUST-02044,2024-09-18,2024-09-01,Organic Search,United States,Pro,Monthly,79.0,6,3.3,1,,
CUST-02045,2024-06-30,2024-06-01,LinkedIn Referral,United States,Pro,Monthly,79.0,5,10.5,1,2024-11-15,Switched to competitor
CUST-02046,2024-07-04,2024-07-01,LinkedIn Referral,United States,Basic,Annual,29.0,2,24.4,0,,Active
CUST-02047,2024-11-21,2024-11-01,LinkedIn Referral,Germany,Basic,Monthly,29.0,3,25.9,0,,Active
CUST-02048,2024-03-18,2024-03-01,Organic Search,United States,Pro,Monthly,79.0,3,9.9,1,2024-07-29,Price too high
CUST-02049,2024-05-31,2024-05-01,Google Ads,Canada,Pro,Annual,79.0,5,24.0,0,,Active
CUST-02050,2024-12-28,2024-12-01,Organic Search,United States,Pro,Monthly,79.0,5,26.9,0,,Active
CUST-02051,2024-06-08,2024-06-01,Affiliate Partner,United States,Pro,Annual,79.0,3,27.6,0,,Active
CUST-02052,2024-03-23,2024-03-01,Google Ads,United States,Basic,Monthly,29.0,6,14.1,1,2024-12-27,Price too high
CUST-02053,2024-03-12,2024-03-01,Organic Search,India,Basic,Monthly,29.0,4,1.9,1,2024-11-11,Missing key features
CUST-02054,2024-09-23,2024-09-01,Affiliate Partner,Canada,Basic,Annual,29.0,3,19.9,0,,Active
CUST-02055,2024-12-04,2024-12-01,LinkedIn Referral,United Kingdom,Basic,Monthly,29.0,5,24.0,0,,Active
CUST-02056,2024-03-04,2024-03-01,Organic Search,India,Enterprise,Monthly,199.0,3,23.8,0,,Active
CUST-02057,2024-05-10,2024-05-01,Google Ads,India,Basic,Monthly,29.0,2,3.9,1,2024-05-25,Switched to competitor
CUST-02058,2024-08-06,2024-08-01,Affiliate Partner,United States,Pro,Monthly,79.0,0,22.7,0,,Active
CUST-02059,2024-04-25,2024-04-01,Affiliate Partner,United States,Basic,Monthly,29.0,1,6.6,1,2024-06-18,Missing key features
CUST-02060,2024-11-04,2024-11-01,Google Ads,India,Pro,Monthly,79.0,2,18.4,0,,Active
CUST-02061,2024-05-03,2024-05-01,Organic Search,Germany,Pro,Monthly,79.0,2,27.1,0,,Active
CUST-02062,2024-05-21,2024-05-01,Affiliate Partner,United Kingdom,Basic,Monthly,29.0,6,10.6,1,2024-12-10,Missing key features
CUST-02063,2024-09-05,2024-09-01,Affiliate Partner,Germany,Enterprise,Monthly,199.0,5,23.4,0,,Active
CUST-02064,2024-02-23,2024-02-01,Organic Search,United States,Pro,Annual,79.0,4,13.1,1,2024-10-24,Price too high
CUST-02065,2024-10-29,2024-10-01,Google Ads,United Kingdom,Basic,Monthly,29.0,2,11.9,1,,
CUST-02066,2024-03-01,2024-03-01,LinkedIn Referral,United Kingdom,Pro,Annual,79.0,7,7.7,1,2024-10-18,Poor onboarding / low usage
CUST-02067,2024-08-13,2024-08-01,Organic Search,Canada,Basic,Annual,29.0,5,24.7,0,,Active
CUST-02068,2024-11-17,2024-11-01,LinkedIn Referral,Canada,Basic,Monthly,29.0,1,24.6,0,,Active
CUST-02069,2024-01-14,2024-01-01,Affiliate Partner,United States,Enterprise,Monthly,199.0,2,10.0,1,2024-07-27,Switched to competitor
CUST-02070,2024-05-09,2024-05-01,Google Ads,United States,Pro,Monthly,79.0,1,21.9,0,,Active
CUST-02071,2024-11-21,2024-11-01,Google Ads,Germany,Basic,Annual,29.0,1,31.5,0,,Active
CUST-02072,2024-04-17,2024-04-01,Google Ads,India,Pro,Monthly,79.0,2,19.6,0,,Active
CUST-02073,2024-06-29,2024-06-01,Google Ads,United Kingdom,Basic,Monthly,29.0,4,7.6,1,2024-12-20,Switched to competitor
CUST-02074,2024-02-16,2024-02-01,Direct,United Kingdom,Basic,Monthly,29.0,3,15.6,0,,Active
CUST-02075,2024-03-27,2024-03-01,Organic Search,United Kingdom,Enterprise,Monthly,199.0,2,24.4,0,,Active
CUST-02076,2024-04-11,2024-04-01,Direct,United Kingdom,Basic,Monthly,29.0,4,13.7,1,2024-05-04,Price too high
CUST-02077,2024-11-02,2024-11-01,LinkedIn Referral,United States,Enterprise,Monthly,199.0,1,27.7,0,,Active
CUST-02078,2024-05-14,2024-05-01,Direct,United States,Basic,Monthly,29.0,0,28.3,0,,Active
CUST-02079,2024-05-30,2024-05-01,Organic Search,Canada,Basic,Annual,29.0,0,26.9,0,,Active
CUST-02080,2024-01-14,2024-01-01,Organic Search,Canada,Basic,Annual,29.0,6,14.8,1,2024-08-19,Missing key features
CUST-02081,2024-01-11,2024-01-01,Google Ads,United Kingdom,Basic,Monthly,29.0,0,18.8,0,,Active
CUST-02082,2024-05-13,2024-05-01,Organic Search,United States,Pro,Monthly,79.0,2,35.8,0,,Active
CUST-02083,2024-07-01,2024-07-01,LinkedIn Referral,United States,Basic,Annual,29.0,3,4.7,1,2024-07-24,Poor onboarding / low usage
CUST-02084,2024-03-09,2024-03-01,Organic Search,United States,Enterprise,Monthly,199.0,1,23.9,0,,Active
CUST-02085,2024-02-23,2024-02-01,Google Ads,United States,Basic,Annual,29.0,1,8.6,1,2024-12-09,Switched to competitor
CUST-02086,2024-08-12,2024-08-01,Organic Search,Germany,Pro,Monthly,79.0,0,23.8,0,,Active
CUST-02087,2024-10-13,2024-10-01,Affiliate Partner,Germany,Basic,Monthly,29.0,0,22.8,0,,Active
CUST-02088,2024-12-27,2024-12-01,Google Ads,United States,Enterprise,Monthly,199.0,2,18.7,0,,Active
CUST-02089,2024-12-15,2024-12-01,Google Ads,United Kingdom,Basic,Monthly,29.0,3,20.7,0,,Active
CUST-02090,2024-05-21,2024-05-01,LinkedIn Referral,United Kingdom,Enterprise,Monthly,199.0,2,17.8,0,,Active
CUST-02091,2024-04-20,2024-04-01,Organic Search,United Kingdom,Basic,Monthly,29.0,1,21.1,0,,Active
CUST-02092,2024-12-14,2024-12-01,Google Ads,Canada,Enterprise,Monthly,199.0,2,22.7,0,,Active
CUST-02093,2024-01-04,2024-01-01,Google Ads,India,Pro,Annual,79.0,1,6.7,1,2024-02-28,Poor onboarding / low usage
CUST-02094,2024-07-02,2024-07-01,Google Ads,United States,Basic,Monthly,29.0,4,3.1,1,2024-09-03,Switched to competitor
CUST-02095,2024-09-28,2024-09-01,Affiliate Partner,United Kingdom,Pro,Monthly,79.0,3,25.1,0,,Active
CUST-02096,2024-04-01,2024-04-01,Affiliate Partner,United States,Pro,Monthly,79.0,4,9.0,1,2024-05-17,Price too high
CUST-02097,2024-03-02,2024-03-01,LinkedIn Referral,Canada,Basic,Monthly,29.0,3,8.3,1,2024-04-14,Switched to competitor
CUST-02098,2024-10-20,2024-10-01,Organic Search,United States,Pro,Monthly,79.0,1,25.1,0,,Active
CUST-02099,2024-07-14,2024-07-01,Google Ads,United States,Pro,Annual,79.0,0,27.3,0,,Active
CUST-02100,2024-05-09,2024-05-01,Organic Search,Canada,Basic,Monthly,29.0,2,25.1,0,,Active
CUST-02101,2024-09-25,2024-09-01,Google Ads,United Kingdom,Basic,Monthly,29.0,6,10.6,1,2024-12-12,Customer support delays
CUST-02102,2024-01-31,2024-01-01,Google Ads,Canada,Pro,Monthly,79.0,3,6.9,1,2024-04-17,Price too high
CUST-02103,2024-01-07,2024-01-01,Google Ads,United States,Basic,Monthly,29.0,4,5.6,1,2024-01-20,Switched to competitor
CUST-02104,2024-06-05,2024-06-01,Affiliate Partner,Germany,Enterprise,Monthly,199.0,3,7.5,1,2024-06-24,Switched to competitor
CUST-02105,2024-10-15,2024-10-01,LinkedIn Referral,United Kingdom,Pro,Monthly,79.0,9,11.9,1,2024-11-20,Customer support delays
CUST-02106,2024-04-06,2024-04-01,Direct,United States,Basic,Monthly,29.0,0,3.6,1,2024-08-26,Price too high
CUST-02107,2024-03-20,2024-03-01,Google Ads,India,Basic,Monthly,29.0,4,11.2,1,2024-11-17,Poor onboarding / low usage
CUST-02108,2024-10-02,2024-10-01,Google Ads,United Kingdom,Basic,Annual,29.0,2,13.4,1,2024-12-11,Switched to competitor
CUST-02109,2024-05-29,2024-05-01,Direct,Germany,Enterprise,Monthly,199.0,0,10.0,0,,Active
CUST-02110,2024-06-21,2024-06-01,Google Ads,Germany,Basic,Monthly,29.0,4,16.6,1,2024-12-06,Switched to competitor
CUST-02111,2024-02-03,2024-02-01,Direct,Canada,Pro,Monthly,79.0,5,25.0,0,,Active
CUST-02112,2024-12-28,2024-12-01,Affiliate Partner,United States,Basic,Monthly,29.0,0,26.5,0,,Active
CUST-02113,2024-10-29,2024-10-01,Organic Search,India,Basic,Monthly,29.0,3,13.0,1,2024-11-15,Price too high
CUST-02114,2024-02-16,2024-02-01,Organic Search,Canada,Basic,Monthly,29.0,1,27.3,0,,Active
CUST-02115,2024-11-16,2024-11-01,Direct,United Kingdom,Basic,Monthly,29.0,3,28.3,0,,Active
CUST-02116,2024-02-12,2024-02-01,LinkedIn Referral,United States,Enterprise,Monthly,199.0,5,27.5,0,,Active
CUST-02117,2024-04-06,2024-04-01,Organic Search,United Kingdom,Basic,Annual,29.0,6,9.0,1,2024-12-12,Poor onboarding / low usage
CUST-02118,2024-07-16,2024-07-01,Affiliate Partner,United Kingdom,Basic,Monthly,29.0,1,11.7,1,2024-10-11,Switched to competitor
CUST-02119,2024-12-16,2024-12-01,Direct,Canada,Enterprise,Monthly,199.0,2,24.6,0,,Active
CUST-02120,2024-09-17,2024-09-01,Google Ads,United States,Basic,Annual,29.0,4,23.3,0,,Active
CUST-02121,2024-04-19,2024-04-01,LinkedIn Referral,United Kingdom,Basic,Annual,29.0,4,15.2,1,2024-08-24,Missing key features
CUST-02122,2024-09-10,2024-09-01,Direct,United States,Basic,Monthly,29.0,5,11.5,1,2024-11-22,Switched to competitor
CUST-02123,2024-04-15,2024-04-01,Google Ads,India,Pro,Monthly,79.0,1,21.6,0,,Active
CUST-02124,2024-04-26,2024-04-01,Google Ads,Germany,Basic,Monthly,29.0,6,12.4,1,2024-06-30,Missing key features
CUST-02125,2024-11-02,2024-11-01,Direct,United Kingdom,Enterprise,Annual,199.0,2,28.3,0,,Active
CUST-02126,2024-08-04,2024-08-01,Affiliate Partner,United States,Pro,Annual,79.0,3,24.0,0,,Active
CUST-02127,2024-11-30,2024-11-01,Organic Search,Germany,Basic,Monthly,29.0,2,22.7,0,,Active
CUST-02128,2024-12-19,2024-12-01,Organic Search,United States,Pro,Monthly,79.0,4,5.1,1,,
CUST-02129,2024-07-30,2024-07-01,Direct,United States,Pro,Annual,79.0,4,8.1,1,,
CUST-02130,2024-07-21,2024-07-01,Organic Search,Germany,Enterprise,Monthly,199.0,1,23.7,0,,Active
CUST-02131,2024-03-22,2024-03-01,Organic Search,Germany,Basic,Monthly,29.0,3,22.6,0,,Active
CUST-02132,2024-05-25,2024-05-01,Google Ads,United States,Enterprise,Monthly,199.0,0,22.3,0,,Active
CUST-02133,2024-04-12,2024-04-01,Google Ads,United States,Pro,Monthly,79.0,1,23.7,0,,Active
CUST-02134,2024-05-03,2024-05-01,Google Ads,United States,Basic,Monthly,29.0,4,24.0,0,,Active
CUST-02135,2024-04-17,2024-04-01,Affiliate Partner,United States,Basic,Monthly,29.0,3,6.7,1,2024-05-18,Price too high
CUST-02136,2024-03-19,2024-03-01,Google Ads,United Kingdom,Enterprise,Monthly,199.0,2,28.0,0,,Active
CUST-02137,2024-04-04,2024-04-01,Organic Search,United States,Enterprise,Annual,199.0,2,26.2,0,,Active
CUST-02138,2024-10-07,2024-10-01,Direct,United States,Pro,Monthly,79.0,3,7.1,1,2024-11-28,Switched to competitor
CUST-02139,2024-02-03,2024-02-01,Affiliate Partner,India,Enterprise,Monthly,199.0,1,29.1,0,,Active
CUST-02140,2024-07-17,2024-07-01,Affiliate Partner,United States,Basic,Monthly,29.0,6,12.8,1,2024-08-24,Poor onboarding / low usage
CUST-02141,2024-11-17,2024-11-01,Direct,United Kingdom,Pro,Monthly,79.0,3,4.9,1,2024-12-05,Switched to competitor
CUST-02142,2024-02-07,2024-02-01,Google Ads,Canada,Pro,Monthly,79.0,6,12.1,1,2024-03-05,Price too high
CUST-02143,2024-08-31,2024-08-01,Google Ads,India,Basic,Annual,29.0,2,21.3,0,,Active
CUST-02144,2024-05-01,2024-05-01,Organic Search,United States,Basic,Monthly,29.0,2,29.4,0,,Active
CUST-02145,2024-07-03,2024-07-01,LinkedIn Referral,United States,Pro,Monthly,79.0,4,21.4,0,,Active
CUST-02146,2024-03-23,2024-03-01,Google Ads,United States,Pro,Monthly,79.0,5,8.7,1,2024-05-18,Poor onboarding / low usage
CUST-02147,2024-06-02,2024-06-01,Affiliate Partner,Germany,Basic,Monthly,29.0,0,23.3,0,,Active
CUST-02148,2024-06-29,2024-06-01,Direct,United States,Pro,Monthly,79.0,0,16.5,0,,Active
CUST-02149,2024-06-21,2024-06-01,Google Ads,United Kingdom,Pro,Annual,79.0,2,27.9,0,,Active
CUST-02150,2024-12-03,2024-12-01,Google Ads,United States,Basic,Monthly,29.0,1,31.1,0,,Active
CUST-02151,2024-07-05,2024-07-01,LinkedIn Referral,United States,Pro,Annual,79.0,2,22.5,0,,Active
CUST-02152,2024-03-13,2024-03-01,Google Ads,United States,Pro,Monthly,79.0,2,26.5,0,,Active
CUST-02153,2024-12-03,2024-12-01,Direct,United Kingdom,Basic,Monthly,29.0,0,23.5,0,,Active
CUST-02154,2024-09-21,2024-09-01,Google Ads,United States,Enterprise,Monthly,199.0,5,4.1,1,2024-11-27,Switched to competitor
CUST-02155,2024-07-16,2024-07-01,Google Ads,United Kingdom,Pro,Monthly,79.0,2,26.4,0,,Active
CUST-02156,2024-10-21,2024-10-01,Google Ads,United States,Basic,Monthly,29.0,2,24.4,0,,Active
CUST-02157,2024-08-27,2024-08-01,Google Ads,India,Enterprise,Monthly,199.0,2,31.5,0,,Active
CUST-02158,2024-11-09,2024-11-01,Organic Search,United States,Enterprise,Annual,199.0,1,21.9,0,,Active
CUST-02159,2024-01-19,2024-01-01,Direct,United States,Pro,Monthly,79.0,2,14.6,1,2024-03-20,Switched to competitor
CUST-02160,2024-01-28,2024-01-01,Google Ads,United Kingdom,Pro,Monthly,79.0,6,5.5,1,2024-09-14,Missing key features
CUST-02161,2024-06-10,2024-06-01,Organic Search,United States,Pro,Monthly,79.0,0,24.0,0,,Active
CUST-02162,2024-03-18,2024-03-01,Organic Search,United States,Basic,Annual,29.0,1,24.5,0,,Active
CUST-02163,2024-02-28,2024-02-01,Organic Search,United States,Basic,Monthly,29.0,2,11.1,1,2024-11-17,Price too high
CUST-02164,2024-07-04,2024-07-01,Organic Search,United Kingdom,Basic,Monthly,29.0,1,29.1,0,,Active
CUST-02165,2024-10-17,2024-10-01,Organic Search,Germany,Pro,Monthly,79.0,8,8.6,1,2024-12-28,Switched to competitor
CUST-02166,2024-02-05,2024-02-01,Direct,United States,Basic,Monthly,29.0,5,5.8,1,2024-06-30,Missing key features
CUST-02167,2024-12-08,2024-12-01,Organic Search,United States,Basic,Annual,29.0,3,14.9,0,,Active
CUST-02168,2024-11-20,2024-11-01,Organic Search,United States,Pro,Monthly,79.0,1,26.3,0,,Active
CUST-02169,2024-02-12,2024-02-01,Google Ads,United Kingdom,Pro,Monthly,79.0,0,25.5,0,,Active
CUST-02170,2024-01-13,2024-01-01,Google Ads,United Kingdom,Basic,Monthly,29.0,6,11.7,1,2024-03-21,Missing key features
CUST-02171,2024-12-24,2024-12-01,Organic Search,United Kingdom,Basic,Annual,29.0,1,23.7,0,,Active
CUST-02172,2024-08-17,2024-08-01,Google Ads,Canada,Enterprise,Monthly,199.0,1,34.4,0,,Active
CUST-02173,2024-12-03,2024-12-01,Affiliate Partner,Canada,Basic,Annual,29.0,5,10.2,1,2024-12-21,Switched to competitor
CUST-02174,2024-01-17,2024-01-01,LinkedIn Referral,India,Basic,Monthly,29.0,3,7.4,1,2024-05-29,Customer support delays
CUST-02175,2024-04-12,2024-04-01,Google Ads,India,Enterprise,Monthly,199.0,3,4.7,1,2024-07-03,Poor onboarding / low usage
CUST-02176,2024-05-18,2024-05-01,Google Ads,United States,Pro,Monthly,79.0,1,18.2,0,,Active
CUST-02177,2024-05-13,2024-05-01,Affiliate Partner,Canada,Pro,Monthly,79.0,1,21.2,0,,Active
CUST-02178,2024-09-17,2024-09-01,Organic Search,Germany,Pro,Monthly,79.0,3,13.6,1,2024-10-22,Price too high
CUST-02179,2024-02-24,2024-02-01,Google Ads,United States,Basic,Monthly,29.0,7,7.5,1,2024-05-13,Customer support delays
CUST-02180,2024-05-01,2024-05-01,Google Ads,Germany,Basic,Monthly,29.0,4,8.9,1,2024-07-01,Missing key features
CUST-02181,2024-06-23,2024-06-01,Google Ads,United States,Basic,Monthly,29.0,5,4.6,1,2024-09-12,Switched to competitor
CUST-02182,2024-08-23,2024-08-01,Google Ads,India,Basic,Monthly,29.0,5,13.8,1,2024-12-26,Poor onboarding / low usage
CUST-02183,2024-04-12,2024-04-01,Organic Search,Canada,Basic,Annual,29.0,2,27.7,0,,Active
CUST-02184,2024-07-17,2024-07-01,Affiliate Partner,United States,Pro,Annual,79.0,1,21.0,0,,Active
CUST-02185,2024-04-05,2024-04-01,Google Ads,United Kingdom,Enterprise,Annual,199.0,2,24.2,0,,Active
CUST-02186,2024-10-04,2024-10-01,Organic Search,United Kingdom,Enterprise,Monthly,199.0,1,19.5,0,,Active
CUST-02187,2024-02-08,2024-02-01,Direct,Germany,Enterprise,Monthly,199.0,2,27.0,0,,Active
CUST-02188,2024-06-25,2024-06-01,Google Ads,United States,Pro,Monthly,79.0,7,9.4,1,2024-12-25,Missing key features
CUST-02189,2024-09-09,2024-09-01,Google Ads,United States,Basic,Annual,29.0,2,27.4,0,,Active
CUST-02190,2024-02-10,2024-02-01,Organic Search,Germany,Basic,Annual,29.0,2,23.3,0,,Active
CUST-02191,2024-10-18,2024-10-01,Organic Search,India,Enterprise,Monthly,199.0,1,26.7,0,,Active
CUST-02192,2024-09-02,2024-09-01,Google Ads,United States,Pro,Monthly,79.0,2,21.4,0,,Active
CUST-02193,2024-04-07,2024-04-01,LinkedIn Referral,United States,Basic,Monthly,29.0,0,20.0,0,,Active
CUST-02194,2024-08-25,2024-08-01,Affiliate Partner,Germany,Enterprise,Monthly,199.0,4,3.0,1,2024-12-28,Price too high
CUST-02195,2024-06-11,2024-06-01,Organic Search,United States,Basic,Monthly,29.0,4,9.5,1,2024-08-22,Price too high
CUST-02196,2024-01-08,2024-01-01,Google Ads,India,Basic,Monthly,29.0,2,13.3,1,2024-07-22,Poor onboarding / low usage
CUST-02197,2024-03-17,2024-03-01,Affiliate Partner,United States,Basic,Monthly,29.0,1,26.1,0,,Active
CUST-02198,2024-08-10,2024-08-01,Organic Search,Germany,Enterprise,Monthly,199.0,0,30.5,0,,Active
CUST-02199,2024-02-04,2024-02-01,Direct,Germany,Basic,Monthly,29.0,4,20.1,0,,Active
CUST-02200,2024-06-08,2024-06-01,Organic Search,United States,Basic,Monthly,29.0,4,15.4,1,2024-08-12,Missing key features
CUST-02201,2024-09-28,2024-09-01,Organic Search,Germany,Pro,Monthly,79.0,1,18.7,0,,Active
CUST-02202,2024-07-08,2024-07-01,Google Ads,United Kingdom,Basic,Monthly,29.0,7,8.7,1,2024-09-18,Missing key features
CUST-02203,2024-08-01,2024-08-01,Direct,United States,Basic,Monthly,29.0,1,22.2,0,,Active
CUST-02204,2024-11-20,2024-11-01,Direct,India,Basic,Monthly,29.0,2,32.8,0,,Active
CUST-02205,2024-05-23,2024-05-01,Organic Search,United States,Basic,Monthly,29.0,4,22.7,0,,Active
CUST-02206,2024-04-27,2024-04-01,Google Ads,Germany,Basic,Monthly,29.0,2,25.3,0,,Active
CUST-02207,2024-03-16,2024-03-01,Google Ads,United States,Basic,Annual,29.0,5,12.3,1,2024-05-01,Switched to competitor
CUST-02208,2024-08-24,2024-08-01,Google Ads,United States,Basic,Monthly,29.0,1,24.4,0,,Active
CUST-02209,2024-04-08,2024-04-01,Organic Search,United Kingdom,Basic,Monthly,29.0,6,13.0,1,2024-07-05,Missing key features
CUST-02210,2024-01-31,2024-01-01,Direct,United States,Basic,Monthly,29.0,2,7.6,1,2024-04-12,Switched to competitor
CUST-02211,2024-11-13,2024-11-01,Google Ads,United States,Enterprise,Monthly,199.0,3,22.2,0,,Active
CUST-02212,2024-05-19,2024-05-01,LinkedIn Referral,United States,Basic,Monthly,29.0,2,21.9,0,,Active
CUST-02213,2024-11-05,2024-11-01,Affiliate Partner,United Kingdom,Basic,Annual,29.0,1,23.4,0,,Active
CUST-02214,2024-04-09,2024-04-01,Google Ads,India,Basic,Annual,29.0,2,14.7,0,,Active
CUST-02215,2024-01-15,2024-01-01,Google Ads,United States,Basic,Monthly,29.0,5,9.5,1,2024-03-30,Poor onboarding / low usage
CUST-02216,2024-03-16,2024-03-01,Affiliate Partner,Germany,Basic,Monthly,29.0,7,12.1,1,2024-05-30,Price too high
CUST-02217,2024-06-09,2024-06-01,Google Ads,India,Pro,Monthly,79.0,2,26.5,0,,Active
CUST-02218,2024-01-09,2024-01-01,Google Ads,United Kingdom,Basic,Annual,29.0,2,29.9,0,,Active
CUST-02219,2024-01-18,2024-01-01,Affiliate Partner,United States,Basic,Monthly,29.0,7,9.1,1,2024-05-04,Price too high
CUST-02220,2024-01-29,2024-01-01,Organic Search,United Kingdom,Basic,Monthly,29.0,5,4.5,1,2024-07-03,Poor onboarding / low usage
CUST-02221,2024-04-30,2024-04-01,Affiliate Partner,United States,Basic,Annual,29.0,4,13.0,1,2024-05-12,Missing key features
CUST-02222,2024-07-01,2024-07-01,Affiliate Partner,India,Pro,Annual,79.0,1,23.4,0,,Active
CUST-02223,2024-11-24,2024-11-01,LinkedIn Referral,United Kingdom,Enterprise,Monthly,199.0,2,24.9,0,,Active
CUST-02224,2024-10-07,2024-10-01,LinkedIn Referral,United States,Basic,Monthly,29.0,2,22.7,0,,Active
CUST-02225,2024-02-29,2024-02-01,Google Ads,Canada,Basic,Monthly,29.0,5,7.2,1,2024-06-20,Poor onboarding / low usage
CUST-02226,2024-10-12,2024-10-01,Google Ads,United States,Pro,Monthly,79.0,5,9.8,1,2024-11-02,Missing key features
CUST-02227,2024-12-23,2024-12-01,Affiliate Partner,United States,Pro,Annual,79.0,2,16.6,0,,Active
CUST-02228,2024-01-22,2024-01-01,Google Ads,Canada,Pro,Monthly,79.0,6,12.9,1,2024-02-16,Switched to competitor
CUST-02229,2024-04-29,2024-04-01,Google Ads,Canada,Basic,Monthly,29.0,4,4.8,1,2024-07-09,Customer support delays
CUST-02230,2024-06-14,2024-06-01,Organic Search,Germany,Basic,Monthly,29.0,5,7.1,1,2024-12-04,Missing key features
CUST-02231,2024-12-22,2024-12-01,Google Ads,United States,Pro,Monthly,79.0,3,27.2,0,,Active
CUST-02232,2024-02-04,2024-02-01,Google Ads,United States,Basic,Monthly,29.0,6,6.5,1,2024-02-23,Poor onboarding / low usage
CUST-02233,2024-01-19,2024-01-01,Direct,United Kingdom,Pro,Monthly,79.0,6,6.9,1,2024-04-11,Price too high
CUST-02234,2024-02-11,2024-02-01,Organic Search,India,Pro,Monthly,79.0,3,27.3,0,,Active
CUST-02235,2024-03-22,2024-03-01,Google Ads,United States,Enterprise,Monthly,199.0,3,27.9,0,,Active
CUST-02236,2024-12-09,2024-12-01,Google Ads,United States,Basic,Monthly,29.0,1,22.4,0,,Active
CUST-02237,2024-07-26,2024-07-01,Google Ads,Germany,Basic,Monthly,29.0,7,1.0,1,2024-09-07,Switched to competitor
CUST-02238,2024-02-24,2024-02-01,Organic Search,United Kingdom,Basic,Monthly,29.0,2,11.6,1,,
CUST-02239,2024-04-27,2024-04-01,Google Ads,India,Basic,Monthly,29.0,1,29.9,0,,Active
CUST-02240,2024-07-17,2024-07-01,Organic Search,United Kingdom,Basic,Monthly,29.0,1,23.4,0,,Active
CUST-02241,2024-11-01,2024-11-01,Affiliate Partner,United Kingdom,Pro,Monthly,79.0,2,30.8,0,,Active
CUST-02242,2024-05-07,2024-05-01,Direct,United States,Basic,Monthly,29.0,2,10.9,1,2024-05-11,Price too high
CUST-02243,2024-01-01,2024-01-01,Organic Search,United States,Pro,Monthly,79.0,2,12.8,1,2024-10-04,Price too high
CUST-02244,2024-11-26,2024-11-01,Organic Search,United States,Enterprise,Annual,199.0,1,31.0,0,,Active
CUST-02245,2024-07-09,2024-07-01,Affiliate Partner,United States,Pro,Annual,79.0,7,15.5,1,2024-10-02,Price too high
CUST-02246,2024-01-18,2024-01-01,Google Ads,United States,Basic,Monthly,29.0,2,4.8,1,2024-11-29,Missing key features
CUST-02247,2024-03-30,2024-03-01,Organic Search,Germany,Pro,Monthly,79.0,3,1.0,1,2024-04-02,Customer support delays
CUST-02248,2024-04-30,2024-04-01,Affiliate Partner,United States,Pro,Monthly,79.0,1,13.8,1,2024-09-16,Price too high
CUST-02249,2024-09-02,2024-09-01,Organic Search,Germany,Pro,Monthly,79.0,4,8.3,1,2024-09-25,Missing key features
CUST-02250,2024-03-19,2024-03-01,Direct,United Kingdom,Pro,Monthly,79.0,4,7.5,1,2024-07-01,Switched to competitor
CUST-02251,2024-08-26,2024-08-01,Organic Search,India,Basic,Monthly,29.0,5,6.8,1,2024-11-27,Poor onboarding / low usage
CUST-02252,2024-05-23,2024-05-01,Organic Search,Canada,Enterprise,Annual,199.0,2,19.7,0,,Active
CUST-02253,2024-01-01,2024-01-01,Organic Search,Germany,Basic,Monthly,29.0,6,3.6,1,2024-02-19,Poor onboarding / low usage
CUST-02254,2024-08-10,2024-08-01,Organic Search,India,Pro,Monthly,79.0,1,14.2,0,,Active
CUST-02255,2024-05-26,2024-05-01,Direct,Canada,Enterprise,Annual,199.0,4,25.9,0,,Active
CUST-02256,2024-03-15,2024-03-01,Organic Search,India,Basic,Monthly,29.0,1,24.2,0,,Active
CUST-02257,2024-12-11,2024-12-01,Google Ads,United States,Pro,Monthly,79.0,1,28.2,0,,Active
CUST-02258,2024-07-03,2024-07-01,LinkedIn Referral,United States,Basic,Monthly,29.0,2,14.2,1,2024-08-11,Poor onboarding / low usage
CUST-02259,2024-03-11,2024-03-01,Google Ads,Germany,Pro,Monthly,79.0,6,14.5,1,2024-09-24,Switched to competitor
CUST-02260,2024-11-16,2024-11-01,Google Ads,India,Basic,Monthly,29.0,0,17.9,0,,Active
CUST-02261,2024-11-19,2024-11-01,Organic Search,United States,Basic,Monthly,29.0,2,29.5,0,,Active
CUST-02262,2024-10-20,2024-10-01,Google Ads,India,Pro,Monthly,79.0,4,37.4,0,,Active
CUST-02263,2024-12-20,2024-12-01,Google Ads,Germany,Enterprise,Monthly,199.0,2,25.3,0,,Active
CUST-02264,2024-08-02,2024-08-01,Direct,Germany,Basic,Monthly,29.0,2,25.8,0,,Active
CUST-02265,2024-05-10,2024-05-01,Organic Search,United Kingdom,Basic,Monthly,29.0,6,5.0,1,2024-07-17,Price too high
CUST-02266,2024-12-16,2024-12-01,Direct,United Kingdom,Enterprise,Monthly,199.0,1,27.5,0,,Active
CUST-02267,2024-06-20,2024-06-01,Google Ads,United Kingdom,Basic,Monthly,29.0,1,25.6,0,,Active
CUST-02268,2024-04-22,2024-04-01,Affiliate Partner,Canada,Pro,Annual,79.0,1,28.5,0,,Active
CUST-02269,2024-01-01,2024-01-01,Organic Search,United Kingdom,Enterprise,Monthly,199.0,1,19.5,0,,Active
CUST-02270,2024-04-07,2024-04-01,Organic Search,India,Pro,Monthly,79.0,3,8.3,1,2024-04-08,Switched to competitor
CUST-02271,2024-05-31,2024-05-01,Google Ads,Canada,Pro,Monthly,79.0,1,4.6,1,2024-09-07,Price too high
CUST-02272,2024-08-19,2024-08-01,Affiliate Partner,Canada,Basic,Monthly,29.0,3,25.6,0,,Active
CUST-02273,2024-06-02,2024-06-01,Google Ads,Germany,Pro,Monthly,79.0,2,26.6,0,,Active
CUST-02274,2024-12-13,2024-12-01,Google Ads,Germany,Pro,Annual,79.0,2,29.7,0,,Active
CUST-02275,2024-01-17,2024-01-01,Organic Search,India,Basic,Monthly,29.0,1,25.5,0,,Active
CUST-02276,2024-01-14,2024-01-01,Organic Search,India,Basic,Monthly,29.0,3,11.0,1,2024-04-22,Price too high
CUST-02277,2024-10-05,2024-10-01,Google Ads,United Kingdom,Basic,Annual,29.0,6,9.2,1,2024-10-13,Price too high
CUST-02278,2024-11-19,2024-11-01,LinkedIn Referral,United States,Basic,Monthly,29.0,2,24.6,0,,Active
CUST-02279,2024-06-21,2024-06-01,Google Ads,India,Basic,Annual,29.0,4,10.9,1,2024-08-30,Customer support delays
CUST-02280,2024-10-09,2024-10-01,Google Ads,Canada,Enterprise,Monthly,199.0,2,18.7,0,,Active
CUST-02281,2024-07-29,2024-07-01,LinkedIn Referral,United States,Basic,Monthly,29.0,1,8.3,1,2024-08-20,Customer support delays
CUST-02282,2024-03-06,2024-03-01,LinkedIn Referral,United Kingdom,Basic,Monthly,29.0,4,12.6,1,2024-05-22,Price too high
CUST-02283,2024-08-15,2024-08-01,Google Ads,United Kingdom,Pro,Monthly,79.0,2,7.2,1,2024-08-21,Poor onboarding / low usage
CUST-02284,2024-08-25,2024-08-01,Affiliate Partner,Germany,Basic,Annual,29.0,1,28.2,0,,Active
CUST-02285,2024-05-09,2024-05-01,Affiliate Partner,United States,Basic,Monthly,29.0,1,31.6,0,,Active
CUST-02286,2024-02-26,2024-02-01,Affiliate Partner,Canada,Pro,Monthly,79.0,4,9.8,1,2024-05-12,Switched to competitor
CUST-02287,2024-09-05,2024-09-01,Organic Search,United Kingdom,Pro,Monthly,79.0,1,25.1,0,,Active
CUST-02288,2024-03-31,2024-03-01,Google Ads,United States,Enterprise,Annual,199.0,1,25.8,0,,Active
CUST-02289,2024-02-21,2024-02-01,Google Ads,United States,Pro,Monthly,79.0,1,7.1,1,2024-07-06,Missing key features
CUST-02290,2024-07-06,2024-07-01,Google Ads,United States,Pro,Annual,79.0,4,21.3,0,,Active
CUST-02291,2024-08-02,2024-08-01,Direct,United States,Basic,Monthly,29.0,8,7.9,1,2024-12-09,Customer support delays
CUST-02292,2024-12-06,2024-12-01,Direct,United Kingdom,Enterprise,Monthly,199.0,2,24.8,0,,Active
CUST-02293,2024-07-24,2024-07-01,Organic Search,Canada,Pro,Monthly,79.0,2,7.0,1,2024-11-24,Customer support delays
CUST-02294,2024-10-19,2024-10-01,Google Ads,Canada,Pro,Monthly,79.0,2,26.7,0,,Active
CUST-02295,2024-10-06,2024-10-01,Affiliate Partner,United Kingdom,Pro,Monthly,79.0,2,3.5,1,2024-12-31,Missing key features
CUST-02296,2024-12-02,2024-12-01,Affiliate Partner,United States,Basic,Monthly,29.0,3,23.9,0,,Active
CUST-02297,2024-07-30,2024-07-01,Google Ads,United Kingdom,Enterprise,Monthly,199.0,0,26.2,0,,Active
CUST-02298,2024-07-09,2024-07-01,Organic Search,India,Basic,Monthly,29.0,4,4.2,1,2024-08-04,Switched to competitor
CUST-02299,2024-01-07,2024-01-01,LinkedIn Referral,United Kingdom,Basic,Annual,29.0,4,6.5,1,2024-05-02,Poor onboarding / low usage
CUST-02300,2024-03-11,2024-03-01,Google Ads,United States,Basic,Monthly,29.0,0,26.6,0,,Active
CUST-02301,2024-02-06,2024-02-01,Affiliate Partner,United States,Pro,Monthly,79.0,6,2.2,1,2024-06-22,Customer support delays
CUST-02302,2024-02-07,2024-02-01,Organic Search,United Kingdom,Pro,Monthly,79.0,5,9.0,1,2024-09-18,Customer support delays
CUST-02303,2024-01-22,2024-01-01,Organic Search,United Kingdom,Pro,Monthly,79.0,3,11.2,1,2024-04-13,Switched to competitor
CUST-02304,2024-07-10,2024-07-01,Google Ads,United States,Enterprise,Annual,199.0,2,19.6,0,,Active
CUST-02305,2024-09-17,2024-09-01,Google Ads,Canada,Enterprise,Monthly,199.0,2,23.9,0,,Active
CUST-02306,2024-11-02,2024-11-01,Direct,United States,Pro,Monthly,79.0,2,18.8,0,,Active
CUST-02307,2024-02-08,2024-02-01,Google Ads,United States,Pro,Monthly,79.0,5,5.7,1,2024-03-12,Price too high
CUST-02308,2024-10-14,2024-10-01,Google Ads,United States,Basic,Annual,29.0,5,9.0,1,2024-11-08,Price too high
CUST-02309,2024-03-15,2024-03-01,Affiliate Partner,United States,Pro,Monthly,79.0,1,16.1,1,2024-04-23,Missing key features
CUST-02310,2024-07-20,2024-07-01,LinkedIn Referral,United States,Enterprise,Monthly,199.0,0,21.3,0,,Active
CUST-02311,2024-06-06,2024-06-01,Google Ads,Germany,Basic,Monthly,29.0,3,28.2,0,,Active
CUST-02312,2024-12-15,2024-12-01,Direct,Germany,Pro,Monthly,79.0,2,20.3,0,,Active
CUST-02313,2024-12-04,2024-12-01,Direct,United States,Basic,Monthly,29.0,1,18.5,0,,Active
CUST-02314,2024-03-11,2024-03-01,Organic Search,United States,Enterprise,Monthly,199.0,2,28.7,0,,Active
CUST-02315,2024-09-19,2024-09-01,Google Ads,Canada,Pro,Monthly,79.0,2,25.5,0,,Active
CUST-02316,2024-04-07,2024-04-01,Google Ads,United States,Basic,Monthly,29.0,1,23.5,0,,Active
CUST-02317,2024-03-12,2024-03-01,Google Ads,Canada,Basic,Monthly,29.0,6,8.4,1,2024-06-02,Switched to competitor
CUST-02318,2024-07-04,2024-07-01,Affiliate Partner,United Kingdom,Basic,Monthly,29.0,2,7.0,1,2024-12-25,Missing key features
CUST-02319,2024-05-29,2024-05-01,Organic Search,United Kingdom,Pro,Annual,79.0,1,28.7,0,,Active
CUST-02320,2024-09-04,2024-09-01,Affiliate Partner,Germany,Basic,Annual,29.0,1,21.2,0,,Active
CUST-02321,2024-05-10,2024-05-01,Google Ads,United Kingdom,Basic,Monthly,29.0,4,4.9,1,2024-10-14,Missing key features
CUST-02322,2024-05-10,2024-05-01,Affiliate Partner,United States,Basic,Monthly,29.0,4,1.8,1,2024-12-20,Switched to competitor
CUST-02323,2024-11-17,2024-11-01,Affiliate Partner,United States,Basic,Monthly,29.0,1,19.1,0,,Active
CUST-02324,2024-08-31,2024-08-01,Organic Search,Canada,Basic,Monthly,29.0,3,4.8,1,2024-11-03,Customer support delays
CUST-02325,2024-07-04,2024-07-01,LinkedIn Referral,Canada,Pro,Monthly,79.0,3,17.0,1,2024-09-05,Price too high
CUST-02326,2024-05-22,2024-05-01,Google Ads,United States,Basic,Monthly,29.0,5,12.7,1,2024-06-09,Missing key features
CUST-02327,2024-05-17,2024-05-01,Google Ads,Canada,Basic,Monthly,29.0,4,8.6,1,2024-05-21,Price too high
CUST-02328,2024-12-17,2024-12-01,Affiliate Partner,India,Pro,Monthly,79.0,1,14.0,0,,Active
CUST-02329,2024-01-21,2024-01-01,Google Ads,Canada,Pro,Monthly,79.0,5,5.3,1,2024-04-01,Poor onboarding / low usage
CUST-02330,2024-11-15,2024-11-01,Google Ads,United States,Basic,Annual,29.0,4,29.4,0,,Active
CUST-02331,2024-05-03,2024-05-01,Direct,United States,Basic,Monthly,29.0,2,24.7,0,,Active
CUST-02332,2024-06-11,2024-06-01,Google Ads,United Kingdom,Pro,Monthly,79.0,8,5.5,1,2024-11-14,Switched to competitor
CUST-02333,2024-02-16,2024-02-01,Google Ads,United States,Pro,Monthly,79.0,0,25.1,0,,Active
CUST-02334,2024-05-23,2024-05-01,Google Ads,United States,Basic,Monthly,29.0,6,12.4,1,2024-05-31,Switched to competitor
CUST-02335,2024-12-09,2024-12-01,Google Ads,United Kingdom,Pro,Monthly,79.0,3,23.4,0,,Active
CUST-02336,2024-10-23,2024-10-01,Organic Search,United Kingdom,Basic,Annual,29.0,0,25.2,0,,Active
CUST-02337,2024-04-28,2024-04-01,Organic Search,United States,Pro,Monthly,79.0,3,26.4,0,,Active
CUST-02338,2024-05-19,2024-05-01,Organic Search,Germany,Basic,Monthly,29.0,9,11.1,1,2024-11-02,Price too high
CUST-02339,2024-11-11,2024-11-01,Organic Search,United States,Enterprise,Monthly,199.0,2,34.3,0,,Active
CUST-02340,2024-04-15,2024-04-01,Google Ads,Germany,Basic,Monthly,29.0,2,23.1,0,,Active
CUST-02341,2024-05-07,2024-05-01,Affiliate Partner,United Kingdom,Basic,Monthly,29.0,1,22.1,0,,Active
CUST-02342,2024-02-03,2024-02-01,Google Ads,United Kingdom,Basic,Monthly,29.0,3,12.1,1,2024-10-09,Switched to competitor
CUST-02343,2024-06-27,2024-06-01,Affiliate Partner,United States,Enterprise,Monthly,199.0,0,26.5,0,,Active
CUST-02344,2024-11-02,2024-11-01,Google Ads,United States,Pro,Monthly,79.0,4,28.2,0,,Active
CUST-02345,2024-01-19,2024-01-01,Google Ads,India,Basic,Monthly,29.0,1,9.0,1,2024-04-24,Missing key features
CUST-02346,2024-02-17,2024-02-01,Direct,United Kingdom,Pro,Monthly,79.0,1,22.3,0,,Active
CUST-02347,2024-03-26,2024-03-01,Google Ads,United States,Basic,Monthly,29.0,4,9.5,1,2024-05-27,Missing key features
CUST-02348,2024-10-20,2024-10-01,Affiliate Partner,Germany,Enterprise,Monthly,199.0,1,21.5,0,,Active
CUST-02349,2024-03-31,2024-03-01,Direct,United States,Enterprise,Monthly,199.0,1,6.1,1,2024-08-05,Price too high
CUST-02350,2024-11-04,2024-11-01,Affiliate Partner,Germany,Pro,Monthly,79.0,4,11.1,1,2024-12-08,Price too high
CUST-02351,2024-05-17,2024-05-01,Google Ads,United States,Basic,Annual,29.0,2,5.1,1,2024-07-31,Price too high
CUST-02352,2024-10-10,2024-10-01,LinkedIn Referral,India,Basic,Annual,29.0,1,25.1,0,,Active
CUST-02353,2024-04-05,2024-04-01,Google Ads,India,Basic,Annual,29.0,1,10.5,1,2024-06-02,Switched to competitor
CUST-02354,2024-03-28,2024-03-01,Organic Search,India,Basic,Annual,29.0,7,11.5,1,2024-06-13,Poor onboarding / low usage
CUST-02355,2024-01-30,2024-01-01,Organic Search,United States,Basic,Monthly,29.0,3,20.6,0,,Active
CUST-02356,2024-03-23,2024-03-01,Google Ads,United Kingdom,Pro,Monthly,79.0,2,7.4,1,2024-06-04,Switched to competitor
CUST-02357,2024-03-10,2024-03-01,LinkedIn Referral,United States,Enterprise,Monthly,199.0,2,8.9,1,2024-03-25,Switched to competitor
CUST-02358,2024-09-27,2024-09-01,Google Ads,United Kingdom,Basic,Monthly,29.0,3,27.0,0,,Active
CUST-02359,2024-07-25,2024-07-01,LinkedIn Referral,United States,Pro,Monthly,79.0,8,24.3,0,,Active
CUST-02360,2024-07-26,2024-07-01,Affiliate Partner,United States,Basic,Monthly,29.0,1,29.5,0,,Active
CUST-02361,2024-04-15,2024-04-01,Affiliate Partner,Germany,Basic,Monthly,29.0,0,4.5,1,2024-04-27,Price too high
CUST-02362,2024-06-01,2024-06-01,Google Ads,India,Pro,Monthly,79.0,7,8.0,1,2024-10-15,Price too high
CUST-02363,2024-04-11,2024-04-01,Google Ads,United States,Basic,Monthly,29.0,1,24.8,0,,Active
CUST-02364,2024-07-21,2024-07-01,Google Ads,United Kingdom,Basic,Annual,29.0,2,9.8,1,2024-08-28,Poor onboarding / low usage
CUST-02365,2024-08-12,2024-08-01,Google Ads,Germany,Pro,Monthly,79.0,1,23.4,0,,Active
CUST-02366,2024-03-07,2024-03-01,Direct,Germany,Basic,Monthly,29.0,5,8.2,1,2024-04-11,Price too high
CUST-02367,2024-11-23,2024-11-01,Organic Search,United Kingdom,Pro,Monthly,79.0,1,30.6,0,,Active
CUST-02368,2024-01-28,2024-01-01,Google Ads,Germany,Pro,Monthly,79.0,2,7.5,1,2024-06-06,Price too high
CUST-02369,2024-06-30,2024-06-01,Direct,Germany,Basic,Annual,29.0,2,8.3,1,2024-09-26,Missing key features
CUST-02370,2024-09-02,2024-09-01,Affiliate Partner,United States,Enterprise,Monthly,199.0,4,26.4,0,,Active
CUST-02371,2024-01-06,2024-01-01,Direct,United States,Basic,Annual,29.0,2,5.6,1,2024-05-12,Poor onboarding / low usage
CUST-02372,2024-11-18,2024-11-01,Google Ads,United Kingdom,Basic,Monthly,29.0,3,10.7,1,2024-12-31,Switched to competitor
CUST-02373,2024-06-20,2024-06-01,Organic Search,United Kingdom,Enterprise,Monthly,199.0,0,26.5,0,,Active
CUST-02374,2024-08-12,2024-08-01,Organic Search,United Kingdom,Basic,Monthly,29.0,1,24.4,0,,Active
CUST-02375,2024-10-16,2024-10-01,Google Ads,United States,Basic,Monthly,29.0,4,14.5,1,,
CUST-02376,2024-07-12,2024-07-01,Google Ads,United States,Basic,Annual,29.0,1,26.0,0,,Active
CUST-02377,2024-04-10,2024-04-01,Organic Search,Canada,Basic,Monthly,29.0,9,8.3,1,2024-04-23,Switched to competitor
CUST-02378,2024-05-21,2024-05-01,Direct,United Kingdom,Basic,Monthly,29.0,9,7.0,1,2024-06-30,Switched to competitor
CUST-02379,2024-01-07,2024-01-01,Google Ads,United States,Pro,Annual,79.0,2,15.2,1,2024-10-06,Switched to competitor
CUST-02380,2024-03-24,2024-03-01,Organic Search,United Kingdom,Enterprise,Monthly,199.0,0,18.4,0,,Active
CUST-02381,2024-06-24,2024-06-01,Google Ads,United States,Basic,Monthly,29.0,0,21.7,0,,Active
CUST-02382,2024-06-18,2024-06-01,Google Ads,United Kingdom,Pro,Monthly,79.0,3,19.9,0,,Active
CUST-02383,2024-10-31,2024-10-01,Affiliate Partner,United States,Basic,Monthly,29.0,1,29.4,0,,Active
CUST-02384,2024-08-10,2024-08-01,Google Ads,United States,Basic,Monthly,29.0,4,27.6,0,,Active
CUST-02385,2024-07-26,2024-07-01,Organic Search,United Kingdom,Basic,Annual,29.0,5,5.8,1,2024-08-14,Switched to competitor
CUST-02386,2024-06-02,2024-06-01,Google Ads,United Kingdom,Basic,Monthly,29.0,1,24.7,0,,Active
CUST-02387,2024-08-25,2024-08-01,LinkedIn Referral,United Kingdom,Basic,Monthly,29.0,3,24.5,0,,Active
CUST-02388,2024-07-23,2024-07-01,Google Ads,United Kingdom,Basic,Monthly,29.0,2,9.3,1,2024-09-27,Missing key features
CUST-02389,2024-11-15,2024-11-01,Google Ads,Germany,Pro,Annual,79.0,0,34.4,0,,Active
CUST-02390,2024-02-03,2024-02-01,Direct,United Kingdom,Basic,Monthly,29.0,4,13.0,1,2024-04-16,Missing key features
CUST-02391,2024-08-09,2024-08-01,Direct,India,Pro,Monthly,79.0,1,8.6,1,2024-10-20,Price too high
CUST-02392,2024-03-01,2024-03-01,Google Ads,India,Basic,Monthly,29.0,1,21.1,0,,Active
CUST-02393,2024-06-21,2024-06-01,Google Ads,United States,Pro,Monthly,79.0,3,9.4,1,2024-09-22,Price too high
CUST-02394,2024-02-12,2024-02-01,Affiliate Partner,United States,Basic,Annual,29.0,2,8.8,1,2024-03-31,Switched to competitor
CUST-02395,2024-08-07,2024-08-01,Google Ads,India,Basic,Monthly,29.0,1,12.5,1,2024-10-02,Missing key features
CUST-02396,2024-12-23,2024-12-01,Google Ads,United Kingdom,Basic,Monthly,29.0,1,27.5,0,,Active
CUST-02397,2024-01-27,2024-01-01,Affiliate Partner,Germany,Basic,Monthly,29.0,9,9.2,1,2024-02-02,Price too high
CUST-02398,2024-01-17,2024-01-01,LinkedIn Referral,Canada,Basic,Monthly,29.0,8,10.5,1,2024-08-24,Price too high
CUST-02399,2024-06-18,2024-06-01,Direct,Canada,Pro,Annual,79.0,3,15.4,1,2024-09-17,Price too high
CUST-02400,2024-04-08,2024-04-01,LinkedIn Referral,United States,Enterprise,Annual,199.0,1,18.2,0,,Active
CUST-02401,2024-03-11,2024-03-01,LinkedIn Referral,Germany,Basic,Monthly,29.0,5,14.0,1,2024-03-31,Switched to competitor
CUST-02402,2024-05-13,2024-05-01,LinkedIn Referral,United Kingdom,Pro,Annual,79.0,4,24.0,0,,Active
CUST-02403,2024-03-24,2024-03-01,Google Ads,United States,Pro,Annual,79.0,2,22.5,0,,Active
CUST-02404,2024-06-07,2024-06-01,Organic Search,India,Basic,Monthly,29.0,4,14.4,1,2024-10-07,Switched to competitor
CUST-02405,2024-10-27,2024-10-01,LinkedIn Referral,Canada,Enterprise,Monthly,199.0,1,29.8,0,,Active
CUST-02406,2024-03-05,2024-03-01,LinkedIn Referral,United Kingdom,Pro,Monthly,79.0,1,17.3,0,,Active
CUST-02407,2024-10-09,2024-10-01,Google Ads,United States,Enterprise,Monthly,199.0,1,27.9,0,,Active
CUST-02408,2024-08-30,2024-08-01,Organic Search,United States,Basic,Annual,29.0,4,7.9,1,,
CUST-02409,2024-05-09,2024-05-01,LinkedIn Referral,Germany,Basic,Annual,29.0,2,27.6,0,,Active
CUST-02410,2024-12-28,2024-12-01,Google Ads,United States,Enterprise,Monthly,199.0,1,22.8,0,,Active
CUST-02411,2024-06-10,2024-06-01,Affiliate Partner,United States,Enterprise,Monthly,199.0,1,27.1,0,,Active
CUST-02412,2024-02-17,2024-02-01,Organic Search,India,Basic,Monthly,29.0,6,2.8,1,2024-04-22,Switched to competitor
CUST-02413,2024-05-02,2024-05-01,LinkedIn Referral,United States,Basic,Annual,29.0,2,8.3,1,2024-09-30,Price too high
CUST-02414,2024-11-19,2024-11-01,LinkedIn Referral,United States,Basic,Annual,29.0,5,21.6,0,,Active
CUST-02415,2024-11-10,2024-11-01,Direct,India,Pro,Monthly,79.0,3,8.2,1,2024-12-26,Customer support delays
CUST-02416,2024-09-13,2024-09-01,Organic Search,India,Basic,Monthly,29.0,1,26.7,0,,Active
CUST-02417,2024-09-15,2024-09-01,Google Ads,United States,Basic,Monthly,29.0,2,25.8,0,,Active
CUST-02418,2024-11-09,2024-11-01,Direct,United States,Basic,Monthly,29.0,2,23.2,0,,Active
CUST-02419,2024-01-21,2024-01-01,LinkedIn Referral,Canada,Basic,Annual,29.0,5,20.6,1,2024-06-30,Switched to competitor
CUST-02420,2024-01-10,2024-01-01,Google Ads,Canada,Basic,Monthly,29.0,0,18.2,0,,Active
CUST-02421,2024-06-02,2024-06-01,Organic Search,United States,Basic,Monthly,29.0,3,7.5,1,2024-12-07,Price too high
CUST-02422,2024-01-21,2024-01-01,Direct,United Kingdom,Basic,Monthly,29.0,5,8.9,1,2024-04-22,Poor onboarding / low usage
CUST-02423,2024-02-08,2024-02-01,Google Ads,United States,Basic,Monthly,29.0,1,30.7,0,,Active
CUST-02424,2024-01-27,2024-01-01,Google Ads,United States,Basic,Monthly,29.0,3,2.6,1,,
CUST-02425,2024-02-10,2024-02-01,Google Ads,United Kingdom,Pro,Monthly,79.0,1,26.7,0,,Active
CUST-02426,2024-03-24,2024-03-01,Direct,United States,Pro,Monthly,79.0,2,25.9,0,,Active
CUST-02427,2024-05-02,2024-05-01,Google Ads,United Kingdom,Basic,Annual,29.0,3,3.8,1,2024-05-27,Poor onboarding / low usage
CUST-02428,2024-05-18,2024-05-01,Affiliate Partner,United States,Pro,Annual,79.0,2,22.5,0,,Active
CUST-02429,2024-12-08,2024-12-01,Affiliate Partner,United States,Enterprise,Monthly,199.0,1,29.5,0,,Active
CUST-02430,2024-02-12,2024-02-01,Affiliate Partner,United States,Enterprise,Monthly,199.0,2,9.5,1,2024-08-30,Missing key features
CUST-02431,2024-02-14,2024-02-01,Affiliate Partner,United States,Basic,Annual,29.0,2,32.6,0,,Active
CUST-02432,2024-08-09,2024-08-01,Affiliate Partner,United States,Basic,Annual,29.0,4,27.2,0,,Active
CUST-02433,2024-11-22,2024-11-01,Google Ads,Canada,Pro,Monthly,79.0,2,29.8,0,,Active
CUST-02434,2024-12-23,2024-12-01,Affiliate Partner,India,Pro,Annual,79.0,1,24.2,0,,Active
CUST-02435,2024-04-26,2024-04-01,Affiliate Partner,United Kingdom,Basic,Monthly,29.0,5,15.2,1,2024-12-29,Price too high
CUST-02436,2024-01-02,2024-01-01,Organic Search,United States,Pro,Monthly,79.0,3,7.9,1,2024-02-23,Customer support delays
CUST-02437,2024-07-09,2024-07-01,Organic Search,Canada,Basic,Monthly,29.0,5,12.4,1,,
CUST-02438,2024-02-19,2024-02-01,Organic Search,United Kingdom,Pro,Monthly,79.0,7,15.8,1,2024-12-12,Customer support delays
CUST-02439,2024-11-22,2024-11-01,Direct,India,Basic,Monthly,29.0,2,17.6,0,,Active
CUST-02440,2024-08-05,2024-08-01,Affiliate Partner,United States,Enterprise,Annual,199.0,2,22.6,0,,Active
CUST-02441,2024-03-11,2024-03-01,Organic Search,United States,Enterprise,Monthly,199.0,4,33.8,0,,Active
CUST-02442,2024-07-27,2024-07-01,Google Ads,India,Pro,Monthly,79.0,4,5.2,1,2024-08-06,Customer support delays
CUST-02443,2024-06-16,2024-06-01,Google Ads,India,Enterprise,Monthly,199.0,1,26.7,0,,Active
CUST-02444,2024-05-15,2024-05-01,Google Ads,Canada,Basic,Monthly,29.0,3,3.9,1,2024-08-02,Switched to competitor
CUST-02445,2024-04-18,2024-04-01,Affiliate Partner,United States,Enterprise,Monthly,199.0,2,4.0,1,2024-06-27,Price too high
CUST-02446,2024-10-08,2024-10-01,LinkedIn Referral,United Kingdom,Basic,Monthly,29.0,4,5.0,1,2024-12-30,Poor onboarding / low usage
CUST-02447,2024-10-08,2024-10-01,Direct,United Kingdom,Pro,Monthly,79.0,0,25.2,0,,Active
CUST-02448,2024-10-09,2024-10-01,Google Ads,United States,Basic,Monthly,29.0,4,10.3,1,2024-11-21,Missing key features
CUST-02449,2024-01-21,2024-01-01,Google Ads,United States,Enterprise,Monthly,199.0,4,9.9,1,2024-10-03,Customer support delays
CUST-02450,2024-01-22,2024-01-01,Google Ads,United States,Pro,Annual,79.0,1,25.5,0,,Active
CUST-02451,2024-11-18,2024-11-01,Organic Search,United States,Enterprise,Annual,199.0,1,25.2,0,,Active
CUST-02452,2024-12-28,2024-12-01,Direct,United Kingdom,Pro,Annual,79.0,2,26.6,0,,Active
CUST-02453,2024-12-15,2024-12-01,Affiliate Partner,Canada,Basic,Monthly,29.0,4,20.3,0,,Active
CUST-02454,2024-07-27,2024-07-01,Organic Search,Germany,Basic,Monthly,29.0,2,5.3,1,2024-08-13,Switched to competitor
CUST-02455,2024-05-19,2024-05-01,LinkedIn Referral,Canada,Pro,Annual,79.0,2,26.0,0,,Active
CUST-02456,2024-09-27,2024-09-01,Organic Search,Germany,Enterprise,Annual,199.0,2,26.8,0,,Active
CUST-02457,2024-10-23,2024-10-01,Google Ads,United States,Enterprise,Monthly,199.0,3,22.6,0,,Active
CUST-02458,2024-03-04,2024-03-01,Organic Search,Canada,Pro,Monthly,79.0,4,1.0,1,2024-06-06,Poor onboarding / low usage
CUST-02459,2024-07-26,2024-07-01,Google Ads,United States,Basic,Monthly,29.0,0,29.6,0,,Active
CUST-02460,2024-12-09,2024-12-01,LinkedIn Referral,Germany,Basic,Monthly,29.0,4,28.2,0,,Active
CUST-02461,2024-12-30,2024-12-01,LinkedIn Referral,India,Basic,Annual,29.0,7,1.8,1,,
CUST-02462,2024-01-24,2024-01-01,Organic Search,Germany,Pro,Annual,79.0,0,3.5,1,2024-10-24,Missing key features
CUST-02463,2024-06-23,2024-06-01,LinkedIn Referral,United States,Basic,Annual,29.0,3,18.4,0,,Active
CUST-02464,2024-12-03,2024-12-01,Direct,United Kingdom,Pro,Monthly,79.0,1,23.1,0,,Active
CUST-02465,2024-05-20,2024-05-01,LinkedIn Referral,United Kingdom,Pro,Monthly,79.0,1,25.8,0,,Active
CUST-02466,2024-09-07,2024-09-01,LinkedIn Referral,United States,Basic,Monthly,29.0,5,14.1,1,2024-11-07,Customer support delays
CUST-02467,2024-08-09,2024-08-01,Direct,India,Pro,Monthly,79.0,8,15.6,1,2024-10-05,Missing key features
CUST-02468,2024-01-31,2024-01-01,Affiliate Partner,United States,Pro,Monthly,79.0,3,8.3,1,2024-12-11,Poor onboarding / low usage
CUST-02469,2024-06-27,2024-06-01,Direct,United States,Basic,Monthly,29.0,2,23.0,0,,Active
CUST-02470,2024-09-02,2024-09-01,Affiliate Partner,India,Enterprise,Annual,199.0,3,8.9,1,2024-11-09,Switched to competitor
CUST-02471,2024-11-26,2024-11-01,Google Ads,United Kingdom,Pro,Monthly,79.0,0,21.5,0,,Active
CUST-02472,2024-10-09,2024-10-01,Google Ads,United Kingdom,Pro,Annual,79.0,1,32.1,0,,Active
CUST-02473,2024-07-08,2024-07-01,Google Ads,United States,Basic,Monthly,29.0,4,27.3,0,,Active
CUST-02474,2024-01-11,2024-01-01,Affiliate Partner,United States,Basic,Annual,29.0,4,5.1,1,2024-01-15,Poor onboarding / low usage
CUST-02475,2024-05-03,2024-05-01,Google Ads,Germany,Pro,Annual,79.0,0,22.3,0,,Active
CUST-02476,2024-04-03,2024-04-01,Organic Search,India,Basic,Monthly,29.0,7,11.1,1,2024-06-03,Price too high
CUST-02477,2024-06-16,2024-06-01,Direct,United States,Enterprise,Monthly,199.0,4,16.3,0,,Active
CUST-02478,2024-08-05,2024-08-01,Google Ads,United States,Basic,Monthly,29.0,2,28.0,0,,Active
CUST-02479,2024-11-04,2024-11-01,Google Ads,United States,Basic,Monthly,29.0,2,16.4,0,,Active
CUST-02480,2024-07-13,2024-07-01,LinkedIn Referral,India,Basic,Monthly,29.0,2,10.4,1,2024-10-22,Price too high
CUST-02481,2024-07-01,2024-07-01,Organic Search,United States,Pro,Monthly,79.0,1,9.7,1,2024-12-01,Missing key features
CUST-02482,2024-02-22,2024-02-01,Google Ads,Germany,Pro,Monthly,79.0,4,11.5,1,2024-06-06,Switched to competitor
CUST-02483,2024-07-30,2024-07-01,Direct,India,Pro,Annual,79.0,3,29.9,0,,Active
CUST-02484,2024-04-23,2024-04-01,Direct,India,Pro,Annual,79.0,1,27.5,0,,Active
CUST-02485,2024-04-17,2024-04-01,Google Ads,United Kingdom,Basic,Monthly,29.0,8,7.1,1,2024-04-25,Switched to competitor
CUST-02486,2024-11-09,2024-11-01,Google Ads,United States,Basic,Monthly,29.0,8,6.3,1,2024-12-05,Customer support delays
CUST-02487,2024-05-08,2024-05-01,Google Ads,Germany,Basic,Monthly,29.0,6,7.2,1,2024-09-28,Poor onboarding / low usage
CUST-02488,2024-05-21,2024-05-01,Google Ads,United States,Basic,Monthly,29.0,4,13.8,1,2024-09-15,Missing key features
CUST-02489,2024-09-07,2024-09-01,LinkedIn Referral,United Kingdom,Pro,Monthly,79.0,3,27.9,0,,Active
CUST-02490,2024-02-15,2024-02-01,Organic Search,United States,Pro,Monthly,79.0,1,11.1,1,2024-06-07,Missing key features
CUST-02491,2024-06-27,2024-06-01,LinkedIn Referral,United States,Enterprise,Annual,199.0,3,23.1,0,,Active
CUST-02492,2024-12-07,2024-12-01,Organic Search,United Kingdom,Pro,Monthly,79.0,1,26.1,0,,Active
CUST-02493,2024-03-29,2024-03-01,Organic Search,Germany,Pro,Monthly,79.0,3,5.6,1,2024-06-03,Price too high
CUST-02494,2024-04-10,2024-04-01,Organic Search,Germany,Pro,Annual,79.0,6,6.9,1,2024-10-31,Price too high
CUST-02495,2024-04-14,2024-04-01,LinkedIn Referral,Germany,Enterprise,Monthly,199.0,5,25.3,0,,Active
CUST-02496,2024-03-28,2024-03-01,LinkedIn Referral,Germany,Basic,Monthly,29.0,4,6.7,1,2024-08-20,Price too high
CUST-02497,2024-03-21,2024-03-01,LinkedIn Referral,United States,Pro,Annual,79.0,2,27.5,0,,Active
CUST-02498,2024-10-29,2024-10-01,Affiliate Partner,United States,Basic,Monthly,29.0,2,23.4,0,,Active
CUST-02499,2024-08-19,2024-08-01,LinkedIn Referral,Canada,Enterprise,Monthly,199.0,3,20.2,0,,Active
CUST-02500,2024-08-05,2024-08-01,Organic Search,United States,Basic,Monthly,29.0,2,19.8,0,,Active
CUST-02501,2024-01-11,2024-01-01,Affiliate Partner,Canada,Pro,Annual,79.0,3,1.5,1,2024-10-01,Price too high
CUST-02502,2024-12-24,2024-12-01,LinkedIn Referral,United States,Enterprise,Monthly,199.0,0,27.4,0,,Active
CUST-02503,2024-02-27,2024-02-01,Google Ads,India,Basic,Monthly,29.0,3,7.1,1,2024-08-01,Missing key features
CUST-02504,2024-10-02,2024-10-01,Google Ads,United States,Enterprise,Monthly,199.0,1,24.0,0,,Active
CUST-02505,2024-01-26,2024-01-01,Google Ads,India,Pro,Monthly,79.0,1,30.8,0,,Active
CUST-02506,2024-04-15,2024-04-01,Direct,India,Basic,Monthly,29.0,4,11.0,1,2024-07-19,Poor onboarding / low usage
CUST-02507,2024-11-15,2024-11-01,Affiliate Partner,United States,Basic,Monthly,29.0,1,23.3,0,,Active
CUST-02508,2024-11-20,2024-11-01,Google Ads,India,Enterprise,Annual,199.0,1,21.3,0,,Active
CUST-02509,2024-06-13,2024-06-01,Google Ads,United States,Pro,Monthly,79.0,6,6.2,1,2024-10-12,Price too high
CUST-02510,2024-01-14,2024-01-01,Google Ads,Germany,Basic,Monthly,29.0,3,9.9,1,2024-05-19,Missing key features
CUST-02511,2024-11-22,2024-11-01,Organic Search,Germany,Pro,Monthly,79.0,0,23.0,0,,Active
CUST-02512,2024-04-07,2024-04-01,Google Ads,United States,Basic,Monthly,29.0,5,6.2,1,2024-09-25,Poor onboarding / low usage
CUST-02513,2024-11-05,2024-11-01,LinkedIn Referral,India,Pro,Monthly,79.0,5,5.0,1,2024-11-10,Switched to competitor
CUST-02514,2024-06-29,2024-06-01,Organic Search,India,Pro,Monthly,79.0,0,26.2,0,,Active
CUST-02515,2024-10-06,2024-10-01,Organic Search,United Kingdom,Basic,Monthly,29.0,0,25.1,0,,Active
CUST-02516,2024-09-01,2024-09-01,Google Ads,India,Basic,Monthly,29.0,1,19.9,0,,Active
CUST-02517,2024-05-27,2024-05-01,Affiliate Partner,United Kingdom,Pro,Monthly,79.0,7,3.8,1,2024-11-25,Missing key features
CUST-02518,2024-01-02,2024-01-01,Affiliate Partner,United Kingdom,Pro,Monthly,79.0,2,17.4,0,,Active
CUST-02519,2024-09-18,2024-09-01,Google Ads,United States,Pro,Monthly,79.0,2,22.0,0,,Active
CUST-02520,2024-03-28,2024-03-01,Organic Search,Germany,Pro,Annual,79.0,2,10.0,1,2024-06-19,Missing key features
CUST-02521,2024-01-21,2024-01-01,Affiliate Partner,India,Enterprise,Monthly,199.0,5,5.4,1,2024-10-07,Switched to competitor
CUST-02522,2024-11-21,2024-11-01,Google Ads,United Kingdom,Enterprise,Annual,199.0,1,23.5,0,,Active
CUST-02523,2024-09-26,2024-09-01,Google Ads,Canada,Pro,Monthly,79.0,4,2.5,1,2024-11-04,Poor onboarding / low usage
CUST-02524,2024-01-25,2024-01-01,Organic Search,Canada,Pro,Annual,79.0,2,26.0,0,,Active
CUST-02525,2024-08-30,2024-08-01,LinkedIn Referral,India,Pro,Monthly,79.0,1,23.8,0,,Active
CUST-02526,2024-09-27,2024-09-01,Affiliate Partner,Germany,Pro,Annual,79.0,2,26.1,0,,Active
CUST-02527,2024-03-13,2024-03-01,LinkedIn Referral,Germany,Basic,Monthly,29.0,2,19.9,0,,Active
CUST-02528,2024-08-02,2024-08-01,LinkedIn Referral,United Kingdom,Pro,Monthly,79.0,0,28.8,0,,Active
CUST-02529,2024-02-23,2024-02-01,Google Ads,United States,Pro,Annual,79.0,2,6.2,1,2024-05-21,Price too high
CUST-02530,2024-01-21,2024-01-01,Google Ads,United States,Basic,Monthly,29.0,3,5.3,1,2024-09-30,Missing key features
CUST-02531,2024-04-27,2024-04-01,Direct,United States,Pro,Monthly,79.0,0,24.4,0,,Active
CUST-02532,2024-06-06,2024-06-01,LinkedIn Referral,United States,Basic,Monthly,29.0,1,28.2,0,,Active
CUST-02533,2024-04-25,2024-04-01,Organic Search,United Kingdom,Basic,Monthly,29.0,2,24.0,0,,Active
CUST-02534,2024-12-22,2024-12-01,Google Ads,Canada,Basic,Monthly,29.0,1,7.4,1,,
CUST-02535,2024-06-23,2024-06-01,Organic Search,United States,Basic,Monthly,29.0,6,10.3,1,2024-07-15,Poor onboarding / low usage
CUST-02536,2024-11-23,2024-11-01,LinkedIn Referral,India,Basic,Monthly,29.0,4,8.2,1,2024-12-21,Customer support delays
CUST-02537,2024-05-29,2024-05-01,Google Ads,India,Basic,Monthly,29.0,0,24.1,0,,Active
CUST-02538,2024-12-28,2024-12-01,Google Ads,Germany,Basic,Monthly,29.0,4,4.2,1,,
CUST-02539,2024-04-23,2024-04-01,Organic Search,Germany,Basic,Monthly,29.0,4,8.9,1,2024-07-15,Price too high
CUST-02540,2024-11-03,2024-11-01,Google Ads,United Kingdom,Enterprise,Monthly,199.0,1,28.0,0,,Active
CUST-02541,2024-03-04,2024-03-01,Organic Search,India,Enterprise,Monthly,199.0,1,21.1,0,,Active
CUST-02542,2024-07-27,2024-07-01,Google Ads,United States,Basic,Annual,29.0,3,20.7,0,,Active
CUST-02543,2024-06-16,2024-06-01,Organic Search,United Kingdom,Basic,Monthly,29.0,2,12.6,1,2024-08-02,Price too high
CUST-02544,2024-07-27,2024-07-01,Organic Search,United States,Pro,Monthly,79.0,2,13.4,1,2024-10-31,Price too high
CUST-02545,2024-04-16,2024-04-01,Affiliate Partner,Germany,Pro,Monthly,79.0,9,11.8,1,2024-06-19,Switched to competitor
CUST-02546,2024-06-20,2024-06-01,Affiliate Partner,Germany,Basic,Monthly,29.0,4,8.9,1,2024-07-25,Price too high
CUST-02547,2024-11-01,2024-11-01,Google Ads,United States,Enterprise,Monthly,199.0,3,9.3,1,2024-12-24,Price too high
CUST-02548,2024-07-12,2024-07-01,Google Ads,United States,Basic,Monthly,29.0,0,29.8,0,,Active
CUST-02549,2024-07-31,2024-07-01,Direct,United States,Pro,Monthly,79.0,1,26.3,0,,Active
CUST-02550,2024-01-30,2024-01-01,Google Ads,India,Pro,Annual,79.0,2,14.0,1,2024-12-30,Customer support delays
CUST-02551,2024-07-27,2024-07-01,Direct,United Kingdom,Basic,Annual,29.0,1,26.3,0,,Active
CUST-02552,2024-05-02,2024-05-01,Google Ads,United States,Basic,Monthly,29.0,5,10.4,1,2024-08-02,Price too high
CUST-02553,2024-12-22,2024-12-01,LinkedIn Referral,Germany,Basic,Monthly,29.0,0,27.2,0,,Active
CUST-02554,2024-05-30,2024-05-01,Direct,United Kingdom,Pro,Annual,79.0,3,7.2,1,2024-09-09,Customer support delays
CUST-02555,2024-11-18,2024-11-01,Organic Search,Germany,Pro,Annual,79.0,2,8.2,1,2024-12-14,Price too high
CUST-02556,2024-06-21,2024-06-01,Affiliate Partner,United States,Basic,Monthly,29.0,2,12.0,1,,
CUST-02557,2024-03-06,2024-03-01,LinkedIn Referral,Canada,Pro,Annual,79.0,3,29.4,0,,Active
CUST-02558,2024-01-14,2024-01-01,Google Ads,United States,Enterprise,Monthly,199.0,3,23.1,0,,Active
CUST-02559,2024-08-11,2024-08-01,Affiliate Partner,United States,Pro,Annual,79.0,1,22.1,0,,Active
CUST-02560,2024-03-14,2024-03-01,Google Ads,Germany,Basic,Annual,29.0,1,22.2,0,,Active
CUST-02561,2024-04-09,2024-04-01,LinkedIn Referral,India,Pro,Monthly,79.0,2,30.3,0,,Active
CUST-02562,2024-11-10,2024-11-01,Google Ads,United Kingdom,Pro,Annual,79.0,3,7.1,1,,
CUST-02563,2024-07-08,2024-07-01,LinkedIn Referral,United Kingdom,Pro,Annual,79.0,6,11.7,1,2024-10-18,Customer support delays
CUST-02564,2024-10-16,2024-10-01,Google Ads,United States,Enterprise,Monthly,199.0,1,27.4,0,,Active
CUST-02565,2024-10-20,2024-10-01,Google Ads,United States,Basic,Monthly,29.0,5,18.3,1,2024-12-04,Price too high
CUST-02566,2024-05-10,2024-05-01,Organic Search,United States,Pro,Monthly,79.0,2,21.8,0,,Active
CUST-02567,2024-07-11,2024-07-01,Google Ads,United States,Basic,Annual,29.0,0,28.1,0,,Active
CUST-02568,2024-12-12,2024-12-01,LinkedIn Referral,United States,Enterprise,Annual,199.0,4,25.9,0,,Active
CUST-02569,2024-08-21,2024-08-01,Affiliate Partner,United States,Basic,Monthly,29.0,4,11.2,1,2024-09-07,Price too high
CUST-02570,2024-05-31,2024-05-01,Google Ads,Germany,Enterprise,Monthly,199.0,1,23.7,0,,Active
CUST-02571,2024-09-13,2024-09-01,Google Ads,United Kingdom,Enterprise,Monthly,199.0,2,31.3,0,,Active
CUST-02572,2024-03-30,2024-03-01,Organic Search,United States,Enterprise,Annual,199.0,2,19.9,0,,Active
CUST-02573,2024-01-29,2024-01-01,Organic Search,Canada,Enterprise,Monthly,199.0,2,24.5,0,,Active
CUST-02574,2024-04-26,2024-04-01,LinkedIn Referral,United States,Basic,Monthly,29.0,1,21.5,0,,Active
CUST-02575,2024-01-09,2024-01-01,Google Ads,United States,Enterprise,Monthly,199.0,3,23.1,0,,Active
CUST-02576,2024-03-16,2024-03-01,LinkedIn Referral,United Kingdom,Basic,Monthly,29.0,5,8.0,1,2024-08-31,Customer support delays
CUST-02577,2024-07-14,2024-07-01,Organic Search,United States,Basic,Monthly,29.0,3,19.8,0,,Active
CUST-02578,2024-08-06,2024-08-01,Organic Search,United Kingdom,Enterprise,Monthly,199.0,2,25.0,0,,Active
CUST-02579,2024-06-09,2024-06-01,Google Ads,United States,Basic,Monthly,29.0,4,17.2,0,,Active
CUST-02580,2024-05-03,2024-05-01,Affiliate Partner,United States,Basic,Monthly,29.0,2,23.6,0,,Active
CUST-02581,2024-04-24,2024-04-01,Organic Search,Germany,Pro,Monthly,79.0,6,7.8,1,2024-05-16,Price too high
CUST-02582,2024-09-20,2024-09-01,Affiliate Partner,Germany,Enterprise,Monthly,199.0,1,33.2,0,,Active
CUST-02583,2024-01-29,2024-01-01,Organic Search,India,Basic,Annual,29.0,3,8.1,1,2024-10-28,Customer support delays
CUST-02584,2024-07-11,2024-07-01,Google Ads,Germany,Basic,Monthly,29.0,3,21.9,0,,Active
CUST-02585,2024-06-13,2024-06-01,Affiliate Partner,Germany,Enterprise,Monthly,199.0,3,25.1,0,,Active
CUST-02586,2024-07-29,2024-07-01,Organic Search,United Kingdom,Pro,Annual,79.0,1,24.4,0,,Active
CUST-02587,2024-08-13,2024-08-01,Google Ads,United States,Pro,Monthly,79.0,2,16.5,0,,Active
CUST-02588,2024-03-12,2024-03-01,Google Ads,United States,Basic,Annual,29.0,9,13.4,1,2024-09-04,Switched to competitor
CUST-02589,2024-02-17,2024-02-01,Google Ads,United States,Basic,Monthly,29.0,7,6.5,1,2024-07-22,Price too high
CUST-02590,2024-10-16,2024-10-01,Google Ads,United States,Basic,Monthly,29.0,2,21.3,0,,Active
CUST-02591,2024-05-14,2024-05-01,Google Ads,Germany,Enterprise,Monthly,199.0,2,1.8,1,2024-05-31,Poor onboarding / low usage
CUST-02592,2024-12-11,2024-12-01,LinkedIn Referral,United States,Pro,Monthly,79.0,2,29.8,0,,Active
CUST-02593,2024-02-04,2024-02-01,Google Ads,India,Pro,Monthly,79.0,3,19.5,0,,Active
CUST-02594,2024-08-27,2024-08-01,Organic Search,United States,Pro,Monthly,79.0,4,8.7,1,2024-11-23,Poor onboarding / low usage
CUST-02595,2024-03-25,2024-03-01,Organic Search,United States,Pro,Monthly,79.0,2,20.3,0,,Active
CUST-02596,2024-10-06,2024-10-01,Organic Search,United Kingdom,Pro,Annual,79.0,0,21.7,0,,Active
CUST-02597,2024-04-21,2024-04-01,Direct,United States,Basic,Monthly,29.0,5,10.2,1,,
CUST-02598,2024-07-21,2024-07-01,LinkedIn Referral,Germany,Enterprise,Monthly,199.0,0,26.9,0,,Active
CUST-02599,2024-08-19,2024-08-01,Organic Search,United States,Basic,Monthly,29.0,4,9.5,1,2024-11-03,Switched to competitor
CUST-02600,2024-09-30,2024-09-01,Google Ads,United States,Basic,Annual,29.0,2,25.9,0,,Active
CUST-02601,2024-12-07,2024-12-01,Google Ads,United Kingdom,Enterprise,Monthly,199.0,3,27.9,0,,Active
CUST-02602,2024-04-05,2024-04-01,Google Ads,Germany,Basic,Monthly,29.0,2,13.5,1,2024-05-02,Switched to competitor
CUST-02603,2024-03-23,2024-03-01,Affiliate Partner,Germany,Basic,Monthly,29.0,6,6.9,1,2024-08-27,Missing key features
CUST-02604,2024-05-13,2024-05-01,Google Ads,United Kingdom,Basic,Annual,29.0,2,27.7,0,,Active
CUST-02605,2024-04-29,2024-04-01,Google Ads,United States,Pro,Monthly,79.0,4,23.8,0,,Active
CUST-02606,2024-07-28,2024-07-01,Google Ads,United Kingdom,Pro,Monthly,79.0,4,6.6,1,2024-08-05,Missing key features
CUST-02607,2024-10-20,2024-10-01,Google Ads,United Kingdom,Pro,Monthly,79.0,2,11.8,1,,
CUST-02608,2024-12-25,2024-12-01,Organic Search,United States,Basic,Monthly,29.0,0,23.5,0,,Active
CUST-02609,2024-11-21,2024-11-01,Affiliate Partner,United States,Basic,Monthly,29.0,1,27.2,0,,Active
CUST-02610,2024-03-01,2024-03-01,Organic Search,United States,Basic,Annual,29.0,2,17.4,0,,Active
CUST-02611,2024-01-02,2024-01-01,Google Ads,Germany,Pro,Annual,79.0,4,24.8,0,,Active
CUST-02612,2024-10-03,2024-10-01,Organic Search,United Kingdom,Basic,Monthly,29.0,2,16.7,0,,Active
CUST-02613,2024-07-26,2024-07-01,Organic Search,United States,Enterprise,Monthly,199.0,1,20.2,0,,Active
CUST-02614,2024-03-12,2024-03-01,Direct,United Kingdom,Basic,Monthly,29.0,5,10.9,1,2024-07-29,Price too high
CUST-02615,2024-09-30,2024-09-01,Google Ads,Germany,Pro,Monthly,79.0,1,18.2,0,,Active
CUST-02616,2024-05-27,2024-05-01,Google Ads,United States,Basic,Monthly,29.0,4,12.8,1,2024-08-27,Customer support delays
CUST-02617,2024-06-18,2024-06-01,LinkedIn Referral,Germany,Basic,Monthly,29.0,4,22.3,0,,Active
CUST-02618,2024-12-20,2024-12-01,Organic Search,India,Basic,Monthly,29.0,1,23.6,0,,Active
CUST-02619,2024-05-29,2024-05-01,Google Ads,Germany,Basic,Monthly,29.0,6,7.2,1,2024-11-28,Switched to competitor
CUST-02620,2024-05-25,2024-05-01,Google Ads,Germany,Basic,Monthly,29.0,6,3.8,1,2024-11-12,Switched to competitor
CUST-02621,2024-08-13,2024-08-01,Google Ads,United Kingdom,Basic,Monthly,29.0,2,5.3,1,2024-08-19,Price too high
CUST-02622,2024-04-30,2024-04-01,LinkedIn Referral,United States,Pro,Monthly,79.0,3,8.5,1,2024-11-16,Missing key features
CUST-02623,2024-08-19,2024-08-01,Google Ads,Canada,Pro,Annual,79.0,0,21.6,0,,Active
CUST-02624,2024-08-24,2024-08-01,LinkedIn Referral,United States,Basic,Monthly,29.0,1,24.4,0,,Active
CUST-02625,2024-08-11,2024-08-01,Affiliate Partner,United States,Basic,Monthly,29.0,1,4.9,1,2024-11-06,Customer support delays
CUST-02626,2024-03-07,2024-03-01,LinkedIn Referral,United States,Basic,Monthly,29.0,5,12.6,1,2024-10-24,Switched to competitor
CUST-02627,2024-04-05,2024-04-01,LinkedIn Referral,United Kingdom,Basic,Monthly,29.0,3,21.2,0,,Active
CUST-02628,2024-11-13,2024-11-01,Organic Search,Canada,Basic,Monthly,29.0,0,27.8,0,,Active
CUST-02629,2024-01-20,2024-01-01,Organic Search,Canada,Pro,Monthly,79.0,4,8.3,1,2024-01-24,Missing key features
CUST-02630,2024-03-26,2024-03-01,Direct,United States,Enterprise,Monthly,199.0,1,23.0,0,,Active
CUST-02631,2024-06-29,2024-06-01,Google Ads,United Kingdom,Pro,Annual,79.0,3,22.2,0,,Active
CUST-02632,2024-05-17,2024-05-01,Organic Search,Germany,Basic,Monthly,29.0,3,6.3,1,2024-12-26,Price too high
CUST-02633,2024-03-25,2024-03-01,Affiliate Partner,United States,Pro,Monthly,79.0,5,21.1,0,,Active
CUST-02634,2024-10-21,2024-10-01,Affiliate Partner,Germany,Enterprise,Monthly,199.0,2,24.9,0,,Active
CUST-02635,2024-12-21,2024-12-01,Organic Search,United Kingdom,Enterprise,Monthly,199.0,3,21.3,0,,Active
CUST-02636,2024-09-28,2024-09-01,Google Ads,United States,Enterprise,Monthly,199.0,3,32.7,0,,Active
CUST-02637,2024-09-15,2024-09-01,LinkedIn Referral,United States,Basic,Annual,29.0,3,7.4,1,,
CUST-02638,2024-09-07,2024-09-01,LinkedIn Referral,United States,Pro,Monthly,79.0,3,31.3,0,,Active
CUST-02639,2024-01-09,2024-01-01,Google Ads,India,Pro,Monthly,79.0,7,13.1,1,2024-06-17,Price too high
CUST-02640,2024-11-17,2024-11-01,Google Ads,United States,Basic,Monthly,29.0,0,29.0,0,,Active
CUST-02641,2024-09-19,2024-09-01,Google Ads,United States,Enterprise,Annual,199.0,2,17.6,0,,Active
CUST-02642,2024-11-02,2024-11-01,Organic Search,United States,Basic,Monthly,29.0,8,1.0,1,2024-12-19,Switched to competitor
CUST-02643,2024-12-26,2024-12-01,LinkedIn Referral,United States,Enterprise,Monthly,199.0,1,32.3,0,,Active
CUST-02644,2024-04-30,2024-04-01,Direct,United Kingdom,Enterprise,Monthly,199.0,0,19.5,0,,Active
CUST-02645,2024-02-24,2024-02-01,Google Ads,Germany,Basic,Monthly,29.0,4,5.7,1,2024-10-17,Price too high
CUST-02646,2024-08-06,2024-08-01,Organic Search,United Kingdom,Basic,Monthly,29.0,4,7.4,1,2024-10-25,Switched to competitor
CUST-02647,2024-05-16,2024-05-01,Google Ads,United Kingdom,Pro,Monthly,79.0,2,28.8,0,,Active
CUST-02648,2024-03-31,2024-03-01,Direct,United Kingdom,Enterprise,Monthly,199.0,1,26.9,0,,Active
CUST-02649,2024-05-19,2024-05-01,Google Ads,United Kingdom,Pro,Monthly,79.0,2,21.2,0,,Active
CUST-02650,2024-10-12,2024-10-01,Google Ads,United Kingdom,Basic,Monthly,29.0,2,18.5,0,,Active
CUST-02651,2024-01-30,2024-01-01,Google Ads,United States,Pro,Annual,79.0,1,19.9,0,,Active
CUST-02652,2024-12-08,2024-12-01,Google Ads,United States,Pro,Monthly,79.0,2,27.5,0,,Active
CUST-02653,2024-11-19,2024-11-01,Organic Search,United Kingdom,Pro,Annual,79.0,1,32.1,0,,Active
CUST-02654,2024-07-05,2024-07-01,Organic Search,Canada,Basic,Monthly,29.0,1,21.8,0,,Active
CUST-02655,2024-11-10,2024-11-01,Google Ads,Germany,Basic,Monthly,29.0,2,28.1,0,,Active
CUST-02656,2024-12-20,2024-12-01,Affiliate Partner,Germany,Pro,Monthly,79.0,1,34.1,0,,Active
CUST-02657,2024-06-19,2024-06-01,Google Ads,Germany,Basic,Monthly,29.0,1,9.6,1,2024-07-17,Poor onboarding / low usage
CUST-02658,2024-01-04,2024-01-01,LinkedIn Referral,United Kingdom,Basic,Monthly,29.0,6,8.9,1,2024-02-29,Missing key features
CUST-02659,2024-06-06,2024-06-01,Direct,Canada,Enterprise,Annual,199.0,2,23.8,0,,Active
CUST-02660,2024-02-29,2024-02-01,Google Ads,India,Pro,Monthly,79.0,8,3.8,1,2024-04-30,Price too high
CUST-02661,2024-06-14,2024-06-01,Affiliate Partner,United Kingdom,Pro,Monthly,79.0,8,9.4,1,2024-07-21,Switched to competitor
CUST-02662,2024-11-20,2024-11-01,LinkedIn Referral,United States,Pro,Monthly,79.0,0,23.5,0,,Active
CUST-02663,2024-04-03,2024-04-01,Organic Search,United States,Basic,Monthly,29.0,1,18.5,0,,Active
CUST-02664,2024-12-19,2024-12-01,Google Ads,United States,Basic,Monthly,29.0,2,22.1,0,,Active
CUST-02665,2024-04-23,2024-04-01,Google Ads,United States,Pro,Monthly,79.0,0,29.4,0,,Active
CUST-02666,2024-12-26,2024-12-01,Google Ads,United Kingdom,Basic,Monthly,29.0,3,16.0,0,,Active
CUST-02667,2024-07-07,2024-07-01,Organic Search,United States,Pro,Monthly,79.0,5,7.7,1,2024-09-12,Price too high
CUST-02668,2024-03-29,2024-03-01,LinkedIn Referral,India,Pro,Monthly,79.0,1,28.1,0,,Active
CUST-02669,2024-11-15,2024-11-01,Google Ads,United States,Enterprise,Annual,199.0,0,22.9,0,,Active
CUST-02670,2024-01-05,2024-01-01,Direct,United Kingdom,Basic,Monthly,29.0,0,26.9,0,,Active
CUST-02671,2024-03-31,2024-03-01,Google Ads,Germany,Basic,Annual,29.0,2,25.7,0,,Active
CUST-02672,2024-01-17,2024-01-01,Affiliate Partner,Canada,Basic,Monthly,29.0,3,27.4,0,,Active
CUST-02673,2024-08-13,2024-08-01,LinkedIn Referral,United States,Basic,Monthly,29.0,0,26.9,0,,Active
CUST-02674,2024-08-14,2024-08-01,Affiliate Partner,Canada,Pro,Monthly,79.0,4,24.4,0,,Active
CUST-02675,2024-01-15,2024-01-01,Google Ads,United States,Enterprise,Monthly,199.0,3,22.9,0,,Active
CUST-02676,2024-11-23,2024-11-01,LinkedIn Referral,United States,Pro,Monthly,79.0,1,18.2,0,,Active
CUST-02677,2024-03-14,2024-03-01,LinkedIn Referral,United States,Pro,Monthly,79.0,2,19.1,0,,Active
CUST-02678,2024-08-01,2024-08-01,Organic Search,United States,Basic,Monthly,29.0,3,28.3,0,,Active
CUST-02679,2024-03-23,2024-03-01,Google Ads,Germany,Enterprise,Monthly,199.0,3,24.0,0,,Active
CUST-02680,2024-04-02,2024-04-01,Organic Search,United States,Pro,Annual,79.0,2,7.2,1,2024-08-19,Switched to competitor
CUST-02681,2024-03-30,2024-03-01,Organic Search,United States,Basic,Annual,29.0,1,23.9,0,,Active
CUST-02682,2024-06-16,2024-06-01,Organic Search,India,Basic,Monthly,29.0,5,7.9,1,2024-12-05,Customer support delays
CUST-02683,2024-02-20,2024-02-01,Google Ads,United Kingdom,Basic,Monthly,29.0,7,17.2,1,2024-06-26,Poor onboarding / low usage
CUST-02684,2024-03-29,2024-03-01,LinkedIn Referral,United Kingdom,Basic,Monthly,29.0,2,10.4,1,2024-03-31,Switched to competitor
CUST-02685,2024-05-15,2024-05-01,Google Ads,India,Basic,Monthly,29.0,1,27.4,0,,Active
CUST-02686,2024-12-16,2024-12-01,Organic Search,United States,Basic,Monthly,29.0,0,23.9,0,,Active
CUST-02687,2024-12-26,2024-12-01,Organic Search,India,Enterprise,Monthly,199.0,0,27.1,0,,Active
CUST-02688,2024-12-07,2024-12-01,Organic Search,India,Pro,Monthly,79.0,1,18.3,0,,Active
CUST-02689,2024-04-04,2024-04-01,Google Ads,United States,Basic,Monthly,29.0,3,9.1,1,2024-11-01,Missing key features
CUST-02690,2024-05-22,2024-05-01,Direct,United Kingdom,Enterprise,Monthly,199.0,1,20.6,0,,Active
CUST-02691,2024-06-26,2024-06-01,LinkedIn Referral,United States,Enterprise,Monthly,199.0,4,12.4,1,2024-12-28,Switched to competitor
CUST-02692,2024-11-25,2024-11-01,LinkedIn Referral,United States,Enterprise,Annual,199.0,1,27.4,0,,Active
CUST-02693,2024-10-27,2024-10-01,Google Ads,United Kingdom,Enterprise,Annual,199.0,2,22.2,0,,Active
CUST-02694,2024-04-11,2024-04-01,LinkedIn Referral,United States,Pro,Monthly,79.0,6,6.9,1,2024-10-22,Poor onboarding / low usage
CUST-02695,2024-08-28,2024-08-01,LinkedIn Referral,Germany,Pro,Annual,79.0,1,17.9,0,,Active
CUST-02696,2024-07-22,2024-07-01,Organic Search,United States,Basic,Annual,29.0,0,9.9,1,2024-07-27,Switched to competitor
CUST-02697,2024-03-18,2024-03-01,Organic Search,United States,Basic,Monthly,29.0,1,27.9,0,,Active
CUST-02698,2024-12-10,2024-12-01,Direct,United States,Pro,Monthly,79.0,1,26.3,0,,Active
CUST-02699,2024-02-27,2024-02-01,Affiliate Partner,United States,Pro,Monthly,79.0,3,11.4,1,2024-06-16,Customer support delays
CUST-02700,2024-01-17,2024-01-01,LinkedIn Referral,United States,Pro,Monthly,79.0,3,12.5,1,2024-11-01,Customer support delays
CUST-02701,2024-04-08,2024-04-01,LinkedIn Referral,Germany,Basic,Monthly,29.0,3,14.7,1,2024-12-29,Price too high
CUST-02702,2024-05-24,2024-05-01,Affiliate Partner,United States,Pro,Monthly,79.0,1,5.6,1,2024-08-10,Customer support delays
CUST-02703,2024-12-15,2024-12-01,Organic Search,United States,Basic,Monthly,29.0,3,29.6,0,,Active
CUST-02704,2024-09-25,2024-09-01,LinkedIn Referral,United States,Basic,Monthly,29.0,3,15.0,1,2024-12-16,Switched to competitor
CUST-02705,2024-06-16,2024-06-01,Google Ads,Germany,Basic,Monthly,29.0,11,11.3,1,2024-10-11,Switched to competitor
CUST-02706,2024-10-29,2024-10-01,Google Ads,United Kingdom,Basic,Monthly,29.0,3,23.3,0,,Active
CUST-02707,2024-06-28,2024-06-01,Organic Search,United States,Basic,Monthly,29.0,4,8.2,1,2024-09-20,Switched to competitor
CUST-02708,2024-12-01,2024-12-01,Google Ads,United Kingdom,Enterprise,Annual,199.0,5,9.2,1,2024-12-08,Missing key features
CUST-02709,2024-12-07,2024-12-01,Google Ads,India,Pro,Monthly,79.0,2,35.6,0,,Active
CUST-02710,2024-06-25,2024-06-01,Google Ads,United States,Pro,Monthly,79.0,3,12.1,1,2024-09-27,Switched to competitor
CUST-02711,2024-04-27,2024-04-01,LinkedIn Referral,United States,Basic,Monthly,29.0,1,23.2,0,,Active
CUST-02712,2024-04-18,2024-04-01,Organic Search,Canada,Basic,Monthly,29.0,2,7.6,1,2024-07-11,Price too high
CUST-02713,2024-03-20,2024-03-01,Google Ads,Germany,Basic,Monthly,29.0,6,13.7,1,2024-04-05,Price too high
CUST-02714,2024-01-28,2024-01-01,Organic Search,United States,Basic,Annual,29.0,1,1.0,1,2024-07-16,Missing key features
CUST-02715,2024-11-13,2024-11-01,Affiliate Partner,Germany,Enterprise,Monthly,199.0,1,21.0,0,,Active
CUST-02716,2024-02-13,2024-02-01,Google Ads,United States,Pro,Monthly,79.0,5,9.3,1,2024-04-21,Missing key features
CUST-02717,2024-03-07,2024-03-01,Direct,United States,Pro,Monthly,79.0,2,30.8,0,,Active
CUST-02718,2024-04-23,2024-04-01,Google Ads,United States,Basic,Annual,29.0,2,9.6,1,2024-06-24,Missing key features
CUST-02719,2024-03-04,2024-03-01,Google Ads,United States,Pro,Annual,79.0,3,7.8,1,2024-03-16,Switched to competitor
CUST-02720,2024-07-26,2024-07-01,Organic Search,Germany,Enterprise,Monthly,199.0,1,16.8,0,,Active
CUST-02721,2024-11-14,2024-11-01,LinkedIn Referral,United Kingdom,Enterprise,Monthly,199.0,1,21.6,0,,Active
CUST-02722,2024-12-12,2024-12-01,Google Ads,United States,Basic,Annual,29.0,0,18.9,0,,Active
CUST-02723,2024-06-27,2024-06-01,Affiliate Partner,United States,Basic,Monthly,29.0,5,10.4,1,2024-09-03,Switched to competitor
CUST-02724,2024-05-08,2024-05-01,Organic Search,India,Enterprise,Monthly,199.0,0,27.6,0,,Active
CUST-02725,2024-09-20,2024-09-01,Direct,United States,Basic,Monthly,29.0,4,25.1,0,,Active
CUST-02726,2024-07-30,2024-07-01,Direct,United Kingdom,Basic,Monthly,29.0,1,5.7,1,2024-09-11,Price too high
CUST-02727,2024-05-21,2024-05-01,Direct,United Kingdom,Pro,Monthly,79.0,0,28.3,0,,Active
CUST-02728,2024-08-17,2024-08-01,Organic Search,India,Pro,Monthly,79.0,0,25.3,0,,Active
CUST-02729,2024-02-01,2024-02-01,LinkedIn Referral,United States,Basic,Monthly,29.0,3,12.0,1,2024-04-16,Switched to competitor
CUST-02730,2024-02-22,2024-02-01,Direct,Germany,Pro,Monthly,79.0,5,14.0,1,2024-07-19,Switched to competitor
CUST-02731,2024-05-27,2024-05-01,Google Ads,United States,Basic,Monthly,29.0,5,7.5,1,,
CUST-02732,2024-08-10,2024-08-01,Organic Search,United States,Basic,Monthly,29.0,1,26.1,0,,Active
CUST-02733,2024-08-07,2024-08-01,Organic Search,United States,Basic,Annual,29.0,2,26.8,0,,Active
CUST-02734,2024-12-09,2024-12-01,Organic Search,Canada,Basic,Monthly,29.0,5,22.3,0,,Active
CUST-02735,2024-04-12,2024-04-01,Affiliate Partner,India,Basic,Monthly,29.0,3,23.6,0,,Active
CUST-02736,2024-06-29,2024-06-01,Google Ads,United Kingdom,Enterprise,Monthly,199.0,3,2.5,1,2024-12-05,Poor onboarding / low usage
CUST-02737,2024-07-25,2024-07-01,LinkedIn Referral,Canada,Basic,Monthly,29.0,0,6.5,1,2024-09-04,Customer support delays
CUST-02738,2024-11-16,2024-11-01,Google Ads,United Kingdom,Basic,Annual,29.0,0,33.5,0,,Active
CUST-02739,2024-02-29,2024-02-01,Google Ads,United Kingdom,Basic,Monthly,29.0,7,10.9,1,2024-03-19,Poor onboarding / low usage
CUST-02740,2024-09-05,2024-09-01,Organic Search,Germany,Basic,Monthly,29.0,4,8.1,1,2024-12-25,Switched to competitor
CUST-02741,2024-05-14,2024-05-01,LinkedIn Referral,India,Basic,Monthly,29.0,2,16.1,1,2024-09-04,Price too high
CUST-02742,2024-10-15,2024-10-01,Affiliate Partner,Canada,Pro,Annual,79.0,1,34.1,0,,Active
CUST-02743,2024-05-18,2024-05-01,Direct,Germany,Basic,Monthly,29.0,1,27.8,0,,Active
CUST-02744,2024-01-20,2024-01-01,LinkedIn Referral,United States,Enterprise,Monthly,199.0,1,26.7,0,,Active
CUST-02745,2024-12-16,2024-12-01,Google Ads,United States,Pro,Annual,79.0,5,24.1,0,,Active
CUST-02746,2024-07-31,2024-07-01,Organic Search,United Kingdom,Pro,Monthly,79.0,1,30.5,0,,Active
CUST-02747,2024-04-20,2024-04-01,Direct,Canada,Basic,Monthly,29.0,2,28.9,0,,Active
CUST-02748,2024-12-18,2024-12-01,Affiliate Partner,United Kingdom,Basic,Monthly,29.0,0,22.3,0,,Active
CUST-02749,2024-12-08,2024-12-01,Organic Search,United States,Basic,Monthly,29.0,2,22.0,0,,Active
CUST-02750,2024-05-28,2024-05-01,Google Ads,United Kingdom,Pro,Monthly,79.0,9,9.0,1,2024-10-18,Switched to competitor
CUST-02751,2024-05-15,2024-05-01,Affiliate Partner,United States,Basic,Monthly,29.0,4,6.9,1,2024-09-27,Customer support delays
CUST-02752,2024-01-27,2024-01-01,Google Ads,United States,Basic,Monthly,29.0,5,3.5,1,2024-05-28,Price too high
CUST-02753,2024-03-22,2024-03-01,Direct,Germany,Pro,Monthly,79.0,2,26.6,0,,Active
CUST-02754,2024-07-08,2024-07-01,LinkedIn Referral,United States,Pro,Monthly,79.0,0,18.2,0,,Active
CUST-02755,2024-08-17,2024-08-01,LinkedIn Referral,United States,Basic,Monthly,29.0,5,1.0,1,2024-10-31,Missing key features
CUST-02756,2024-01-12,2024-01-01,Organic Search,United States,Basic,Monthly,29.0,2,26.9,0,,Active
CUST-02757,2024-03-11,2024-03-01,Organic Search,United States,Basic,Annual,29.0,1,27.5,0,,Active
CUST-02758,2024-01-06,2024-01-01,Google Ads,United States,Pro,Monthly,79.0,4,5.9,1,2024-02-06,Switched to competitor
CUST-02759,2024-05-12,2024-05-01,Affiliate Partner,United Kingdom,Pro,Annual,79.0,0,26.4,0,,Active
CUST-02760,2024-06-02,2024-06-01,Organic Search,United States,Basic,Monthly,29.0,2,9.1,1,2024-07-23,Price too high
CUST-02761,2024-12-08,2024-12-01,Organic Search,United Kingdom,Pro,Monthly,79.0,0,22.4,0,,Active
CUST-02762,2024-03-21,2024-03-01,LinkedIn Referral,United States,Enterprise,Monthly,199.0,3,24.1,0,,Active
CUST-02763,2024-10-23,2024-10-01,Direct,United States,Pro,Monthly,79.0,1,28.5,0,,Active
CUST-02764,2024-12-06,2024-12-01,Google Ads,United States,Basic,Monthly,29.0,4,19.8,0,,Active
CUST-02765,2024-05-16,2024-05-01,Google Ads,United Kingdom,Basic,Monthly,29.0,7,9.2,1,2024-05-28,Switched to competitor
CUST-02766,2024-04-27,2024-04-01,Affiliate Partner,United States,Pro,Monthly,79.0,4,12.6,1,2024-11-11,Customer support delays
CUST-02767,2024-11-24,2024-11-01,Affiliate Partner,United States,Basic,Monthly,29.0,2,27.7,0,,Active
CUST-02768,2024-12-11,2024-12-01,Google Ads,United States,Basic,Annual,29.0,1,26.3,0,,Active
CUST-02769,2024-12-19,2024-12-01,LinkedIn Referral,United States,Enterprise,Annual,199.0,2,28.9,0,,Active
CUST-02770,2024-04-24,2024-04-01,Organic Search,United States,Enterprise,Monthly,199.0,1,28.6,0,,Active
CUST-02771,2024-11-23,2024-11-01,Organic Search,India,Basic,Monthly,29.0,7,13.1,1,2024-12-13,Price too high
CUST-02772,2024-08-03,2024-08-01,Organic Search,United States,Basic,Monthly,29.0,1,18.4,0,,Active
CUST-02773,2024-05-15,2024-05-01,Google Ads,United States,Basic,Monthly,29.0,1,18.7,0,,Active
CUST-02774,2024-07-16,2024-07-01,Direct,United States,Pro,Monthly,79.0,0,18.9,0,,Active
CUST-02775,2024-10-04,2024-10-01,Direct,Germany,Pro,Monthly,79.0,1,10.0,1,2024-11-22,Missing key features
CUST-02776,2024-04-23,2024-04-01,LinkedIn Referral,United States,Basic,Monthly,29.0,5,6.1,1,2024-09-04,Poor onboarding / low usage
CUST-02777,2024-03-11,2024-03-01,Organic Search,India,Basic,Monthly,29.0,3,7.2,1,2024-06-04,Poor onboarding / low usage
CUST-02778,2024-09-26,2024-09-01,Google Ads,Germany,Basic,Annual,29.0,2,23.9,0,,Active
CUST-02779,2024-02-02,2024-02-01,LinkedIn Referral,United Kingdom,Basic,Annual,29.0,3,10.6,1,2024-03-30,Switched to competitor
CUST-02780,2024-02-27,2024-02-01,LinkedIn Referral,United States,Enterprise,Monthly,199.0,1,28.7,0,,Active
CUST-02781,2024-04-19,2024-04-01,LinkedIn Referral,United States,Basic,Annual,29.0,4,8.6,1,2024-06-24,Switched to competitor
CUST-02782,2024-05-07,2024-05-01,Organic Search,India,Pro,Monthly,79.0,2,10.3,1,2024-05-16,Price too high
CUST-02783,2024-06-13,2024-06-01,Google Ads,India,Basic,Monthly,29.0,3,12.8,1,2024-07-24,Price too high
CUST-02784,2024-12-24,2024-12-01,LinkedIn Referral,United Kingdom,Pro,Monthly,79.0,3,12.9,1,2024-12-30,Missing key features
CUST-02785,2024-07-03,2024-07-01,Google Ads,India,Pro,Monthly,79.0,1,25.2,0,,Active
CUST-02786,2024-06-11,2024-06-01,Organic Search,United States,Pro,Monthly,79.0,1,23.6,0,,Active
CUST-02787,2024-08-28,2024-08-01,Google Ads,United States,Basic,Monthly,29.0,1,30.0,0,,Active
CUST-02788,2024-03-05,2024-03-01,LinkedIn Referral,Germany,Basic,Monthly,29.0,2,5.1,1,2024-07-21,Price too high
CUST-02789,2024-01-02,2024-01-01,LinkedIn Referral,Canada,Basic,Annual,29.0,4,7.5,1,2024-05-10,Price too high
CUST-02790,2024-07-30,2024-07-01,Direct,Germany,Pro,Monthly,79.0,2,21.2,0,,Active
CUST-02791,2024-11-16,2024-11-01,Affiliate Partner,United States,Basic,Monthly,29.0,2,28.1,0,,Active
CUST-02792,2024-08-04,2024-08-01,Direct,United Kingdom,Pro,Annual,79.0,1,27.5,0,,Active
CUST-02793,2024-07-21,2024-07-01,Organic Search,United States,Basic,Monthly,29.0,0,24.1,0,,Active
CUST-02794,2024-02-16,2024-02-01,LinkedIn Referral,India,Pro,Monthly,79.0,3,3.9,1,2024-06-19,Switched to competitor
CUST-02795,2024-11-10,2024-11-01,Affiliate Partner,Germany,Basic,Monthly,29.0,1,25.9,0,,Active
CUST-02796,2024-04-02,2024-04-01,Affiliate Partner,India,Basic,Monthly,29.0,6,8.3,1,2024-04-24,Price too high
CUST-02797,2024-09-01,2024-09-01,Affiliate Partner,United Kingdom,Basic,Annual,29.0,0,25.9,0,,Active
CUST-02798,2024-01-23,2024-01-01,Affiliate Partner,Canada,Pro,Monthly,79.0,3,11.3,1,2024-02-25,Price too high
CUST-02799,2024-08-04,2024-08-01,Direct,Germany,Basic,Monthly,29.0,2,7.7,1,2024-09-30,Switched to competitor
CUST-02800,2024-11-01,2024-11-01,Affiliate Partner,India,Basic,Monthly,29.0,3,32.4,0,,Active
CUST-02801,2024-07-21,2024-07-01,Google Ads,United States,Basic,Monthly,29.0,1,12.2,1,2024-12-05,Missing key features
CUST-02802,2024-10-23,2024-10-01,Organic Search,Canada,Pro,Monthly,79.0,6,6.8,1,,
CUST-02803,2024-01-04,2024-01-01,Affiliate Partner,United Kingdom,Basic,Monthly,29.0,2,5.4,1,2024-01-24,Missing key features
CUST-02804,2024-12-01,2024-12-01,Google Ads,United States,Basic,Annual,29.0,0,23.5,0,,Active
CUST-02805,2024-06-03,2024-06-01,Organic Search,United States,Pro,Monthly,79.0,3,5.1,1,2024-10-14,Price too high
CUST-02806,2024-07-11,2024-07-01,Google Ads,Germany,Basic,Monthly,29.0,1,22.4,0,,Active
CUST-02807,2024-07-29,2024-07-01,Google Ads,United States,Pro,Monthly,79.0,3,12.9,1,2024-08-24,Missing key features
CUST-02808,2024-08-11,2024-08-01,Organic Search,United States,Pro,Annual,79.0,5,1.8,1,2024-10-06,Price too high
CUST-02809,2024-06-08,2024-06-01,Affiliate Partner,Germany,Basic,Monthly,29.0,5,7.4,1,2024-11-20,Poor onboarding / low usage
CUST-02810,2024-06-06,2024-06-01,Google Ads,United States,Enterprise,Monthly,199.0,2,27.6,0,,Active
CUST-02811,2024-07-08,2024-07-01,Affiliate Partner,United States,Pro,Monthly,79.0,1,23.0,0,,Active
CUST-02812,2024-06-21,2024-06-01,Affiliate Partner,United States,Enterprise,Monthly,199.0,2,19.9,0,,Active
CUST-02813,2024-12-21,2024-12-01,Google Ads,Germany,Basic,Monthly,29.0,3,24.9,0,,Active
CUST-02814,2024-08-05,2024-08-01,Organic Search,Canada,Basic,Monthly,29.0,3,32.2,0,,Active
CUST-02815,2024-08-19,2024-08-01,Google Ads,India,Basic,Monthly,29.0,0,25.7,0,,Active
CUST-02816,2024-06-10,2024-06-01,Google Ads,United Kingdom,Pro,Monthly,79.0,4,14.5,1,2024-08-15,Missing key features
CUST-02817,2024-05-23,2024-05-01,Organic Search,Germany,Enterprise,Monthly,199.0,1,23.2,0,,Active
CUST-02818,2024-07-17,2024-07-01,LinkedIn Referral,United States,Pro,Monthly,79.0,3,14.5,1,2024-09-03,Customer support delays
CUST-02819,2024-01-08,2024-01-01,Google Ads,Canada,Basic,Monthly,29.0,5,5.7,1,2024-01-27,Switched to competitor
CUST-02820,2024-09-21,2024-09-01,Google Ads,India,Pro,Annual,79.0,1,22.7,0,,Active
CUST-02821,2024-04-10,2024-04-01,Direct,India,Pro,Monthly,79.0,6,16.3,1,2024-11-02,Poor onboarding / low usage
CUST-02822,2024-05-19,2024-05-01,Google Ads,United States,Basic,Monthly,29.0,3,6.1,1,2024-12-09,Customer support delays
CUST-02823,2024-02-26,2024-02-01,Direct,United States,Enterprise,Monthly,199.0,0,19.9,0,,Active
CUST-02824,2024-01-25,2024-01-01,Affiliate Partner,United States,Pro,Monthly,79.0,3,19.3,0,,Active
CUST-02825,2024-05-09,2024-05-01,LinkedIn Referral,United States,Basic,Monthly,29.0,7,9.2,1,2024-08-29,Customer support delays
CUST-02826,2024-08-07,2024-08-01,Google Ads,United States,Basic,Monthly,29.0,1,21.4,0,,Active
CUST-02827,2024-04-10,2024-04-01,Organic Search,United States,Pro,Monthly,79.0,1,27.4,0,,Active
CUST-02828,2024-09-08,2024-09-01,Google Ads,United States,Basic,Annual,29.0,5,17.1,1,2024-12-22,Poor onboarding / low usage
CUST-02829,2024-07-22,2024-07-01,LinkedIn Referral,United Kingdom,Basic,Monthly,29.0,1,25.3,0,,Active
CUST-02830,2024-01-16,2024-01-01,Affiliate Partner,Germany,Pro,Annual,79.0,1,1.0,1,2024-08-31,Switched to competitor
CUST-02831,2024-02-01,2024-02-01,Direct,United States,Pro,Monthly,79.0,4,8.2,1,2024-03-28,Customer support delays
CUST-02832,2024-07-17,2024-07-01,Direct,Germany,Pro,Monthly,79.0,1,25.0,0,,Active
CUST-02833,2024-04-27,2024-04-01,Direct,Canada,Pro,Monthly,79.0,2,6.5,1,,
CUST-02834,2024-12-24,2024-12-01,Organic Search,India,Basic,Monthly,29.0,4,28.5,0,,Active
CUST-02835,2024-02-23,2024-02-01,Google Ads,United Kingdom,Basic,Monthly,29.0,1,23.9,0,,Active
CUST-02836,2024-07-03,2024-07-01,Affiliate Partner,United States,Pro,Monthly,79.0,1,21.9,0,,Active
CUST-02837,2024-02-03,2024-02-01,Direct,United Kingdom,Basic,Monthly,29.0,1,6.9,1,2024-06-23,Missing key features
CUST-02838,2024-12-17,2024-12-01,Organic Search,India,Pro,Annual,79.0,1,17.9,0,,Active
CUST-02839,2024-12-08,2024-12-01,Organic Search,India,Basic,Monthly,29.0,1,21.4,0,,Active
CUST-02840,2024-11-25,2024-11-01,Google Ads,Germany,Basic,Monthly,29.0,2,22.9,0,,Active
CUST-02841,2024-08-21,2024-08-01,Organic Search,United States,Basic,Monthly,29.0,0,21.2,0,,Active
CUST-02842,2024-11-14,2024-11-01,Google Ads,United States,Enterprise,Monthly,199.0,2,21.6,0,,Active
CUST-02843,2024-10-27,2024-10-01,Direct,India,Pro,Annual,79.0,1,25.6,0,,Active
CUST-02844,2024-12-19,2024-12-01,Direct,United States,Basic,Annual,29.0,2,28.0,0,,Active
CUST-02845,2024-06-05,2024-06-01,LinkedIn Referral,Canada,Basic,Monthly,29.0,0,25.8,0,,Active
CUST-02846,2024-03-11,2024-03-01,Google Ads,United States,Pro,Annual,79.0,0,26.7,0,,Active
CUST-02847,2024-04-14,2024-04-01,Google Ads,Germany,Pro,Annual,79.0,2,23.9,0,,Active
CUST-02848,2024-12-03,2024-12-01,Google Ads,United States,Enterprise,Monthly,199.0,1,26.9,0,,Active
CUST-02849,2024-01-16,2024-01-01,Google Ads,United States,Basic,Monthly,29.0,4,2.4,1,2024-09-01,Missing key features
CUST-02850,2024-10-12,2024-10-01,Google Ads,United Kingdom,Basic,Monthly,29.0,2,7.2,1,,
CUST-02851,2024-02-29,2024-02-01,Google Ads,United States,Pro,Annual,79.0,3,17.1,1,2024-03-08,Switched to competitor
CUST-02852,2024-03-30,2024-03-01,Organic Search,Germany,Basic,Monthly,29.0,3,8.3,1,2024-05-22,Price too high
CUST-02853,2024-09-24,2024-09-01,Google Ads,United States,Basic,Monthly,29.0,2,6.4,1,2024-11-24,Customer support delays
CUST-02854,2024-09-17,2024-09-01,Affiliate Partner,United States,Enterprise,Monthly,199.0,1,22.6,0,,Active
CUST-02855,2024-12-12,2024-12-01,LinkedIn Referral,United Kingdom,Basic,Monthly,29.0,2,21.8,0,,Active
CUST-02856,2024-07-16,2024-07-01,Google Ads,United States,Pro,Monthly,79.0,2,23.5,0,,Active
CUST-02857,2024-02-01,2024-02-01,Organic Search,Germany,Pro,Monthly,79.0,2,2.1,1,2024-10-14,Missing key features
CUST-02858,2024-05-21,2024-05-01,Affiliate Partner,United Kingdom,Pro,Annual,79.0,2,26.2,0,,Active
CUST-02859,2024-12-12,2024-12-01,Affiliate Partner,United Kingdom,Pro,Annual,79.0,1,31.1,0,,Active
CUST-02860,2024-01-18,2024-01-01,Organic Search,United Kingdom,Basic,Monthly,29.0,4,8.5,1,2024-02-11,Poor onboarding / low usage
CUST-02861,2024-01-09,2024-01-01,Google Ads,Germany,Basic,Monthly,29.0,6,12.7,1,2024-05-05,Switched to competitor
CUST-02862,2024-05-22,2024-05-01,Google Ads,India,Pro,Annual,79.0,2,13.6,1,2024-11-11,Customer support delays
CUST-02863,2024-01-24,2024-01-01,Affiliate Partner,United States,Enterprise,Monthly,199.0,2,13.2,1,2024-07-13,Missing key features
CUST-02864,2024-07-20,2024-07-01,LinkedIn Referral,United States,Basic,Monthly,29.0,5,6.8,1,2024-09-21,Missing key features
CUST-02865,2024-12-26,2024-12-01,Organic Search,United States,Pro,Annual,79.0,2,20.6,0,,Active
CUST-02866,2024-04-25,2024-04-01,Organic Search,United States,Pro,Monthly,79.0,2,4.4,1,2024-06-09,Price too high
CUST-02867,2024-10-04,2024-10-01,Organic Search,Germany,Enterprise,Annual,199.0,0,23.9,0,,Active
CUST-02868,2024-10-29,2024-10-01,Organic Search,United States,Basic,Annual,29.0,5,10.8,1,,
CUST-02869,2024-01-08,2024-01-01,LinkedIn Referral,Germany,Pro,Monthly,79.0,1,23.1,0,,Active
CUST-02870,2024-01-08,2024-01-01,Organic Search,India,Basic,Monthly,29.0,1,16.3,1,2024-11-04,Price too high
CUST-02871,2024-07-08,2024-07-01,Direct,United States,Pro,Monthly,79.0,2,17.7,0,,Active
CUST-02872,2024-01-12,2024-01-01,LinkedIn Referral,India,Basic,Monthly,29.0,4,11.3,1,2024-03-15,Switched to competitor
CUST-02873,2024-03-08,2024-03-01,Google Ads,United States,Pro,Monthly,79.0,1,29.9,0,,Active
CUST-02874,2024-02-10,2024-02-01,Affiliate Partner,United States,Pro,Annual,79.0,4,8.6,1,2024-03-30,Switched to competitor
CUST-02875,2024-07-07,2024-07-01,Google Ads,India,Enterprise,Monthly,199.0,2,26.5,0,,Active
CUST-02876,2024-03-01,2024-03-01,Google Ads,United States,Basic,Monthly,29.0,4,8.8,1,2024-11-18,Switched to competitor
CUST-02877,2024-11-26,2024-11-01,Affiliate Partner,India,Basic,Monthly,29.0,1,22.2,0,,Active
CUST-02878,2024-11-07,2024-11-01,Google Ads,United States,Basic,Annual,29.0,2,16.8,0,,Active
CUST-02879,2024-03-11,2024-03-01,Google Ads,Germany,Pro,Monthly,79.0,0,22.3,0,,Active
CUST-02880,2024-05-15,2024-05-01,Google Ads,Canada,Basic,Annual,29.0,3,17.8,0,,Active
CUST-02881,2024-01-24,2024-01-01,Google Ads,United States,Pro,Monthly,79.0,5,13.8,1,2024-11-13,Switched to competitor
CUST-02882,2024-01-26,2024-01-01,Organic Search,United Kingdom,Pro,Monthly,79.0,1,11.5,1,2024-02-08,Customer support delays
CUST-02883,2024-04-22,2024-04-01,Google Ads,United States,Pro,Monthly,79.0,1,21.1,0,,Active
CUST-02884,2024-03-31,2024-03-01,LinkedIn Referral,India,Basic,Monthly,29.0,3,4.8,1,2024-10-13,Customer support delays
CUST-02885,2024-09-23,2024-09-01,Google Ads,United States,Enterprise,Monthly,199.0,3,29.4,0,,Active
CUST-02886,2024-05-14,2024-05-01,Direct,Canada,Pro,Monthly,79.0,0,20.5,0,,Active
CUST-02887,2024-07-10,2024-07-01,Direct,United States,Basic,Annual,29.0,3,9.5,1,2024-07-13,Price too high
CUST-02888,2024-01-31,2024-01-01,Organic Search,United States,Enterprise,Monthly,199.0,3,3.9,1,2024-09-03,Price too high
CUST-02889,2024-08-25,2024-08-01,Organic Search,India,Pro,Monthly,79.0,2,27.1,0,,Active
CUST-02890,2024-02-11,2024-02-01,Organic Search,Germany,Enterprise,Monthly,199.0,0,25.4,0,,Active
CUST-02891,2024-10-30,2024-10-01,Google Ads,United Kingdom,Basic,Annual,29.0,4,12.3,1,2024-12-15,Switched to competitor
CUST-02892,2024-05-11,2024-05-01,LinkedIn Referral,United States,Basic,Annual,29.0,3,25.6,0,,Active
CUST-02893,2024-04-26,2024-04-01,Organic Search,India,Basic,Monthly,29.0,0,29.4,0,,Active
CUST-02894,2024-05-11,2024-05-01,Google Ads,United Kingdom,Basic,Monthly,29.0,5,2.8,1,2024-08-06,Price too high
CUST-02895,2024-02-15,2024-02-01,LinkedIn Referral,United Kingdom,Basic,Monthly,29.0,4,14.7,1,2024-10-07,Missing key features
CUST-02896,2024-02-06,2024-02-01,Affiliate Partner,United Kingdom,Basic,Monthly,29.0,5,7.4,1,2024-02-17,Customer support delays
CUST-02897,2024-01-24,2024-01-01,Organic Search,United Kingdom,Enterprise,Annual,199.0,1,23.2,0,,Active
CUST-02898,2024-05-03,2024-05-01,Google Ads,United States,Pro,Monthly,79.0,1,13.8,1,2024-08-29,Poor onboarding / low usage
CUST-02899,2024-05-19,2024-05-01,LinkedIn Referral,United States,Basic,Monthly,29.0,4,32.1,0,,Active
CUST-02900,2024-06-02,2024-06-01,Google Ads,India,Pro,Monthly,79.0,1,24.5,0,,Active
CUST-02901,2024-11-18,2024-11-01,Direct,United States,Pro,Monthly,79.0,1,22.5,0,,Active
CUST-02902,2024-03-11,2024-03-01,Affiliate Partner,United States,Pro,Annual,79.0,2,7.1,1,2024-06-06,Customer support delays
CUST-02903,2024-08-15,2024-08-01,LinkedIn Referral,Germany,Basic,Monthly,29.0,1,23.6,0,,Active
CUST-02904,2024-02-10,2024-02-01,Direct,United Kingdom,Enterprise,Monthly,199.0,1,27.2,0,,Active
CUST-02905,2024-12-24,2024-12-01,Organic Search,United States,Basic,Monthly,29.0,1,34.6,0,,Active
CUST-02906,2024-01-15,2024-01-01,Google Ads,United Kingdom,Pro,Monthly,79.0,4,13.0,1,2024-05-18,Poor onboarding / low usage
CUST-02907,2024-08-24,2024-08-01,Organic Search,United States,Enterprise,Monthly,199.0,1,5.2,1,,
CUST-02908,2024-05-31,2024-05-01,LinkedIn Referral,Germany,Enterprise,Annual,199.0,1,22.7,0,,Active
CUST-02909,2024-04-29,2024-04-01,Organic Search,United Kingdom,Basic,Monthly,29.0,2,27.5,0,,Active
CUST-02910,2024-06-09,2024-06-01,Affiliate Partner,United States,Pro,Monthly,79.0,3,6.1,1,2024-11-04,Switched to competitor
CUST-02911,2024-08-01,2024-08-01,LinkedIn Referral,Germany,Enterprise,Monthly,199.0,1,31.2,0,,Active
CUST-02912,2024-04-03,2024-04-01,Organic Search,United Kingdom,Enterprise,Monthly,199.0,1,28.8,0,,Active
CUST-02913,2024-01-23,2024-01-01,Google Ads,United States,Enterprise,Annual,199.0,1,23.4,0,,Active
CUST-02914,2024-04-28,2024-04-01,Affiliate Partner,United States,Basic,Monthly,29.0,8,8.6,1,2024-07-10,Price too high
CUST-02915,2024-05-27,2024-05-01,Affiliate Partner,United States,Basic,Monthly,29.0,1,1.8,1,2024-10-17,Price too high
CUST-02916,2024-10-23,2024-10-01,Google Ads,Germany,Basic,Monthly,29.0,4,6.7,1,2024-11-01,Switched to competitor
CUST-02917,2024-06-27,2024-06-01,Direct,United Kingdom,Basic,Monthly,29.0,3,6.1,1,2024-08-03,Poor onboarding / low usage
CUST-02918,2024-08-07,2024-08-01,Affiliate Partner,United Kingdom,Basic,Monthly,29.0,9,5.3,1,2024-08-27,Missing key features
CUST-02919,2024-12-23,2024-12-01,LinkedIn Referral,Germany,Basic,Monthly,29.0,3,23.9,0,,Active
CUST-02920,2024-05-25,2024-05-01,Organic Search,United States,Basic,Monthly,29.0,8,4.8,1,2024-06-12,Switched to competitor
CUST-02921,2024-06-02,2024-06-01,Google Ads,United States,Basic,Monthly,29.0,1,26.4,0,,Active
CUST-02922,2024-10-06,2024-10-01,LinkedIn Referral,United States,Pro,Monthly,79.0,2,25.2,0,,Active
CUST-02923,2024-07-10,2024-07-01,Organic Search,United Kingdom,Pro,Monthly,79.0,3,12.7,1,2024-09-21,Missing key features
CUST-02924,2024-02-06,2024-02-01,LinkedIn Referral,United States,Pro,Monthly,79.0,3,4.0,1,2024-02-20,Price too high
CUST-02925,2024-09-06,2024-09-01,Affiliate Partner,India,Enterprise,Monthly,199.0,2,21.7,0,,Active
CUST-02926,2024-08-07,2024-08-01,LinkedIn Referral,United Kingdom,Basic,Annual,29.0,1,8.1,1,2024-11-18,Price too high
CUST-02927,2024-08-12,2024-08-01,LinkedIn Referral,United States,Basic,Monthly,29.0,3,13.2,1,2024-10-04,Price too high
CUST-02928,2024-05-03,2024-05-01,Organic Search,United States,Basic,Annual,29.0,1,26.9,0,,Active
CUST-02929,2024-06-06,2024-06-01,Google Ads,Canada,Basic,Monthly,29.0,3,1.0,1,2024-10-20,Price too high
CUST-02930,2024-08-22,2024-08-01,Organic Search,Germany,Basic,Monthly,29.0,5,7.5,1,2024-11-01,Poor onboarding / low usage
CUST-02931,2024-01-05,2024-01-01,Google Ads,India,Pro,Monthly,79.0,4,15.0,1,2024-04-11,Price too high
CUST-02932,2024-07-13,2024-07-01,LinkedIn Referral,Germany,Pro,Monthly,79.0,1,29.1,0,,Active
CUST-02933,2024-10-25,2024-10-01,Google Ads,United Kingdom,Pro,Monthly,79.0,5,3.4,1,2024-10-31,Missing key features
CUST-02934,2024-12-04,2024-12-01,LinkedIn Referral,United States,Basic,Monthly,29.0,1,21.8,0,,Active
CUST-02935,2024-12-25,2024-12-01,Google Ads,United States,Enterprise,Annual,199.0,4,25.5,0,,Active
CUST-02936,2024-04-22,2024-04-01,Google Ads,India,Pro,Annual,79.0,3,14.0,1,2024-09-21,Price too high
CUST-02937,2024-11-25,2024-11-01,Organic Search,United States,Basic,Monthly,29.0,1,22.5,0,,Active
CUST-02938,2024-12-12,2024-12-01,Google Ads,Germany,Pro,Annual,79.0,3,8.5,1,2024-12-20,Switched to competitor
CUST-02939,2024-01-03,2024-01-01,Affiliate Partner,United States,Basic,Monthly,29.0,1,2.5,1,2024-06-05,Price too high
CUST-02940,2024-02-15,2024-02-01,Google Ads,India,Pro,Monthly,79.0,3,9.4,1,2024-07-06,Switched to competitor
CUST-02941,2024-06-20,2024-06-01,Organic Search,United States,Basic,Annual,29.0,1,29.5,0,,Active
CUST-02942,2024-08-18,2024-08-01,Google Ads,United Kingdom,Pro,Monthly,79.0,3,21.7,0,,Active
CUST-02943,2024-08-04,2024-08-01,Affiliate Partner,United States,Basic,Monthly,29.0,1,26.2,0,,Active
CUST-02944,2024-04-01,2024-04-01,Google Ads,Germany,Enterprise,Monthly,199.0,6,12.1,1,2024-12-17,Price too high
CUST-02945,2024-03-05,2024-03-01,Google Ads,India,Basic,Annual,29.0,6,7.7,1,2024-03-20,Switched to competitor
CUST-02946,2024-02-28,2024-02-01,LinkedIn Referral,Canada,Basic,Monthly,29.0,4,1.0,1,2024-03-11,Customer support delays
CUST-02947,2024-03-23,2024-03-01,Google Ads,United States,Enterprise,Annual,199.0,4,5.3,1,2024-05-29,Price too high
CUST-02948,2024-08-08,2024-08-01,Organic Search,United States,Basic,Monthly,29.0,2,25.7,0,,Active
CUST-02949,2024-02-04,2024-02-01,Organic Search,Germany,Pro,Annual,79.0,0,29.9,0,,Active
CUST-02950,2024-04-18,2024-04-01,Direct,United Kingdom,Basic,Monthly,29.0,0,22.4,0,,Active
CUST-02951,2024-12-19,2024-12-01,LinkedIn Referral,United States,Basic,Monthly,29.0,5,4.2,1,,
CUST-02952,2024-09-21,2024-09-01,LinkedIn Referral,United Kingdom,Pro,Monthly,79.0,4,2.8,1,2024-09-23,Poor onboarding / low usage
CUST-02953,2024-06-22,2024-06-01,LinkedIn Referral,United States,Basic,Monthly,29.0,3,11.3,1,2024-12-02,Customer support delays
CUST-02954,2024-11-07,2024-11-01,Google Ads,United States,Enterprise,Annual,199.0,3,21.6,0,,Active
CUST-02955,2024-10-24,2024-10-01,Organic Search,United States,Basic,Annual,29.0,1,20.9,0,,Active
CUST-02956,2024-06-18,2024-06-01,Affiliate Partner,United Kingdom,Pro,Monthly,79.0,13,5.2,1,2024-08-21,Missing key features
CUST-02957,2024-09-20,2024-09-01,Google Ads,Germany,Basic,Monthly,29.0,7,9.0,1,2024-12-25,Missing key features
CUST-02958,2024-10-09,2024-10-01,LinkedIn Referral,United Kingdom,Basic,Monthly,29.0,3,10.1,1,,
CUST-02959,2024-04-27,2024-04-01,LinkedIn Referral,Canada,Pro,Annual,79.0,2,1.0,1,2024-06-29,Missing key features
CUST-02960,2024-05-22,2024-05-01,Affiliate Partner,United Kingdom,Enterprise,Annual,199.0,0,30.1,0,,Active
CUST-02961,2024-07-03,2024-07-01,Organic Search,Germany,Basic,Monthly,29.0,4,16.3,0,,Active
CUST-02962,2024-03-06,2024-03-01,Organic Search,United States,Enterprise,Annual,199.0,2,33.2,0,,Active
CUST-02963,2024-03-06,2024-03-01,Google Ads,India,Enterprise,Monthly,199.0,0,17.5,0,,Active
CUST-02964,2024-07-21,2024-07-01,Direct,United Kingdom,Enterprise,Monthly,199.0,2,25.8,0,,Active
CUST-02965,2024-08-13,2024-08-01,Organic Search,United States,Pro,Monthly,79.0,2,25.1,0,,Active
CUST-02966,2024-03-08,2024-03-01,Organic Search,United States,Pro,Annual,79.0,0,23.3,0,,Active
CUST-02967,2024-11-07,2024-11-01,Organic Search,Germany,Basic,Monthly,29.0,5,17.6,1,2024-11-13,Switched to competitor
CUST-02968,2024-10-25,2024-10-01,Google Ads,United States,Basic,Monthly,29.0,3,8.2,1,,
CUST-02969,2024-01-15,2024-01-01,Organic Search,United States,Basic,Monthly,29.0,4,7.3,1,2024-05-27,Switched to competitor
CUST-02970,2024-07-19,2024-07-01,Affiliate Partner,United States,Pro,Monthly,79.0,1,20.2,0,,Active
CUST-02971,2024-09-13,2024-09-01,Direct,United States,Basic,Monthly,29.0,3,3.9,1,2024-09-26,Switched to competitor
CUST-02972,2024-10-12,2024-10-01,Organic Search,Germany,Basic,Monthly,29.0,0,22.7,0,,Active
CUST-02973,2024-07-20,2024-07-01,LinkedIn Referral,Canada,Basic,Monthly,29.0,0,21.1,0,,Active
CUST-02974,2024-02-13,2024-02-01,Direct,United States,Pro,Monthly,79.0,1,1.5,1,2024-06-01,Poor onboarding / low usage
CUST-02975,2024-05-26,2024-05-01,Direct,United States,Pro,Annual,79.0,9,9.4,1,2024-09-07,Price too high
CUST-02976,2024-07-19,2024-07-01,Direct,United Kingdom,Enterprise,Annual,199.0,5,21.3,0,,Active
CUST-02977,2024-01-05,2024-01-01,Google Ads,United States,Basic,Monthly,29.0,4,6.9,1,2024-03-12,Customer support delays
CUST-02978,2024-03-07,2024-03-01,LinkedIn Referral,United States,Pro,Annual,79.0,0,27.6,0,,Active
CUST-02979,2024-06-24,2024-06-01,Direct,United States,Pro,Annual,79.0,1,26.3,0,,Active
CUST-02980,2024-01-21,2024-01-01,Google Ads,United Kingdom,Pro,Monthly,79.0,0,21.7,0,,Active
CUST-02981,2024-11-03,2024-11-01,Organic Search,Canada,Pro,Monthly,79.0,1,25.4,0,,Active
CUST-02982,2024-04-22,2024-04-01,Google Ads,United Kingdom,Pro,Monthly,79.0,0,17.8,0,,Active
CUST-02983,2024-07-06,2024-07-01,Affiliate Partner,Germany,Basic,Monthly,29.0,2,27.3,0,,Active
CUST-02984,2024-01-18,2024-01-01,LinkedIn Referral,Germany,Basic,Monthly,29.0,1,8.4,1,2024-04-14,Price too high
CUST-02985,2024-07-06,2024-07-01,Google Ads,United States,Basic,Annual,29.0,2,18.1,0,,Active
CUST-02986,2024-08-27,2024-08-01,Direct,United States,Pro,Monthly,79.0,1,24.7,0,,Active
CUST-02987,2024-08-20,2024-08-01,Organic Search,India,Pro,Annual,79.0,1,20.7,0,,Active
CUST-02988,2024-11-21,2024-11-01,Direct,United Kingdom,Pro,Monthly,79.0,3,17.7,0,,Active
CUST-02989,2024-05-02,2024-05-01,Google Ads,United States,Pro,Monthly,79.0,3,24.9,0,,Active
CUST-02990,2024-02-02,2024-02-01,Organic Search,Canada,Basic,Monthly,29.0,3,14.2,1,2024-04-08,Switched to competitor
CUST-02991,2024-06-24,2024-06-01,LinkedIn Referral,Germany,Basic,Monthly,29.0,2,11.9,1,2024-08-16,Missing key features
CUST-02992,2024-01-05,2024-01-01,Affiliate Partner,United Kingdom,Enterprise,Monthly,199.0,3,22.7,0,,Active
CUST-02993,2024-07-22,2024-07-01,Organic Search,India,Basic,Monthly,29.0,3,10.1,1,2024-09-28,Price too high
CUST-02994,2024-01-07,2024-01-01,Organic Search,United Kingdom,Basic,Annual,29.0,1,22.3,0,,Active
CUST-02995,2024-11-29,2024-11-01,Google Ads,Germany,Pro,Monthly,79.0,0,29.6,0,,Active
CUST-02996,2024-03-21,2024-03-01,Organic Search,India,Enterprise,Monthly,199.0,1,29.1,0,,Active
CUST-02997,2024-04-25,2024-04-01,LinkedIn Referral,United States,Basic,Annual,29.0,1,12.7,1,2024-08-14,Poor onboarding / low usage
CUST-02998,2024-12-17,2024-12-01,Affiliate Partner,United Kingdom,Pro,Annual,79.0,2,18.5,0,,Active
CUST-02999,2024-09-10,2024-09-01,Affiliate Partner,United States,Basic,Monthly,29.0,2,23.2,0,,Active
CUST-03000,2024-03-02,2024-03-01,Google Ads,United States,Pro,Monthly,79.0,5,11.1,1,2024-03-26,Switched to competitor
CUST-03001,2024-10-08,2024-10-01,Organic Search,United States,Enterprise,Monthly,199.0,1,23.6,0,,Active
CUST-03002,2024-06-11,2024-06-01,LinkedIn Referral,United States,Enterprise,Monthly,199.0,2,25.8,0,,Active
CUST-03003,2024-08-23,2024-08-01,Google Ads,United Kingdom,Enterprise,Monthly,199.0,1,23.8,0,,Active
CUST-03004,2024-09-11,2024-09-01,Organic Search,United Kingdom,Pro,Monthly,79.0,2,26.7,0,,Active
CUST-03005,2024-12-12,2024-12-01,Google Ads,United States,Pro,Monthly,79.0,3,6.0,1,2024-12-29,Missing key features
CUST-03006,2024-07-29,2024-07-01,LinkedIn Referral,United Kingdom,Basic,Monthly,29.0,0,25.7,0,,Active
CUST-03007,2024-10-22,2024-10-01,Google Ads,United Kingdom,Pro,Monthly,79.0,1,19.6,0,,Active
CUST-03008,2024-04-09,2024-04-01,Affiliate Partner,United Kingdom,Basic,Monthly,29.0,5,15.6,1,2024-05-11,Switched to competitor
CUST-03009,2024-11-26,2024-11-01,Affiliate Partner,Germany,Basic,Annual,29.0,1,26.8,0,,Active
CUST-03010,2024-11-18,2024-11-01,Direct,India,Enterprise,Monthly,199.0,1,27.5,0,,Active
CUST-03011,2024-08-12,2024-08-01,LinkedIn Referral,United Kingdom,Basic,Annual,29.0,2,11.3,1,2024-09-23,Customer support delays
CUST-03012,2024-06-15,2024-06-01,Direct,United States,Pro,Monthly,79.0,6,4.1,1,2024-08-15,Price too high
CUST-03013,2024-03-18,2024-03-01,Google Ads,United States,Basic,Monthly,29.0,2,1.0,1,2024-06-22,Missing key features
CUST-03014,2024-06-12,2024-06-01,Organic Search,Germany,Basic,Monthly,29.0,0,27.3,0,,Active
CUST-03015,2024-03-04,2024-03-01,Google Ads,Canada,Basic,Monthly,29.0,1,9.0,1,2024-10-04,Missing key features
CUST-03016,2024-04-11,2024-04-01,Organic Search,United States,Pro,Monthly,79.0,2,8.9,1,2024-10-29,Price too high
CUST-03017,2024-04-05,2024-04-01,Organic Search,Germany,Pro,Monthly,79.0,2,23.8,0,,Active
CUST-03018,2024-12-15,2024-12-01,Google Ads,Canada,Pro,Monthly,79.0,2,22.2,0,,Active
CUST-03019,2024-04-30,2024-04-01,Google Ads,United Kingdom,Basic,Monthly,29.0,0,27.0,0,,Active
CUST-03020,2024-05-27,2024-05-01,Affiliate Partner,Germany,Pro,Annual,79.0,0,20.4,0,,Active
CUST-03021,2024-08-06,2024-08-01,Google Ads,United States,Basic,Monthly,29.0,4,4.0,1,2024-08-18,Price too high
CUST-03022,2024-01-18,2024-01-01,Google Ads,United States,Pro,Annual,79.0,2,12.3,1,2024-04-02,Missing key features
CUST-03023,2024-01-24,2024-01-01,Direct,United Kingdom,Basic,Monthly,29.0,5,10.0,1,2024-09-21,Switched to competitor
CUST-03024,2024-09-08,2024-09-01,Google Ads,United Kingdom,Pro,Monthly,79.0,1,31.9,0,,Active
CUST-03025,2024-10-10,2024-10-01,Google Ads,India,Basic,Monthly,29.0,0,33.7,0,,Active
CUST-03026,2024-11-19,2024-11-01,Organic Search,United States,Pro,Monthly,79.0,1,26.7,0,,Active
CUST-03027,2024-09-09,2024-09-01,Google Ads,United States,Basic,Monthly,29.0,1,27.2,0,,Active
CUST-03028,2024-05-14,2024-05-01,Google Ads,United Kingdom,Basic,Monthly,29.0,4,28.9,0,,Active
CUST-03029,2024-04-20,2024-04-01,Google Ads,United States,Pro,Annual,79.0,1,7.9,1,2024-09-21,Switched to competitor
CUST-03030,2024-11-07,2024-11-01,Affiliate Partner,United Kingdom,Pro,Monthly,79.0,1,24.4,0,,Active
CUST-03031,2024-06-26,2024-06-01,Affiliate Partner,Germany,Basic,Monthly,29.0,0,25.2,0,,Active
CUST-03032,2024-04-04,2024-04-01,Organic Search,United States,Pro,Monthly,79.0,1,22.1,0,,Active
CUST-03033,2024-07-18,2024-07-01,Affiliate Partner,United Kingdom,Basic,Monthly,29.0,5,14.5,1,,
CUST-03034,2024-02-28,2024-02-01,Organic Search,United Kingdom,Enterprise,Monthly,199.0,0,26.0,0,,Active
CUST-03035,2024-11-30,2024-11-01,LinkedIn Referral,India,Enterprise,Monthly,199.0,2,21.8,0,,Active
CUST-03036,2024-12-03,2024-12-01,Google Ads,United States,Basic,Monthly,29.0,1,10.4,1,2024-12-28,Price too high
CUST-03037,2024-07-16,2024-07-01,Organic Search,Germany,Enterprise,Annual,199.0,2,25.1,0,,Active
CUST-03038,2024-08-30,2024-08-01,LinkedIn Referral,India,Pro,Monthly,79.0,4,22.9,0,,Active
CUST-03039,2024-07-04,2024-07-01,Google Ads,United States,Basic,Monthly,29.0,4,29.6,0,,Active
CUST-03040,2024-08-07,2024-08-01,Google Ads,India,Enterprise,Monthly,199.0,1,20.0,0,,Active
CUST-03041,2024-06-17,2024-06-01,LinkedIn Referral,United States,Basic,Monthly,29.0,9,9.7,1,2024-08-08,Missing key features
CUST-03042,2024-02-16,2024-02-01,Affiliate Partner,United Kingdom,Basic,Monthly,29.0,3,6.6,1,2024-10-09,Switched to competitor
CUST-03043,2024-01-01,2024-01-01,Organic Search,United States,Enterprise,Annual,199.0,4,10.5,1,2024-02-06,Switched to competitor
CUST-03044,2024-08-10,2024-08-01,Affiliate Partner,United States,Basic,Monthly,29.0,4,8.9,1,2024-11-06,Price too high
CUST-03045,2024-11-29,2024-11-01,Google Ads,United States,Basic,Monthly,29.0,1,24.0,0,,Active
CUST-03046,2024-12-04,2024-12-01,LinkedIn Referral,United States,Enterprise,Monthly,199.0,0,28.5,0,,Active
CUST-03047,2024-06-06,2024-06-01,Google Ads,United States,Pro,Annual,79.0,2,29.0,0,,Active
CUST-03048,2024-10-17,2024-10-01,LinkedIn Referral,United Kingdom,Pro,Monthly,79.0,0,26.2,0,,Active
CUST-03049,2024-09-24,2024-09-01,Google Ads,Germany,Enterprise,Monthly,199.0,1,17.2,0,,Active
CUST-03050,2024-04-28,2024-04-01,Direct,United States,Basic,Monthly,29.0,4,3.2,1,2024-05-18,Switched to competitor
CUST-03051,2024-04-04,2024-04-01,Affiliate Partner,United States,Basic,Monthly,29.0,1,9.2,1,2024-04-25,Missing key features
CUST-03052,2024-07-18,2024-07-01,Google Ads,United Kingdom,Basic,Monthly,29.0,4,10.0,1,2024-08-28,Switched to competitor
CUST-03053,2024-12-22,2024-12-01,Google Ads,United States,Basic,Monthly,29.0,1,24.4,0,,Active
CUST-03054,2024-09-28,2024-09-01,Google Ads,United Kingdom,Basic,Monthly,29.0,5,22.6,0,,Active
CUST-03055,2024-11-22,2024-11-01,Affiliate Partner,India,Basic,Monthly,29.0,3,20.9,0,,Active
CUST-03056,2024-12-16,2024-12-01,Organic Search,United Kingdom,Pro,Monthly,79.0,2,22.3,0,,Active
CUST-03057,2024-12-23,2024-12-01,Google Ads,United States,Enterprise,Monthly,199.0,2,25.7,0,,Active
CUST-03058,2024-04-13,2024-04-01,Google Ads,Germany,Pro,Monthly,79.0,1,22.6,0,,Active
CUST-03059,2024-04-03,2024-04-01,Direct,United States,Basic,Monthly,29.0,7,11.9,1,2024-06-21,Missing key features
CUST-03060,2024-02-05,2024-02-01,Organic Search,United Kingdom,Enterprise,Annual,199.0,6,7.7,1,2024-11-03,Price too high
CUST-03061,2024-01-01,2024-01-01,LinkedIn Referral,United States,Pro,Monthly,79.0,2,21.7,0,,Active
CUST-03062,2024-08-02,2024-08-01,LinkedIn Referral,Germany,Basic,Monthly,29.0,3,14.7,1,2024-12-28,Price too high
CUST-03063,2024-06-18,2024-06-01,Google Ads,United Kingdom,Pro,Monthly,79.0,3,8.7,1,2024-07-02,Missing key features
CUST-03064,2024-05-05,2024-05-01,Google Ads,India,Basic,Monthly,29.0,7,4.0,1,2024-08-27,Switched to competitor
CUST-03065,2024-07-16,2024-07-01,Google Ads,United States,Basic,Annual,29.0,1,28.2,0,,Active
CUST-03066,2024-11-21,2024-11-01,Google Ads,Germany,Basic,Annual,29.0,2,19.3,0,,Active
CUST-03067,2024-10-18,2024-10-01,Google Ads,India,Basic,Monthly,29.0,1,26.1,0,,Active
CUST-03068,2024-12-21,2024-12-01,Organic Search,United States,Pro,Monthly,79.0,1,18.8,0,,Active
CUST-03069,2024-08-26,2024-08-01,LinkedIn Referral,United States,Basic,Monthly,29.0,0,22.7,0,,Active
CUST-03070,2024-07-30,2024-07-01,LinkedIn Referral,Canada,Pro,Monthly,79.0,2,28.1,0,,Active
CUST-03071,2024-09-25,2024-09-01,LinkedIn Referral,United States,Pro,Monthly,79.0,1,24.0,0,,Active
CUST-03072,2024-07-20,2024-07-01,Affiliate Partner,United States,Pro,Monthly,79.0,1,24.4,0,,Active
CUST-03073,2024-05-29,2024-05-01,Direct,United States,Basic,Monthly,29.0,1,8.0,1,2024-09-06,Price too high
CUST-03074,2024-11-09,2024-11-01,Organic Search,United States,Pro,Monthly,79.0,2,23.0,0,,Active
CUST-03075,2024-11-04,2024-11-01,Direct,United States,Basic,Monthly,29.0,2,25.7,0,,Active
CUST-03076,2024-05-04,2024-05-01,Google Ads,United States,Basic,Annual,29.0,1,22.4,0,,Active
CUST-03077,2024-01-09,2024-01-01,Affiliate Partner,United States,Pro,Annual,79.0,1,11.9,1,2024-06-18,Poor onboarding / low usage
CUST-03078,2024-09-13,2024-09-01,Google Ads,United States,Basic,Monthly,29.0,2,26.4,0,,Active
CUST-03079,2024-10-21,2024-10-01,Google Ads,United States,Pro,Monthly,79.0,2,25.5,0,,Active
CUST-03080,2024-09-24,2024-09-01,Google Ads,United Kingdom,Basic,Monthly,29.0,4,8.2,1,2024-11-29,Missing key features
CUST-03081,2024-02-23,2024-02-01,Affiliate Partner,United States,Pro,Monthly,79.0,3,6.8,1,2024-06-28,Price too high
CUST-03082,2024-02-28,2024-02-01,Google Ads,United Kingdom,Basic,Monthly,29.0,0,21.6,0,,Active
CUST-03083,2024-03-08,2024-03-01,Organic Search,United Kingdom,Basic,Monthly,29.0,4,4.5,1,2024-06-15,Switched to competitor
CUST-03084,2024-10-17,2024-10-01,Organic Search,United Kingdom,Basic,Annual,29.0,0,21.8,0,,Active
CUST-03085,2024-03-16,2024-03-01,Direct,United States,Pro,Monthly,79.0,2,10.1,1,2024-05-16,Poor onboarding / low usage
CUST-03086,2024-03-13,2024-03-01,Organic Search,United States,Basic,Annual,29.0,2,3.6,1,2024-06-06,Switched to competitor
CUST-03087,2024-02-28,2024-02-01,Organic Search,United States,Basic,Monthly,29.0,1,23.9,0,,Active
CUST-03088,2024-01-02,2024-01-01,Affiliate Partner,United States,Basic,Monthly,29.0,2,25.3,0,,Active
CUST-03089,2024-02-13,2024-02-01,Google Ads,Germany,Basic,Monthly,29.0,4,5.7,1,2024-03-02,Price too high
CUST-03090,2024-10-08,2024-10-01,Organic Search,United States,Enterprise,Monthly,199.0,0,19.7,0,,Active
CUST-03091,2024-04-03,2024-04-01,Affiliate Partner,United States,Pro,Monthly,79.0,4,6.5,1,2024-08-09,Missing key features
CUST-03092,2024-04-09,2024-04-01,LinkedIn Referral,India,Basic,Monthly,29.0,2,4.6,1,2024-08-17,Poor onboarding / low usage
CUST-03093,2024-04-28,2024-04-01,LinkedIn Referral,Germany,Basic,Monthly,29.0,6,14.1,1,,
CUST-03094,2024-11-29,2024-11-01,Direct,United States,Basic,Annual,29.0,2,27.2,0,,Active
CUST-03095,2024-03-13,2024-03-01,Google Ads,United States,Pro,Annual,79.0,1,25.4,0,,Active
CUST-03096,2024-02-02,2024-02-01,Organic Search,Germany,Basic,Monthly,29.0,5,4.2,1,2024-04-09,Price too high
CUST-03097,2024-06-12,2024-06-01,Direct,United States,Basic,Annual,29.0,3,5.2,1,2024-06-20,Missing key features
CUST-03098,2024-10-01,2024-10-01,Google Ads,Canada,Pro,Monthly,79.0,1,22.1,0,,Active
CUST-03099,2024-03-24,2024-03-01,Google Ads,United Kingdom,Pro,Monthly,79.0,0,17.4,0,,Active
CUST-03100,2024-04-12,2024-04-01,Google Ads,United States,Basic,Monthly,29.0,9,6.7,1,2024-04-17,Switched to competitor
CUST-03101,2024-11-15,2024-11-01,LinkedIn Referral,United States,Basic,Monthly,29.0,0,6.8,1,2024-12-16,Price too high
CUST-03102,2024-03-09,2024-03-01,Google Ads,United States,Pro,Annual,79.0,3,10.9,1,2024-07-08,Price too high
CUST-03103,2024-04-22,2024-04-01,Google Ads,United States,Basic,Annual,29.0,0,27.3,0,,Active
CUST-03104,2024-08-12,2024-08-01,Affiliate Partner,United States,Enterprise,Monthly,199.0,1,22.1,0,,Active
CUST-03105,2024-06-10,2024-06-01,Google Ads,United States,Basic,Monthly,29.0,5,1.1,1,2024-08-30,Poor onboarding / low usage
CUST-03106,2024-07-08,2024-07-01,LinkedIn Referral,United States,Basic,Monthly,29.0,4,13.7,1,2024-08-13,Poor onboarding / low usage
CUST-03107,2024-04-28,2024-04-01,LinkedIn Referral,India,Pro,Monthly,79.0,3,24.4,0,,Active
CUST-03108,2024-03-06,2024-03-01,LinkedIn Referral,United States,Basic,Monthly,29.0,3,11.5,1,2024-10-17,Price too high
CUST-03109,2024-03-24,2024-03-01,LinkedIn Referral,United States,Basic,Monthly,29.0,0,7.5,1,2024-05-25,Price too high
CUST-03110,2024-07-10,2024-07-01,Organic Search,Canada,Pro,Monthly,79.0,5,9.2,1,2024-08-06,Switched to competitor
CUST-03111,2024-07-30,2024-07-01,LinkedIn Referral,United Kingdom,Basic,Monthly,29.0,4,7.7,1,,
CUST-03112,2024-11-24,2024-11-01,Organic Search,United Kingdom,Enterprise,Monthly,199.0,1,19.2,0,,Active
CUST-03113,2024-05-13,2024-05-01,Organic Search,Germany,Basic,Monthly,29.0,0,24.7,0,,Active
CUST-03114,2024-04-26,2024-04-01,LinkedIn Referral,United States,Enterprise,Monthly,199.0,0,20.7,0,,Active
CUST-03115,2024-11-02,2024-11-01,Google Ads,United States,Basic,Annual,29.0,4,8.2,1,2024-11-21,Switched to competitor
CUST-03116,2024-12-18,2024-12-01,Google Ads,United Kingdom,Pro,Annual,79.0,1,18.1,0,,Active
CUST-03117,2024-07-20,2024-07-01,Google Ads,United Kingdom,Basic,Monthly,29.0,1,21.3,0,,Active
CUST-03118,2024-09-05,2024-09-01,Direct,Germany,Basic,Monthly,29.0,2,28.9,0,,Active
CUST-03119,2024-04-05,2024-04-01,Organic Search,United States,Basic,Annual,29.0,1,25.4,0,,Active
CUST-03120,2024-07-31,2024-07-01,Organic Search,Germany,Pro,Annual,79.0,2,7.4,1,2024-10-02,Missing key features
CUST-03121,2024-08-20,2024-08-01,Organic Search,United Kingdom,Basic,Monthly,29.0,0,26.7,0,,Active
CUST-03122,2024-04-25,2024-04-01,Organic Search,Canada,Pro,Monthly,79.0,1,20.1,0,,Active
CUST-03123,2024-02-26,2024-02-01,Organic Search,Germany,Pro,Monthly,79.0,0,22.0,0,,Active
CUST-03124,2024-03-14,2024-03-01,Affiliate Partner,United Kingdom,Basic,Monthly,29.0,7,11.6,1,2024-03-20,Price too high
CUST-03125,2024-07-11,2024-07-01,Affiliate Partner,Germany,Basic,Annual,29.0,1,25.4,0,,Active
CUST-03126,2024-04-09,2024-04-01,Affiliate Partner,India,Pro,Monthly,79.0,6,6.3,1,2024-05-27,Price too high
CUST-03127,2024-04-10,2024-04-01,Organic Search,India,Basic,Annual,29.0,1,25.7,0,,Active
CUST-03128,2024-06-18,2024-06-01,Organic Search,Germany,Pro,Monthly,79.0,3,7.0,1,2024-07-03,Poor onboarding / low usage
CUST-03129,2024-01-11,2024-01-01,LinkedIn Referral,India,Basic,Monthly,29.0,2,10.2,1,2024-02-22,Switched to competitor
CUST-03130,2024-11-10,2024-11-01,Organic Search,India,Basic,Monthly,29.0,3,27.2,0,,Active
CUST-03131,2024-12-16,2024-12-01,Organic Search,India,Pro,Annual,79.0,0,29.4,0,,Active
CUST-03132,2024-11-09,2024-11-01,LinkedIn Referral,Germany,Enterprise,Annual,199.0,0,33.3,0,,Active
CUST-03133,2024-12-15,2024-12-01,Affiliate Partner,United States,Pro,Annual,79.0,0,26.0,0,,Active
CUST-03134,2024-05-11,2024-05-01,Organic Search,United States,Basic,Annual,29.0,0,26.3,0,,Active
CUST-03135,2024-04-29,2024-04-01,Organic Search,United States,Basic,Annual,29.0,3,1.0,1,2024-11-28,Switched to competitor
CUST-03136,2024-07-23,2024-07-01,Organic Search,United Kingdom,Pro,Monthly,79.0,2,27.9,0,,Active
CUST-03137,2024-03-21,2024-03-01,Google Ads,United States,Basic,Monthly,29.0,5,9.1,1,2024-06-17,Switched to competitor
CUST-03138,2024-07-29,2024-07-01,Google Ads,India,Pro,Annual,79.0,1,18.8,0,,Active
CUST-03139,2024-08-11,2024-08-01,LinkedIn Referral,United States,Pro,Monthly,79.0,2,17.6,0,,Active
CUST-03140,2024-11-14,2024-11-01,Affiliate Partner,United Kingdom,Basic,Monthly,29.0,1,22.2,0,,Active
CUST-03141,2024-04-02,2024-04-01,Affiliate Partner,Germany,Basic,Monthly,29.0,4,1.0,1,2024-04-15,Price too high
CUST-03142,2024-02-08,2024-02-01,Organic Search,United Kingdom,Enterprise,Monthly,199.0,0,28.3,0,,Active
CUST-03143,2024-05-19,2024-05-01,LinkedIn Referral,United States,Basic,Monthly,29.0,4,8.0,1,2024-10-07,Missing key features
CUST-03144,2024-02-12,2024-02-01,Organic Search,United Kingdom,Pro,Monthly,79.0,3,18.0,0,,Active
CUST-03145,2024-08-10,2024-08-01,Google Ads,United States,Pro,Monthly,79.0,3,11.0,1,,
CUST-03146,2024-10-25,2024-10-01,LinkedIn Referral,United States,Enterprise,Annual,199.0,3,22.5,0,,Active
CUST-03147,2024-01-30,2024-01-01,Organic Search,United States,Pro,Annual,79.0,6,8.0,1,2024-07-11,Missing key features
CUST-03148,2024-03-31,2024-03-01,Organic Search,United States,Pro,Monthly,79.0,2,22.1,0,,Active
CUST-03149,2024-07-24,2024-07-01,Affiliate Partner,Canada,Enterprise,Monthly,199.0,0,26.4,0,,Active
CUST-03150,2024-03-07,2024-03-01,Google Ads,United Kingdom,Basic,Monthly,29.0,5,10.9,1,2024-05-11,Switched to competitor
CUST-03151,2024-08-11,2024-08-01,Direct,United States,Basic,Annual,29.0,3,11.8,1,2024-12-02,Switched to competitor
CUST-03152,2024-02-02,2024-02-01,Organic Search,United States,Basic,Monthly,29.0,5,5.8,1,2024-02-08,Price too high
CUST-03153,2024-11-09,2024-11-01,LinkedIn Referral,United Kingdom,Basic,Monthly,29.0,1,28.3,0,,Active
CUST-03154,2024-02-27,2024-02-01,Organic Search,United States,Basic,Monthly,29.0,4,13.5,1,2024-09-10,Price too high
CUST-03155,2024-11-10,2024-11-01,Direct,India,Enterprise,Annual,199.0,2,27.3,0,,Active
CUST-03156,2024-07-27,2024-07-01,Organic Search,Germany,Basic,Monthly,29.0,3,30.7,0,,Active
CUST-03157,2024-09-20,2024-09-01,Affiliate Partner,United States,Enterprise,Monthly,199.0,1,30.9,0,,Active
CUST-03158,2024-08-09,2024-08-01,LinkedIn Referral,United States,Pro,Monthly,79.0,3,6.7,1,2024-10-01,Price too high
CUST-03159,2024-03-27,2024-03-01,Organic Search,United States,Basic,Monthly,29.0,5,12.2,1,2024-05-08,Missing key features
CUST-03160,2024-04-10,2024-04-01,Organic Search,United Kingdom,Basic,Monthly,29.0,7,6.6,1,2024-09-28,Price too high
CUST-03161,2024-01-24,2024-01-01,Organic Search,Canada,Basic,Monthly,29.0,2,26.3,0,,Active
CUST-03162,2024-10-16,2024-10-01,Organic Search,United States,Pro,Monthly,79.0,5,15.1,1,2024-11-30,Price too high
CUST-03163,2024-07-22,2024-07-01,Google Ads,United States,Enterprise,Monthly,199.0,3,21.4,0,,Active
CUST-03164,2024-03-31,2024-03-01,Google Ads,Germany,Pro,Monthly,79.0,2,22.8,0,,Active
CUST-03165,2024-02-12,2024-02-01,LinkedIn Referral,Canada,Basic,Annual,29.0,0,27.1,0,,Active
CUST-03166,2024-02-25,2024-02-01,Affiliate Partner,United States,Basic,Monthly,29.0,3,13.4,1,2024-02-28,Missing key features
CUST-03167,2024-04-07,2024-04-01,Google Ads,United States,Pro,Annual,79.0,2,26.4,0,,Active
CUST-03168,2024-04-24,2024-04-01,Direct,United States,Basic,Monthly,29.0,4,2.4,1,2024-09-07,Missing key features
CUST-03169,2024-06-15,2024-06-01,Google Ads,United States,Basic,Monthly,29.0,3,7.8,1,2024-09-29,Missing key features
CUST-03170,2024-09-09,2024-09-01,LinkedIn Referral,United States,Pro,Monthly,79.0,0,21.4,0,,Active
CUST-03171,2024-07-08,2024-07-01,Google Ads,Germany,Basic,Monthly,29.0,2,26.0,0,,Active
CUST-03172,2024-05-16,2024-05-01,Google Ads,United States,Pro,Monthly,79.0,5,11.2,1,2024-06-20,Switched to competitor
CUST-03173,2024-08-27,2024-08-01,Organic Search,Germany,Pro,Monthly,79.0,1,22.1,0,,Active
CUST-03174,2024-06-29,2024-06-01,Google Ads,United Kingdom,Basic,Monthly,29.0,1,20.0,0,,Active
CUST-03175,2024-04-01,2024-04-01,Affiliate Partner,Germany,Basic,Monthly,29.0,3,2.7,1,2024-05-24,Price too high
CUST-03176,2024-03-18,2024-03-01,Organic Search,United Kingdom,Basic,Annual,29.0,4,23.4,0,,Active
CUST-03177,2024-08-17,2024-08-01,Google Ads,United Kingdom,Basic,Monthly,29.0,3,29.2,0,,Active
CUST-03178,2024-06-15,2024-06-01,Google Ads,United States,Basic,Annual,29.0,0,25.1,0,,Active
CUST-03179,2024-10-23,2024-10-01,Google Ads,United Kingdom,Pro,Annual,79.0,4,8.0,1,2024-12-01,Switched to competitor
CUST-03180,2024-11-17,2024-11-01,Affiliate Partner,India,Enterprise,Monthly,199.0,3,19.1,0,,Active
CUST-03181,2024-07-29,2024-07-01,Organic Search,United States,Basic,Monthly,29.0,0,22.7,0,,Active
CUST-03182,2024-01-12,2024-01-01,Google Ads,Germany,Basic,Monthly,29.0,1,5.1,1,2024-11-24,Missing key features
CUST-03183,2024-04-09,2024-04-01,Google Ads,Canada,Basic,Annual,29.0,1,26.2,0,,Active
CUST-03184,2024-07-23,2024-07-01,Affiliate Partner,United States,Basic,Monthly,29.0,4,28.3,0,,Active
CUST-03185,2024-01-15,2024-01-01,Direct,United States,Enterprise,Monthly,199.0,3,23.0,0,,Active
CUST-03186,2024-03-12,2024-03-01,Organic Search,United States,Enterprise,Monthly,199.0,6,8.3,1,2024-08-27,Switched to competitor
CUST-03187,2024-04-01,2024-04-01,Affiliate Partner,United States,Pro,Monthly,79.0,2,22.6,0,,Active
CUST-03188,2024-01-22,2024-01-01,Google Ads,United States,Pro,Monthly,79.0,0,19.2,0,,Active
CUST-03189,2024-01-08,2024-01-01,Affiliate Partner,United Kingdom,Basic,Monthly,29.0,4,4.7,1,2024-05-14,Price too high
CUST-03190,2024-01-24,2024-01-01,Affiliate Partner,United States,Basic,Annual,29.0,4,1.0,1,2024-10-02,Price too high
CUST-03191,2024-07-17,2024-07-01,Organic Search,United States,Pro,Monthly,79.0,1,24.1,0,,Active
CUST-03192,2024-05-30,2024-05-01,Direct,India,Enterprise,Monthly,199.0,3,5.5,1,2024-10-31,Price too high
CUST-03193,2024-09-28,2024-09-01,Google Ads,United Kingdom,Basic,Monthly,29.0,3,16.6,1,2024-12-31,Switched to competitor
CUST-03194,2024-11-19,2024-11-01,Direct,United Kingdom,Basic,Monthly,29.0,1,19.0,0,,Active
CUST-03195,2024-12-18,2024-12-01,Google Ads,United Kingdom,Basic,Monthly,29.0,3,8.7,1,2024-12-26,Missing key features
CUST-03196,2024-05-18,2024-05-01,Organic Search,India,Basic,Monthly,29.0,2,6.4,1,2024-10-31,Customer support delays
CUST-03197,2024-05-20,2024-05-01,Google Ads,Germany,Enterprise,Monthly,199.0,1,22.0,0,,Active
CUST-03198,2024-03-13,2024-03-01,Organic Search,Germany,Basic,Monthly,29.0,0,28.3,0,,Active
CUST-03199,2024-04-02,2024-04-01,Organic Search,United States,Pro,Monthly,79.0,5,9.8,1,2024-05-10,Missing key features
CUST-03200,2024-04-20,2024-04-01,Affiliate Partner,United States,Pro,Monthly,79.0,0,19.8,0,,Active
CUST-03201,2024-06-15,2024-06-01,LinkedIn Referral,India,Enterprise,Monthly,199.0,2,20.8,0,,Active
CUST-03202,2024-06-09,2024-06-01,Organic Search,United States,Basic,Monthly,29.0,4,9.3,1,2024-07-06,Switched to competitor
CUST-03203,2024-02-11,2024-02-01,Organic Search,United Kingdom,Pro,Monthly,79.0,1,6.6,1,2024-10-02,Missing key features
CUST-03204,2024-05-07,2024-05-01,Organic Search,Germany,Pro,Monthly,79.0,5,8.3,1,2024-09-27,Customer support delays
CUST-03205,2024-08-29,2024-08-01,LinkedIn Referral,United States,Basic,Monthly,29.0,3,4.8,1,2024-11-12,Missing key features
CUST-03206,2024-09-10,2024-09-01,Direct,United States,Basic,Monthly,29.0,0,29.4,0,,Active
CUST-03207,2024-05-06,2024-05-01,Google Ads,Germany,Pro,Monthly,79.0,2,29.4,0,,Active
CUST-03208,2024-06-26,2024-06-01,Direct,United States,Basic,Monthly,29.0,2,15.6,1,2024-08-29,Missing key features
CUST-03209,2024-09-14,2024-09-01,Direct,United States,Basic,Monthly,29.0,3,6.5,1,2024-11-16,Switched to competitor
CUST-03210,2024-01-29,2024-01-01,Organic Search,United States,Basic,Monthly,29.0,9,8.7,1,2024-03-27,Price too high
CUST-03211,2024-11-22,2024-11-01,Direct,United States,Basic,Monthly,29.0,2,7.6,1,2024-12-02,Poor onboarding / low usage
CUST-03212,2024-11-02,2024-11-01,Organic Search,United States,Pro,Annual,79.0,3,21.6,0,,Active
CUST-03213,2024-06-06,2024-06-01,Direct,United States,Basic,Monthly,29.0,1,26.1,0,,Active
CUST-03214,2024-05-31,2024-05-01,Organic Search,United States,Pro,Monthly,79.0,1,30.9,0,,Active
CUST-03215,2024-05-28,2024-05-01,Direct,United States,Pro,Monthly,79.0,1,5.0,1,2024-08-04,Poor onboarding / low usage
CUST-03216,2024-09-07,2024-09-01,Organic Search,United States,Basic,Monthly,29.0,5,9.5,1,2024-10-14,Switched to competitor
CUST-03217,2024-03-04,2024-03-01,Google Ads,United States,Pro,Monthly,79.0,5,5.4,1,2024-06-09,Price too high
CUST-03218,2024-05-02,2024-05-01,Organic Search,United States,Basic,Monthly,29.0,0,25.8,0,,Active
CUST-03219,2024-10-12,2024-10-01,LinkedIn Referral,Germany,Basic,Monthly,29.0,0,7.9,1,2024-11-07,Poor onboarding / low usage
CUST-03220,2024-03-30,2024-03-01,Affiliate Partner,India,Pro,Monthly,79.0,3,1.0,1,2024-06-25,Missing key features
CUST-03221,2024-10-11,2024-10-01,Google Ads,United States,Pro,Annual,79.0,5,1.6,1,2024-12-16,Missing key features
CUST-03222,2024-03-03,2024-03-01,Google Ads,United Kingdom,Basic,Annual,29.0,0,22.0,0,,Active
CUST-03223,2024-10-16,2024-10-01,Organic Search,Germany,Basic,Monthly,29.0,4,24.9,0,,Active
CUST-03224,2024-04-06,2024-04-01,Affiliate Partner,United Kingdom,Basic,Annual,29.0,3,26.8,0,,Active
CUST-03225,2024-02-03,2024-02-01,LinkedIn Referral,United States,Basic,Annual,29.0,6,10.7,1,2024-12-18,Missing key features
CUST-03226,2024-10-21,2024-10-01,Google Ads,Germany,Basic,Monthly,29.0,4,11.1,1,2024-11-22,Switched to competitor
CUST-03227,2024-02-27,2024-02-01,Organic Search,United States,Pro,Monthly,79.0,6,9.4,1,2024-03-18,Missing key features
CUST-03228,2024-10-10,2024-10-01,Google Ads,Germany,Enterprise,Annual,199.0,2,5.5,1,2024-12-17,Price too high
CUST-03229,2024-12-16,2024-12-01,Google Ads,United States,Enterprise,Monthly,199.0,2,24.9,0,,Active
CUST-03230,2024-03-24,2024-03-01,Google Ads,United Kingdom,Enterprise,Monthly,199.0,1,26.6,0,,Active
CUST-03231,2024-09-21,2024-09-01,Google Ads,India,Basic,Monthly,29.0,2,22.4,0,,Active
CUST-03232,2024-08-22,2024-08-01,Affiliate Partner,Canada,Basic,Monthly,29.0,0,28.7,0,,Active
CUST-03233,2024-09-08,2024-09-01,Affiliate Partner,United States,Basic,Monthly,29.0,1,31.6,0,,Active
CUST-03234,2024-09-22,2024-09-01,LinkedIn Referral,Germany,Pro,Monthly,79.0,3,2.7,1,2024-11-26,Missing key features
CUST-03235,2024-02-06,2024-02-01,Organic Search,United States,Pro,Monthly,79.0,1,31.7,0,,Active
CUST-03236,2024-08-19,2024-08-01,Organic Search,United States,Pro,Monthly,79.0,5,31.4,0,,Active
CUST-03237,2024-05-14,2024-05-01,Direct,United States,Basic,Monthly,29.0,1,23.8,0,,Active
CUST-03238,2024-07-19,2024-07-01,Affiliate Partner,United States,Basic,Monthly,29.0,5,11.5,1,2024-08-24,Price too high
CUST-03239,2024-04-21,2024-04-01,Organic Search,United States,Enterprise,Annual,199.0,2,28.0,0,,Active
CUST-03240,2024-09-08,2024-09-01,Affiliate Partner,United States,Basic,Monthly,29.0,6,10.4,1,2024-10-19,Customer support delays
CUST-03241,2024-10-22,2024-10-01,Google Ads,United States,Pro,Annual,79.0,2,14.8,1,2024-11-18,Switched to competitor
CUST-03242,2024-01-12,2024-01-01,Google Ads,Germany,Enterprise,Monthly,199.0,4,31.7,0,,Active
CUST-03243,2024-08-05,2024-08-01,Google Ads,United Kingdom,Pro,Monthly,79.0,3,29.1,0,,Active
CUST-03244,2024-12-02,2024-12-01,Organic Search,India,Pro,Monthly,79.0,1,23.2,0,,Active
CUST-03245,2024-09-15,2024-09-01,LinkedIn Referral,United States,Pro,Monthly,79.0,2,10.0,1,2024-11-08,Customer support delays
CUST-03246,2024-08-25,2024-08-01,Google Ads,United States,Pro,Monthly,79.0,2,18.1,1,2024-10-21,Poor onboarding / low usage
CUST-03247,2024-12-08,2024-12-01,Google Ads,United Kingdom,Enterprise,Monthly,199.0,1,29.1,0,,Active
CUST-03248,2024-03-05,2024-03-01,Google Ads,United Kingdom,Pro,Monthly,79.0,6,13.6,1,2024-04-28,Missing key features
CUST-03249,2024-03-03,2024-03-01,Affiliate Partner,United States,Enterprise,Monthly,199.0,5,16.0,1,2024-06-29,Customer support delays
CUST-03250,2024-09-29,2024-09-01,LinkedIn Referral,India,Pro,Monthly,79.0,2,22.5,0,,Active
CUST-03251,2024-06-10,2024-06-01,Google Ads,United States,Basic,Monthly,29.0,2,25.3,0,,Active
CUST-03252,2024-02-21,2024-02-01,Google Ads,United Kingdom,Enterprise,Monthly,199.0,1,14.6,1,2024-05-02,Switched to competitor
CUST-03253,2024-02-01,2024-02-01,LinkedIn Referral,India,Pro,Monthly,79.0,6,13.0,1,2024-06-11,Customer support delays
CUST-03254,2024-12-22,2024-12-01,LinkedIn Referral,United Kingdom,Basic,Monthly,29.0,3,27.9,0,,Active
CUST-03255,2024-09-28,2024-09-01,Direct,United States,Basic,Monthly,29.0,3,22.7,0,,Active
CUST-03256,2024-02-10,2024-02-01,Organic Search,United States,Enterprise,Monthly,199.0,1,3.5,1,2024-10-18,Price too high
CUST-03257,2024-10-05,2024-10-01,Google Ads,United Kingdom,Basic,Monthly,29.0,1,24.3,0,,Active
CUST-03258,2024-08-08,2024-08-01,Organic Search,United States,Basic,Monthly,29.0,6,8.5,1,2024-08-29,Switched to competitor
CUST-03259,2024-05-29,2024-05-01,Google Ads,United Kingdom,Basic,Monthly,29.0,1,20.8,0,,Active
CUST-03260,2024-06-26,2024-06-01,Google Ads,United States,Basic,Monthly,29.0,3,7.2,1,2024-08-08,Price too high
CUST-03261,2024-05-28,2024-05-01,Google Ads,United States,Enterprise,Annual,199.0,0,18.8,0,,Active
CUST-03262,2024-01-15,2024-01-01,Google Ads,Germany,Basic,Monthly,29.0,5,10.9,1,2024-06-21,Missing key features
CUST-03263,2024-05-31,2024-05-01,LinkedIn Referral,Canada,Basic,Annual,29.0,3,10.9,1,2024-12-01,Price too high
CUST-03264,2024-11-15,2024-11-01,Organic Search,United Kingdom,Pro,Monthly,79.0,1,23.4,0,,Active
CUST-03265,2024-06-14,2024-06-01,Google Ads,United Kingdom,Enterprise,Monthly,199.0,2,23.3,0,,Active
CUST-03266,2024-07-10,2024-07-01,Google Ads,United States,Basic,Monthly,29.0,4,13.1,1,2024-08-31,Price too high
CUST-03267,2024-10-13,2024-10-01,Affiliate Partner,United States,Pro,Monthly,79.0,1,25.5,0,,Active
CUST-03268,2024-01-05,2024-01-01,LinkedIn Referral,United States,Basic,Annual,29.0,2,25.3,0,,Active
CUST-03269,2024-06-11,2024-06-01,Direct,Canada,Pro,Monthly,79.0,7,8.0,1,2024-10-25,Switched to competitor
CUST-03270,2024-07-24,2024-07-01,Google Ads,United States,Basic,Annual,29.0,2,27.5,0,,Active
CUST-03271,2024-01-02,2024-01-01,Direct,United States,Pro,Monthly,79.0,0,24.6,0,,Active
CUST-03272,2024-06-17,2024-06-01,LinkedIn Referral,United States,Basic,Annual,29.0,3,7.4,1,2024-12-28,Price too high
CUST-03273,2024-10-10,2024-10-01,Direct,United States,Basic,Monthly,29.0,1,19.4,0,,Active
CUST-03274,2024-07-15,2024-07-01,Organic Search,India,Pro,Monthly,79.0,3,10.6,1,2024-11-22,Missing key features
CUST-03275,2024-04-16,2024-04-01,Organic Search,Germany,Basic,Monthly,29.0,2,24.3,0,,Active
CUST-03276,2024-04-29,2024-04-01,Google Ads,United Kingdom,Basic,Annual,29.0,6,7.1,1,2024-08-06,Price too high
CUST-03277,2024-02-18,2024-02-01,Affiliate Partner,Canada,Pro,Monthly,79.0,1,3.1,1,2024-03-20,Poor onboarding / low usage
CUST-03278,2024-11-14,2024-11-01,Direct,United States,Basic,Monthly,29.0,2,28.4,0,,Active
CUST-03279,2024-06-27,2024-06-01,Affiliate Partner,United States,Basic,Monthly,29.0,6,8.0,1,2024-11-29,Price too high
CUST-03280,2024-06-27,2024-06-01,Google Ads,United Kingdom,Basic,Monthly,29.0,6,6.2,1,2024-09-04,Missing key features
CUST-03281,2024-02-04,2024-02-01,Direct,United States,Pro,Annual,79.0,3,6.7,1,2024-10-26,Price too high
CUST-03282,2024-05-23,2024-05-01,Affiliate Partner,United States,Basic,Monthly,29.0,2,8.8,1,2024-05-25,Missing key features
CUST-03283,2024-12-28,2024-12-01,Organic Search,India,Basic,Monthly,29.0,1,17.8,0,,Active
CUST-03284,2024-12-19,2024-12-01,Affiliate Partner,Canada,Pro,Monthly,79.0,1,20.5,0,,Active
CUST-03285,2024-12-26,2024-12-01,LinkedIn Referral,United Kingdom,Enterprise,Monthly,199.0,2,26.8,0,,Active
CUST-03286,2024-10-16,2024-10-01,Direct,Germany,Basic,Annual,29.0,1,25.4,0,,Active
CUST-03287,2024-05-02,2024-05-01,Google Ads,United States,Basic,Annual,29.0,1,3.1,1,2024-07-17,Price too high
CUST-03288,2024-11-11,2024-11-01,Google Ads,United States,Pro,Monthly,79.0,1,24.2,0,,Active
CUST-03289,2024-03-14,2024-03-01,Google Ads,United States,Basic,Monthly,29.0,2,9.3,1,2024-07-06,Switched to competitor
CUST-03290,2024-10-12,2024-10-01,Affiliate Partner,United States,Pro,Monthly,79.0,0,25.7,0,,Active
CUST-03291,2024-10-21,2024-10-01,Google Ads,Canada,Basic,Annual,29.0,3,29.0,0,,Active
CUST-03292,2024-09-10,2024-09-01,Direct,United States,Basic,Monthly,29.0,2,8.2,1,,
CUST-03293,2024-12-21,2024-12-01,Organic Search,United States,Basic,Monthly,29.0,1,26.7,0,,Active
CUST-03294,2024-04-19,2024-04-01,Organic Search,United States,Basic,Monthly,29.0,8,10.5,1,2024-06-06,Price too high
CUST-03295,2024-11-14,2024-11-01,Affiliate Partner,Canada,Basic,Monthly,29.0,4,2.8,1,2024-11-21,Switched to competitor
CUST-03296,2024-06-05,2024-06-01,Google Ads,United States,Pro,Monthly,79.0,1,31.1,0,,Active
CUST-03297,2024-12-21,2024-12-01,LinkedIn Referral,India,Pro,Annual,79.0,5,25.4,0,,Active
CUST-03298,2024-01-29,2024-01-01,Affiliate Partner,United States,Pro,Annual,79.0,5,11.4,1,2024-04-18,Price too high
CUST-03299,2024-06-20,2024-06-01,Google Ads,United States,Basic,Monthly,29.0,1,30.5,0,,Active
CUST-03300,2024-10-05,2024-10-01,Google Ads,United Kingdom,Basic,Annual,29.0,3,9.8,1,2024-11-19,Missing key features
CUST-03301,2024-08-31,2024-08-01,Affiliate Partner,United Kingdom,Pro,Monthly,79.0,1,11.7,1,2024-10-04,Missing key features
CUST-03302,2024-09-10,2024-09-01,Direct,Canada,Enterprise,Annual,199.0,1,23.0,0,,Active
CUST-03303,2024-01-14,2024-01-01,LinkedIn Referral,United Kingdom,Basic,Monthly,29.0,6,16.2,1,2024-08-18,Missing key features
CUST-03304,2024-10-03,2024-10-01,Organic Search,United States,Basic,Monthly,29.0,2,21.8,0,,Active
CUST-03305,2024-08-29,2024-08-01,Google Ads,United States,Basic,Annual,29.0,5,8.6,1,,
CUST-03306,2024-05-09,2024-05-01,Google Ads,United States,Pro,Monthly,79.0,2,22.9,0,,Active
CUST-03307,2024-02-05,2024-02-01,Affiliate Partner,United States,Basic,Monthly,29.0,7,5.4,1,2024-03-15,Customer support delays
CUST-03308,2024-06-05,2024-06-01,Affiliate Partner,United States,Basic,Annual,29.0,3,4.0,1,2024-07-10,Switched to competitor
CUST-03309,2024-04-25,2024-04-01,LinkedIn Referral,United States,Pro,Monthly,79.0,5,10.0,1,2024-12-02,Switched to competitor
CUST-03310,2024-04-02,2024-04-01,LinkedIn Referral,Canada,Basic,Monthly,29.0,1,23.5,0,,Active
CUST-03311,2024-08-16,2024-08-01,Google Ads,United States,Pro,Monthly,79.0,0,23.1,0,,Active
CUST-03312,2024-04-03,2024-04-01,Organic Search,United Kingdom,Enterprise,Monthly,199.0,2,31.8,0,,Active
CUST-03313,2024-10-12,2024-10-01,Organic Search,United Kingdom,Pro,Monthly,79.0,6,6.2,1,2024-11-03,Price too high
CUST-03314,2024-03-09,2024-03-01,LinkedIn Referral,United States,Basic,Monthly,29.0,1,10.5,1,2024-10-27,Switched to competitor
CUST-03315,2024-02-26,2024-02-01,Affiliate Partner,Germany,Pro,Annual,79.0,2,31.7,0,,Active
CUST-03316,2024-07-30,2024-07-01,Google Ads,Germany,Basic,Monthly,29.0,0,23.5,0,,Active
CUST-03317,2024-04-19,2024-04-01,Google Ads,India,Enterprise,Monthly,199.0,5,15.6,1,2024-11-09,Price too high
CUST-03318,2024-04-28,2024-04-01,LinkedIn Referral,India,Pro,Monthly,79.0,3,10.3,1,2024-10-05,Missing key features
CUST-03319,2024-11-13,2024-11-01,Google Ads,India,Basic,Monthly,29.0,3,12.8,1,2024-12-27,Price too high
CUST-03320,2024-06-02,2024-06-01,Affiliate Partner,Germany,Enterprise,Monthly,199.0,0,26.6,0,,Active
CUST-03321,2024-04-13,2024-04-01,LinkedIn Referral,India,Pro,Annual,79.0,2,25.3,0,,Active
CUST-03322,2024-08-17,2024-08-01,Google Ads,United States,Enterprise,Annual,199.0,0,23.4,0,,Active
CUST-03323,2024-07-29,2024-07-01,Affiliate Partner,United States,Basic,Monthly,29.0,0,3.9,1,2024-10-25,Poor onboarding / low usage
CUST-03324,2024-01-05,2024-01-01,Direct,Germany,Basic,Monthly,29.0,5,5.6,1,2024-12-01,Missing key features
CUST-03325,2024-01-10,2024-01-01,Google Ads,United Kingdom,Enterprise,Monthly,199.0,2,11.9,1,2024-09-23,Missing key features
CUST-03326,2024-10-19,2024-10-01,Google Ads,United States,Basic,Annual,29.0,2,11.6,1,2024-12-27,Switched to competitor
CUST-03327,2024-03-01,2024-03-01,Organic Search,Germany,Enterprise,Monthly,199.0,5,15.1,1,2024-04-19,Price too high
CUST-03328,2024-02-17,2024-02-01,LinkedIn Referral,United States,Basic,Monthly,29.0,2,26.5,0,,Active
CUST-03329,2024-08-23,2024-08-01,Affiliate Partner,United States,Pro,Monthly,79.0,1,22.4,0,,Active
CUST-03330,2024-06-02,2024-06-01,Google Ads,United States,Pro,Monthly,79.0,2,9.9,1,2024-08-29,Price too high
CUST-03331,2024-10-07,2024-10-01,Organic Search,United States,Pro,Annual,79.0,0,31.8,0,,Active
CUST-03332,2024-01-21,2024-01-01,Organic Search,United Kingdom,Basic,Monthly,29.0,4,6.9,1,2024-02-10,Switched to competitor
CUST-03333,2024-10-28,2024-10-01,Organic Search,Canada,Basic,Monthly,29.0,2,25.3,0,,Active
CUST-03334,2024-03-01,2024-03-01,Affiliate Partner,United States,Pro,Monthly,79.0,2,26.9,0,,Active
CUST-03335,2024-12-21,2024-12-01,Direct,United Kingdom,Enterprise,Monthly,199.0,1,31.4,0,,Active
CUST-03336,2024-09-13,2024-09-01,Affiliate Partner,United States,Basic,Monthly,29.0,0,24.4,0,,Active
CUST-03337,2024-01-10,2024-01-01,Organic Search,India,Basic,Monthly,29.0,1,11.6,1,2024-04-21,Customer support delays
CUST-03338,2024-04-14,2024-04-01,LinkedIn Referral,Germany,Basic,Monthly,29.0,1,11.4,1,2024-07-24,Poor onboarding / low usage
CUST-03339,2024-07-11,2024-07-01,Affiliate Partner,Germany,Basic,Annual,29.0,5,26.7,0,,Active
CUST-03340,2024-08-09,2024-08-01,Google Ads,United States,Basic,Annual,29.0,4,10.6,1,2024-10-26,Poor onboarding / low usage
CUST-03341,2024-03-11,2024-03-01,Organic Search,India,Pro,Monthly,79.0,4,7.2,1,2024-05-15,Price too high
CUST-03342,2024-12-27,2024-12-01,Google Ads,India,Enterprise,Monthly,199.0,1,26.3,0,,Active
CUST-03343,2024-02-16,2024-02-01,Google Ads,United States,Pro,Monthly,79.0,4,7.6,1,2024-09-26,Poor onboarding / low usage
CUST-03344,2024-03-13,2024-03-01,LinkedIn Referral,United Kingdom,Basic,Monthly,29.0,3,12.4,1,2024-03-25,Missing key features
CUST-03345,2024-09-13,2024-09-01,Google Ads,Canada,Basic,Monthly,29.0,2,23.0,0,,Active
CUST-03346,2024-08-27,2024-08-01,Google Ads,United States,Basic,Monthly,29.0,1,18.6,0,,Active
CUST-03347,2024-04-23,2024-04-01,Google Ads,United States,Basic,Monthly,29.0,2,10.6,1,2024-06-25,Missing key features
CUST-03348,2024-03-22,2024-03-01,Google Ads,United States,Basic,Monthly,29.0,1,9.2,1,2024-08-23,Switched to competitor
CUST-03349,2024-12-17,2024-12-01,Organic Search,United States,Pro,Annual,79.0,1,29.5,0,,Active
CUST-03350,2024-02-05,2024-02-01,Google Ads,Canada,Basic,Monthly,29.0,2,5.9,1,2024-06-26,Customer support delays
CUST-03351,2024-07-22,2024-07-01,LinkedIn Referral,United States,Basic,Monthly,29.0,4,12.1,1,2024-09-05,Switched to competitor
CUST-03352,2024-11-04,2024-11-01,Direct,Germany,Basic,Annual,29.0,4,9.8,1,2024-12-18,Customer support delays
CUST-03353,2024-07-28,2024-07-01,Google Ads,United Kingdom,Basic,Monthly,29.0,5,14.0,1,2024-07-31,Poor onboarding / low usage
CUST-03354,2024-03-06,2024-03-01,Affiliate Partner,United States,Pro,Monthly,79.0,2,6.6,1,2024-06-28,Price too high
CUST-03355,2024-03-30,2024-03-01,LinkedIn Referral,United Kingdom,Pro,Monthly,79.0,3,8.6,1,2024-08-30,Missing key features
CUST-03356,2024-03-05,2024-03-01,Google Ads,United Kingdom,Enterprise,Monthly,199.0,2,13.6,1,2024-03-14,Price too high
CUST-03357,2024-09-29,2024-09-01,Google Ads,United Kingdom,Pro,Monthly,79.0,5,2.6,1,2024-11-22,Customer support delays
CUST-03358,2024-08-07,2024-08-01,Google Ads,United Kingdom,Basic,Monthly,29.0,1,22.1,0,,Active
CUST-03359,2024-05-12,2024-05-01,Organic Search,United Kingdom,Basic,Monthly,29.0,2,21.7,0,,Active
CUST-03360,2024-11-20,2024-11-01,Google Ads,United Kingdom,Basic,Monthly,29.0,3,26.8,0,,Active
CUST-03361,2024-01-13,2024-01-01,Affiliate Partner,United Kingdom,Basic,Monthly,29.0,5,7.7,1,2024-01-16,Poor onboarding / low usage
CUST-03362,2024-06-19,2024-06-01,Direct,United States,Pro,Monthly,79.0,4,19.2,0,,Active
CUST-03363,2024-03-17,2024-03-01,Google Ads,Canada,Basic,Monthly,29.0,3,10.4,1,2024-06-29,Missing key features
CUST-03364,2024-09-30,2024-09-01,Organic Search,United States,Basic,Annual,29.0,3,20.3,0,,Active
CUST-03365,2024-03-05,2024-03-01,Direct,United States,Pro,Monthly,79.0,4,6.4,1,2024-07-16,Poor onboarding / low usage
CUST-03366,2024-08-02,2024-08-01,Direct,United States,Pro,Monthly,79.0,1,25.7,0,,Active
CUST-03367,2024-03-19,2024-03-01,Organic Search,United States,Enterprise,Monthly,199.0,2,26.4,0,,Active
CUST-03368,2024-11-15,2024-11-01,Organic Search,United States,Basic,Monthly,29.0,0,19.3,0,,Active
CUST-03369,2024-02-11,2024-02-01,Google Ads,United States,Pro,Monthly,79.0,3,10.4,1,2024-06-14,Switched to competitor
CUST-03370,2024-09-18,2024-09-01,Google Ads,United Kingdom,Basic,Annual,29.0,3,30.7,0,,Active
CUST-03371,2024-03-05,2024-03-01,Google Ads,United States,Pro,Annual,79.0,2,29.4,0,,Active
CUST-03372,2024-02-14,2024-02-01,Organic Search,United Kingdom,Pro,Annual,79.0,1,11.0,1,2024-10-24,Poor onboarding / low usage
CUST-03373,2024-12-03,2024-12-01,Affiliate Partner,India,Basic,Monthly,29.0,3,22.5,0,,Active
CUST-03374,2024-05-24,2024-05-01,Affiliate Partner,United States,Pro,Monthly,79.0,3,9.3,1,2024-08-14,Poor onboarding / low usage
CUST-03375,2024-12-29,2024-12-01,Google Ads,Canada,Pro,Monthly,79.0,3,24.5,0,,Active
CUST-03376,2024-04-10,2024-04-01,LinkedIn Referral,Germany,Basic,Monthly,29.0,1,8.5,1,2024-05-15,Customer support delays
CUST-03377,2024-08-25,2024-08-01,Organic Search,United States,Enterprise,Monthly,199.0,1,28.1,0,,Active
CUST-03378,2024-10-27,2024-10-01,Affiliate Partner,Germany,Pro,Monthly,79.0,0,19.4,0,,Active
CUST-03379,2024-04-01,2024-04-01,Google Ads,United States,Pro,Monthly,79.0,3,13.6,1,2024-12-25,Missing key features
CUST-03380,2024-02-20,2024-02-01,Affiliate Partner,India,Pro,Monthly,79.0,0,29.1,0,,Active
CUST-03381,2024-03-01,2024-03-01,Google Ads,India,Basic,Monthly,29.0,3,10.0,1,2024-04-20,Price too high
CUST-03382,2024-09-27,2024-09-01,LinkedIn Referral,United States,Pro,Monthly,79.0,3,21.0,0,,Active
CUST-03383,2024-11-24,2024-11-01,Google Ads,United States,Basic,Monthly,29.0,1,27.6,0,,Active
CUST-03384,2024-01-30,2024-01-01,Organic Search,United Kingdom,Enterprise,Monthly,199.0,0,27.2,0,,Active
CUST-03385,2024-04-17,2024-04-01,Affiliate Partner,United Kingdom,Pro,Monthly,79.0,1,29.0,0,,Active
CUST-03386,2024-10-11,2024-10-01,Google Ads,United States,Basic,Annual,29.0,5,2.3,1,2024-12-31,Price too high
CUST-03387,2024-07-17,2024-07-01,Affiliate Partner,Germany,Enterprise,Monthly,199.0,3,30.2,0,,Active
CUST-03388,2024-01-27,2024-01-01,Organic Search,Germany,Pro,Monthly,79.0,2,15.6,0,,Active
CUST-03389,2024-06-23,2024-06-01,Google Ads,Germany,Basic,Monthly,29.0,4,12.5,1,2024-09-27,Switched to competitor
CUST-03390,2024-10-12,2024-10-01,Google Ads,United Kingdom,Basic,Annual,29.0,4,19.8,0,,Active
CUST-03391,2024-01-02,2024-01-01,Affiliate Partner,United States,Pro,Monthly,79.0,3,10.0,1,2024-04-09,Switched to competitor
CUST-03392,2024-08-27,2024-08-01,LinkedIn Referral,United Kingdom,Enterprise,Monthly,199.0,0,24.7,0,,Active
CUST-03393,2024-11-11,2024-11-01,Organic Search,United States,Pro,Annual,79.0,1,17.9,0,,Active
CUST-03394,2024-03-07,2024-03-01,Affiliate Partner,United Kingdom,Basic,Annual,29.0,0,22.1,0,,Active
CUST-03395,2024-04-26,2024-04-01,Direct,United States,Pro,Monthly,79.0,9,9.3,1,2024-05-10,Switched to competitor
CUST-03396,2024-10-13,2024-10-01,LinkedIn Referral,United States,Pro,Monthly,79.0,7,12.4,1,,
CUST-03397,2024-05-26,2024-05-01,LinkedIn Referral,Germany,Basic,Monthly,29.0,7,8.6,1,,
CUST-03398,2024-05-11,2024-05-01,LinkedIn Referral,United States,Pro,Annual,79.0,0,28.1,0,,Active
CUST-03399,2024-07-19,2024-07-01,LinkedIn Referral,United States,Enterprise,Annual,199.0,1,23.8,0,,Active
CUST-03400,2024-08-21,2024-08-01,Organic Search,United States,Basic,Monthly,29.0,0,8.4,1,2024-11-15,Price too high
CUST-03401,2024-08-14,2024-08-01,LinkedIn Referral,United Kingdom,Basic,Monthly,29.0,2,23.6,0,,Active
CUST-03402,2024-07-05,2024-07-01,Organic Search,United Kingdom,Pro,Monthly,79.0,3,8.5,1,2024-11-06,Customer support delays
CUST-03403,2024-07-27,2024-07-01,Organic Search,United Kingdom,Pro,Monthly,79.0,1,13.8,1,2024-10-26,Price too high
CUST-03404,2024-04-21,2024-04-01,Organic Search,India,Enterprise,Monthly,199.0,0,22.3,0,,Active
CUST-03405,2024-12-21,2024-12-01,Organic Search,United States,Pro,Annual,79.0,4,25.9,0,,Active
CUST-03406,2024-10-02,2024-10-01,Google Ads,Canada,Enterprise,Monthly,199.0,1,28.0,0,,Active
CUST-03407,2024-05-29,2024-05-01,Organic Search,United States,Pro,Monthly,79.0,2,2.7,1,2024-08-01,Price too high
CUST-03408,2024-08-05,2024-08-01,Google Ads,United States,Basic,Monthly,29.0,2,17.5,0,,Active
CUST-03409,2024-03-16,2024-03-01,LinkedIn Referral,United States,Basic,Monthly,29.0,5,8.0,1,2024-03-19,Customer support delays
CUST-03410,2024-07-12,2024-07-01,Google Ads,United States,Pro,Monthly,79.0,1,23.9,0,,Active
CUST-03411,2024-05-05,2024-05-01,Direct,United States,Pro,Monthly,79.0,1,5.5,1,2024-11-02,Price too high
CUST-03412,2024-03-01,2024-03-01,LinkedIn Referral,United States,Pro,Monthly,79.0,1,22.4,0,,Active
CUST-03413,2024-06-12,2024-06-01,Organic Search,United States,Basic,Monthly,29.0,4,18.1,0,,Active
CUST-03414,2024-08-17,2024-08-01,Google Ads,United Kingdom,Basic,Monthly,29.0,8,6.9,1,2024-10-24,Price too high
CUST-03415,2024-10-30,2024-10-01,LinkedIn Referral,Germany,Pro,Monthly,79.0,2,28.9,0,,Active
CUST-03416,2024-06-23,2024-06-01,Direct,Germany,Basic,Monthly,29.0,0,25.0,0,,Active
CUST-03417,2024-04-26,2024-04-01,Google Ads,United States,Basic,Monthly,29.0,5,7.6,1,2024-06-05,Poor onboarding / low usage
CUST-03418,2024-05-29,2024-05-01,Affiliate Partner,India,Basic,Monthly,29.0,4,34.3,0,,Active
CUST-03419,2024-08-14,2024-08-01,Google Ads,United States,Basic,Monthly,29.0,3,4.4,1,2024-08-29,Price too high
CUST-03420,2024-04-14,2024-04-01,LinkedIn Referral,India,Pro,Monthly,79.0,4,9.1,1,2024-05-01,Poor onboarding / low usage
CUST-03421,2024-08-25,2024-08-01,Direct,United States,Basic,Monthly,29.0,0,21.3,0,,Active
CUST-03422,2024-11-24,2024-11-01,Google Ads,United States,Pro,Monthly,79.0,5,22.9,0,,Active
CUST-03423,2024-02-01,2024-02-01,Google Ads,Germany,Basic,Annual,29.0,6,8.6,1,2024-06-06,Switched to competitor
CUST-03424,2024-08-14,2024-08-01,Affiliate Partner,United States,Basic,Monthly,29.0,2,1.3,1,2024-09-23,Switched to competitor
CUST-03425,2024-09-14,2024-09-01,LinkedIn Referral,India,Pro,Annual,79.0,0,25.2,0,,Active
CUST-03426,2024-03-23,2024-03-01,Direct,United Kingdom,Pro,Annual,79.0,1,24.3,0,,Active
CUST-03427,2024-01-24,2024-01-01,LinkedIn Referral,Canada,Pro,Annual,79.0,1,23.3,0,,Active
CUST-03428,2024-10-07,2024-10-01,Direct,United Kingdom,Pro,Monthly,79.0,0,24.5,0,,Active
CUST-03429,2024-03-11,2024-03-01,LinkedIn Referral,Canada,Basic,Annual,29.0,6,9.3,1,2024-09-29,Price too high
CUST-03430,2024-12-21,2024-12-01,Affiliate Partner,United Kingdom,Basic,Annual,29.0,3,16.0,1,2024-12-30,Price too high
CUST-03431,2024-09-21,2024-09-01,Google Ads,United States,Basic,Monthly,29.0,0,23.7,0,,Active
CUST-03432,2024-03-31,2024-03-01,Organic Search,United States,Pro,Monthly,79.0,4,1.0,1,2024-04-11,Missing key features
CUST-03433,2024-07-08,2024-07-01,Google Ads,United States,Enterprise,Monthly,199.0,4,6.3,1,2024-10-23,Switched to competitor
CUST-03434,2024-11-05,2024-11-01,Google Ads,India,Pro,Annual,79.0,4,24.1,0,,Active
CUST-03435,2024-10-22,2024-10-01,LinkedIn Referral,Germany,Basic,Annual,29.0,0,29.5,0,,Active
CUST-03436,2024-11-01,2024-11-01,Google Ads,United States,Enterprise,Monthly,199.0,4,20.1,0,,Active
CUST-03437,2024-05-11,2024-05-01,Organic Search,United States,Enterprise,Monthly,199.0,1,22.8,0,,Active
CUST-03438,2024-08-25,2024-08-01,Google Ads,India,Basic,Monthly,29.0,4,8.2,1,,
CUST-03439,2024-01-15,2024-01-01,Google Ads,Canada,Pro,Monthly,79.0,2,29.5,0,,Active
CUST-03440,2024-11-25,2024-11-01,Organic Search,United Kingdom,Basic,Monthly,29.0,4,18.0,1,,
CUST-03441,2024-02-08,2024-02-01,Organic Search,Germany,Basic,Monthly,29.0,4,2.6,1,2024-08-12,Poor onboarding / low usage
CUST-03442,2024-01-30,2024-01-01,Direct,India,Basic,Monthly,29.0,3,8.9,1,2024-10-02,Poor onboarding / low usage
CUST-03443,2024-02-23,2024-02-01,LinkedIn Referral,Canada,Basic,Monthly,29.0,4,9.3,1,2024-05-12,Switched to competitor
CUST-03444,2024-04-01,2024-04-01,Organic Search,United Kingdom,Pro,Monthly,79.0,2,5.4,1,2024-10-07,Price too high
CUST-03445,2024-04-04,2024-04-01,Google Ads,India,Enterprise,Monthly,199.0,1,24.2,0,,Active
CUST-03446,2024-04-20,2024-04-01,Affiliate Partner,United Kingdom,Enterprise,Monthly,199.0,3,25.1,0,,Active
CUST-03447,2024-04-11,2024-04-01,Organic Search,India,Pro,Monthly,79.0,3,28.6,0,,Active
CUST-03448,2024-10-15,2024-10-01,LinkedIn Referral,India,Enterprise,Annual,199.0,4,25.5,0,,Active
CUST-03449,2024-10-11,2024-10-01,Google Ads,United Kingdom,Pro,Monthly,79.0,6,14.2,1,2024-10-19,Price too high
CUST-03450,2024-10-15,2024-10-01,Organic Search,United States,Basic,Monthly,29.0,3,3.7,1,2024-10-28,Price too high
CUST-03451,2024-06-15,2024-06-01,LinkedIn Referral,Canada,Pro,Monthly,79.0,2,21.7,0,,Active
CUST-03452,2024-11-05,2024-11-01,LinkedIn Referral,United States,Enterprise,Monthly,199.0,4,18.2,0,,Active
CUST-03453,2024-03-06,2024-03-01,LinkedIn Referral,United States,Enterprise,Monthly,199.0,2,23.2,0,,Active
CUST-03454,2024-06-01,2024-06-01,LinkedIn Referral,United Kingdom,Pro,Annual,79.0,0,19.2,0,,Active
CUST-03455,2024-06-18,2024-06-01,Organic Search,Germany,Pro,Monthly,79.0,0,21.3,0,,Active
CUST-03456,2024-11-15,2024-11-01,Organic Search,United States,Pro,Annual,79.0,1,23.2,0,,Active
CUST-03457,2024-01-12,2024-01-01,Direct,United Kingdom,Enterprise,Monthly,199.0,1,10.2,1,2024-03-10,Poor onboarding / low usage
CUST-03458,2024-10-06,2024-10-01,Google Ads,Germany,Basic,Monthly,29.0,2,24.0,0,,Active
CUST-03459,2024-09-10,2024-09-01,Organic Search,United States,Pro,Monthly,79.0,3,8.0,1,2024-12-11,Poor onboarding / low usage
CUST-03460,2024-10-06,2024-10-01,Google Ads,India,Basic,Annual,29.0,1,4.4,1,2024-10-29,Price too high
CUST-03461,2024-02-22,2024-02-01,Google Ads,United Kingdom,Enterprise,Monthly,199.0,1,19.4,0,,Active
CUST-03462,2024-05-23,2024-05-01,Affiliate Partner,United States,Pro,Monthly,79.0,2,3.4,1,2024-07-30,Switched to competitor
CUST-03463,2024-03-29,2024-03-01,Google Ads,United States,Pro,Monthly,79.0,3,15.5,1,2024-08-02,Missing key features
CUST-03464,2024-05-05,2024-05-01,Organic Search,Canada,Pro,Annual,79.0,3,15.4,1,2024-06-30,Customer support delays
CUST-03465,2024-07-10,2024-07-01,Google Ads,United Kingdom,Enterprise,Monthly,199.0,2,20.4,0,,Active
CUST-03466,2024-04-25,2024-04-01,Organic Search,India,Basic,Monthly,29.0,7,3.9,1,2024-09-20,Missing key features
CUST-03467,2024-07-26,2024-07-01,Google Ads,United Kingdom,Basic,Monthly,29.0,2,20.0,0,,Active
CUST-03468,2024-05-05,2024-05-01,Direct,Germany,Basic,Monthly,29.0,4,10.0,1,2024-11-19,Missing key features
CUST-03469,2024-01-14,2024-01-01,Organic Search,Canada,Pro,Monthly,79.0,3,6.5,1,2024-12-04,Customer support delays
CUST-03470,2024-06-19,2024-06-01,Affiliate Partner,India,Basic,Monthly,29.0,4,6.5,1,2024-12-24,Poor onboarding / low usage
CUST-03471,2024-09-11,2024-09-01,LinkedIn Referral,United Kingdom,Enterprise,Monthly,199.0,1,22.9,0,,Active
CUST-03472,2024-05-22,2024-05-01,Google Ads,India,Basic,Monthly,29.0,2,25.5,0,,Active
CUST-03473,2024-06-24,2024-06-01,Google Ads,India,Basic,Monthly,29.0,6,11.7,1,,
CUST-03474,2024-04-28,2024-04-01,LinkedIn Referral,United Kingdom,Pro,Monthly,79.0,2,19.3,0,,Active
CUST-03475,2024-07-15,2024-07-01,Organic Search,Germany,Enterprise,Monthly,199.0,1,28.3,0,,Active
CUST-03476,2024-04-27,2024-04-01,Google Ads,Germany,Enterprise,Annual,199.0,0,20.0,0,,Active
CUST-03477,2024-12-27,2024-12-01,LinkedIn Referral,Canada,Basic,Monthly,29.0,4,1.0,1,,
CUST-03478,2024-12-19,2024-12-01,Google Ads,United Kingdom,Basic,Monthly,29.0,0,22.3,0,,Active
CUST-03479,2024-06-18,2024-06-01,Affiliate Partner,United Kingdom,Pro,Annual,79.0,1,25.2,0,,Active
CUST-03480,2024-05-01,2024-05-01,Google Ads,Germany,Basic,Monthly,29.0,4,9.3,1,2024-06-28,Switched to competitor
CUST-03481,2024-08-14,2024-08-01,Google Ads,United States,Basic,Monthly,29.0,4,20.8,0,,Active
CUST-03482,2024-03-05,2024-03-01,Google Ads,India,Pro,Monthly,79.0,2,26.0,0,,Active
CUST-03483,2024-10-03,2024-10-01,Google Ads,Canada,Basic,Monthly,29.0,2,22.9,0,,Active
CUST-03484,2024-01-04,2024-01-01,Organic Search,United States,Basic,Monthly,29.0,0,24.2,0,,Active
CUST-03485,2024-06-30,2024-06-01,Direct,United States,Basic,Monthly,29.0,4,4.7,1,2024-07-28,Missing key features
CUST-03486,2024-11-12,2024-11-01,Organic Search,Canada,Pro,Annual,79.0,3,27.3,0,,Active
CUST-03487,2024-08-27,2024-08-01,Direct,United States,Pro,Monthly,79.0,0,16.8,0,,Active
CUST-03488,2024-06-19,2024-06-01,Organic Search,United Kingdom,Pro,Monthly,79.0,2,28.1,0,,Active
CUST-03489,2024-06-13,2024-06-01,Organic Search,United Kingdom,Enterprise,Monthly,199.0,0,25.1,0,,Active
CUST-03490,2024-09-03,2024-09-01,Affiliate Partner,United Kingdom,Pro,Monthly,79.0,5,25.2,0,,Active
CUST-03491,2024-04-20,2024-04-01,Google Ads,United Kingdom,Pro,Monthly,79.0,1,28.7,0,,Active
CUST-03492,2024-01-05,2024-01-01,LinkedIn Referral,United States,Enterprise,Monthly,199.0,5,25.7,0,,Active
CUST-03493,2024-04-02,2024-04-01,LinkedIn Referral,United Kingdom,Pro,Monthly,79.0,2,22.7,0,,Active
CUST-03494,2024-01-07,2024-01-01,Google Ads,United States,Basic,Monthly,29.0,6,9.5,1,2024-06-18,Poor onboarding / low usage
CUST-03495,2024-01-01,2024-01-01,Google Ads,United States,Pro,Monthly,79.0,3,6.9,1,2024-08-25,Switched to competitor
CUST-03496,2024-05-25,2024-05-01,Google Ads,Germany,Basic,Monthly,29.0,6,5.6,1,2024-07-02,Price too high
CUST-03497,2024-11-10,2024-11-01,Affiliate Partner,United States,Basic,Monthly,29.0,1,10.8,1,2024-12-04,Switched to competitor
CUST-03498,2024-02-13,2024-02-01,Organic Search,India,Basic,Monthly,29.0,5,12.5,1,2024-09-29,Customer support delays
CUST-03499,2024-04-23,2024-04-01,Organic Search,United States,Basic,Monthly,29.0,1,16.3,1,2024-05-25,Poor onboarding / low usage
CUST-03500,2024-08-02,2024-08-01,Google Ads,United States,Pro,Annual,79.0,3,6.3,1,2024-12-13,Price too high
CUST-03501,2024-05-23,2024-05-01,Organic Search,Canada,Basic,Monthly,29.0,5,3.0,1,2024-10-04,Switched to competitor
CUST-03502,2024-03-07,2024-03-01,Organic Search,United Kingdom,Pro,Annual,79.0,7,1.1,1,2024-07-24,Switched to competitor
CUST-03503,2024-06-15,2024-06-01,Organic Search,United States,Pro,Monthly,79.0,1,19.3,0,,Active
CUST-03504,2024-12-10,2024-12-01,Google Ads,United Kingdom,Pro,Monthly,79.0,2,20.6,0,,Active
CUST-03505,2024-04-11,2024-04-01,Organic Search,United Kingdom,Basic,Annual,29.0,0,18.1,0,,Active
CUST-03506,2024-02-20,2024-02-01,Organic Search,India,Basic,Monthly,29.0,1,17.0,0,,Active
CUST-03507,2024-01-17,2024-01-01,Google Ads,United States,Basic,Monthly,29.0,2,7.9,1,2024-12-30,Price too high
CUST-03508,2024-08-13,2024-08-01,LinkedIn Referral,India,Basic,Monthly,29.0,2,9.1,1,2024-08-16,Poor onboarding / low usage
CUST-03509,2024-09-10,2024-09-01,Google Ads,Germany,Basic,Monthly,29.0,5,5.9,1,2024-12-02,Poor onboarding / low usage
CUST-03510,2024-04-03,2024-04-01,Organic Search,United States,Pro,Annual,79.0,4,16.5,1,2024-04-09,Switched to competitor
CUST-03511,2024-05-26,2024-05-01,Google Ads,United States,Basic,Monthly,29.0,2,28.7,0,,Active
CUST-03512,2024-06-20,2024-06-01,LinkedIn Referral,Germany,Pro,Monthly,79.0,2,20.6,0,,Active
CUST-03513,2024-05-30,2024-05-01,Direct,United States,Pro,Monthly,79.0,5,11.8,1,2024-12-19,Price too high
CUST-03514,2024-08-27,2024-08-01,Direct,United States,Enterprise,Monthly,199.0,0,22.1,0,,Active
CUST-03515,2024-01-02,2024-01-01,Affiliate Partner,India,Basic,Monthly,29.0,6,10.0,1,2024-08-23,Price too high
CUST-03516,2024-05-22,2024-05-01,Google Ads,India,Pro,Monthly,79.0,5,9.0,1,2024-10-14,Price too high
CUST-03517,2024-04-22,2024-04-01,Organic Search,United States,Pro,Monthly,79.0,1,10.1,1,2024-08-06,Price too high
CUST-03518,2024-11-27,2024-11-01,LinkedIn Referral,Germany,Basic,Monthly,29.0,1,19.3,0,,Active
CUST-03519,2024-05-30,2024-05-01,LinkedIn Referral,India,Pro,Monthly,79.0,1,14.1,1,2024-11-20,Switched to competitor
CUST-03520,2024-07-11,2024-07-01,Google Ads,India,Pro,Monthly,79.0,3,11.2,1,2024-08-05,Switched to competitor
CUST-03521,2024-08-19,2024-08-01,Affiliate Partner,United States,Basic,Annual,29.0,2,32.3,0,,Active
CUST-03522,2024-08-27,2024-08-01,Direct,United States,Basic,Monthly,29.0,2,29.8,0,,Active
CUST-03523,2024-02-04,2024-02-01,Organic Search,United States,Basic,Annual,29.0,1,23.5,0,,Active
CUST-03524,2024-10-22,2024-10-01,Direct,Germany,Pro,Annual,79.0,4,15.4,1,2024-12-08,Missing key features
CUST-03525,2024-06-06,2024-06-01,Google Ads,United States,Basic,Annual,29.0,3,24.3,0,,Active
CUST-03526,2024-07-29,2024-07-01,LinkedIn Referral,United States,Enterprise,Annual,199.0,1,25.3,0,,Active
CUST-03527,2024-08-05,2024-08-01,Google Ads,United States,Basic,Monthly,29.0,4,13.8,1,2024-10-20,Price too high
CUST-03528,2024-11-26,2024-11-01,Google Ads,India,Pro,Annual,79.0,7,30.9,0,,Active
CUST-03529,2024-07-26,2024-07-01,Google Ads,India,Pro,Monthly,79.0,2,21.2,0,,Active
CUST-03530,2024-08-03,2024-08-01,Organic Search,Germany,Pro,Monthly,79.0,0,29.2,0,,Active
CUST-03531,2024-11-10,2024-11-01,Organic Search,Germany,Basic,Monthly,29.0,3,5.2,1,2024-11-27,Poor onboarding / low usage
CUST-03532,2024-08-19,2024-08-01,Organic Search,United Kingdom,Basic,Annual,29.0,4,21.4,0,,Active
CUST-03533,2024-11-02,2024-11-01,Google Ads,United States,Pro,Monthly,79.0,1,6.5,1,2024-12-18,Price too high
CUST-03534,2024-04-15,2024-04-01,LinkedIn Referral,United Kingdom,Enterprise,Monthly,199.0,1,32.1,0,,Active
CUST-03535,2024-01-13,2024-01-01,LinkedIn Referral,United Kingdom,Pro,Annual,79.0,2,15.0,1,2024-06-03,Poor onboarding / low usage
CUST-03536,2024-11-22,2024-11-01,Google Ads,United States,Pro,Annual,79.0,3,23.9,0,,Active
CUST-03537,2024-03-01,2024-03-01,Direct,United Kingdom,Basic,Annual,29.0,4,3.1,1,2024-04-21,Customer support delays
CUST-03538,2024-10-14,2024-10-01,Google Ads,Canada,Pro,Annual,79.0,7,11.6,1,,
CUST-03539,2024-07-24,2024-07-01,Google Ads,United States,Pro,Annual,79.0,1,29.1,0,,Active
CUST-03540,2024-07-24,2024-07-01,Direct,United States,Basic,Monthly,29.0,5,6.8,1,2024-11-28,Switched to competitor
CUST-03541,2024-10-24,2024-10-01,Google Ads,Germany,Pro,Annual,79.0,0,23.9,0,,Active
CUST-03542,2024-11-11,2024-11-01,Organic Search,India,Pro,Monthly,79.0,1,20.7,0,,Active
CUST-03543,2024-10-01,2024-10-01,Google Ads,United States,Pro,Monthly,79.0,2,31.1,0,,Active
CUST-03544,2024-08-02,2024-08-01,Organic Search,United States,Enterprise,Monthly,199.0,1,21.8,0,,Active
CUST-03545,2024-02-16,2024-02-01,Affiliate Partner,United Kingdom,Pro,Monthly,79.0,4,3.6,1,2024-04-30,Price too high
CUST-03546,2024-06-06,2024-06-01,Google Ads,Germany,Basic,Monthly,29.0,0,28.3,0,,Active
CUST-03547,2024-12-06,2024-12-01,LinkedIn Referral,United States,Enterprise,Monthly,199.0,0,25.1,0,,Active
CUST-03548,2024-02-14,2024-02-01,Google Ads,United States,Basic,Monthly,29.0,7,14.6,1,2024-08-24,Switched to competitor
CUST-03549,2024-10-16,2024-10-01,Affiliate Partner,Germany,Basic,Annual,29.0,1,14.4,1,2024-12-28,Missing key features
CUST-03550,2024-11-02,2024-11-01,Google Ads,United Kingdom,Enterprise,Monthly,199.0,2,19.4,0,,Active
CUST-03551,2024-10-02,2024-10-01,Direct,Canada,Pro,Monthly,79.0,2,9.9,1,2024-11-10,Price too high
CUST-03552,2024-11-06,2024-11-01,Google Ads,Germany,Basic,Annual,29.0,1,31.9,0,,Active
CUST-03553,2024-05-19,2024-05-01,Google Ads,Canada,Pro,Monthly,79.0,0,20.2,0,,Active
CUST-03554,2024-12-21,2024-12-01,Direct,Canada,Pro,Annual,79.0,0,28.4,0,,Active
CUST-03555,2024-02-08,2024-02-01,Google Ads,United States,Basic,Annual,29.0,0,26.1,0,,Active
CUST-03556,2024-11-26,2024-11-01,Organic Search,United States,Basic,Monthly,29.0,2,26.7,0,,Active
CUST-03557,2024-01-27,2024-01-01,Affiliate Partner,United States,Basic,Annual,29.0,5,5.7,1,2024-09-24,Switched to competitor
CUST-03558,2024-04-12,2024-04-01,Affiliate Partner,Canada,Pro,Monthly,79.0,3,5.8,1,2024-06-13,Switched to competitor
CUST-03559,2024-11-02,2024-11-01,Affiliate Partner,United Kingdom,Pro,Monthly,79.0,2,20.6,0,,Active
CUST-03560,2024-06-01,2024-06-01,Google Ads,Germany,Pro,Monthly,79.0,4,10.3,1,2024-06-03,Price too high
CUST-03561,2024-04-14,2024-04-01,Direct,India,Basic,Annual,29.0,3,3.3,1,2024-05-05,Price too high
CUST-03562,2024-10-03,2024-10-01,Google Ads,United Kingdom,Pro,Monthly,79.0,2,9.3,1,2024-10-24,Missing key features
CUST-03563,2024-02-03,2024-02-01,LinkedIn Referral,Germany,Pro,Monthly,79.0,1,19.7,0,,Active
CUST-03564,2024-01-16,2024-01-01,Organic Search,United Kingdom,Basic,Monthly,29.0,4,11.3,1,2024-02-20,Price too high
CUST-03565,2024-09-21,2024-09-01,LinkedIn Referral,United States,Basic,Monthly,29.0,3,26.9,0,,Active
CUST-03566,2024-11-24,2024-11-01,Google Ads,United Kingdom,Pro,Monthly,79.0,2,19.6,0,,Active
CUST-03567,2024-02-15,2024-02-01,Organic Search,Canada,Pro,Monthly,79.0,1,27.3,0,,Active
CUST-03568,2024-01-08,2024-01-01,Affiliate Partner,United States,Basic,Monthly,29.0,6,5.1,1,2024-05-09,Poor onboarding / low usage
CUST-03569,2024-11-21,2024-11-01,Organic Search,United States,Basic,Monthly,29.0,2,24.0,0,,Active
CUST-03570,2024-08-03,2024-08-01,Direct,India,Basic,Monthly,29.0,1,19.8,0,,Active
CUST-03571,2024-10-31,2024-10-01,Google Ads,United States,Pro,Monthly,79.0,0,21.3,0,,Active
CUST-03572,2024-06-20,2024-06-01,LinkedIn Referral,United Kingdom,Basic,Monthly,29.0,4,9.2,1,2024-10-19,Missing key features
CUST-03573,2024-05-31,2024-05-01,Google Ads,United States,Pro,Monthly,79.0,3,28.6,0,,Active
CUST-03574,2024-03-20,2024-03-01,Google Ads,United Kingdom,Basic,Annual,29.0,1,22.6,0,,Active
CUST-03575,2024-07-11,2024-07-01,LinkedIn Referral,United States,Enterprise,Monthly,199.0,2,25.2,0,,Active
CUST-03576,2024-12-19,2024-12-01,Affiliate Partner,United States,Enterprise,Monthly,199.0,2,25.4,0,,Active
CUST-03577,2024-06-29,2024-06-01,LinkedIn Referral,United States,Pro,Monthly,79.0,0,25.2,0,,Active
CUST-03578,2024-07-07,2024-07-01,LinkedIn Referral,Germany,Basic,Annual,29.0,7,9.2,1,2024-09-13,Poor onboarding / low usage
CUST-03579,2024-07-23,2024-07-01,LinkedIn Referral,Germany,Pro,Monthly,79.0,1,25.4,0,,Active
CUST-03580,2024-10-18,2024-10-01,Direct,United Kingdom,Basic,Annual,29.0,0,26.8,0,,Active
CUST-03581,2024-05-21,2024-05-01,Organic Search,United Kingdom,Basic,Monthly,29.0,3,6.1,1,2024-07-27,Price too high
CUST-03582,2024-03-06,2024-03-01,Organic Search,United Kingdom,Enterprise,Annual,199.0,1,23.7,0,,Active
CUST-03583,2024-10-17,2024-10-01,Google Ads,Canada,Pro,Monthly,79.0,0,18.6,0,,Active
CUST-03584,2024-12-07,2024-12-01,Affiliate Partner,United Kingdom,Pro,Monthly,79.0,1,24.2,0,,Active
CUST-03585,2024-03-10,2024-03-01,LinkedIn Referral,United States,Pro,Annual,79.0,0,16.3,0,,Active
CUST-03586,2024-08-20,2024-08-01,LinkedIn Referral,United States,Pro,Monthly,79.0,0,27.0,0,,Active
CUST-03587,2024-11-08,2024-11-01,LinkedIn Referral,United Kingdom,Enterprise,Monthly,199.0,2,21.6,0,,Active
CUST-03588,2024-11-03,2024-11-01,Direct,India,Enterprise,Annual,199.0,1,19.8,0,,Active
CUST-03589,2024-11-04,2024-11-01,Organic Search,India,Basic,Monthly,29.0,0,17.1,0,,Active
CUST-03590,2024-05-06,2024-05-01,Organic Search,India,Basic,Annual,29.0,0,19.3,0,,Active
CUST-03591,2024-04-05,2024-04-01,Direct,United Kingdom,Pro,Monthly,79.0,2,4.8,1,2024-06-08,Missing key features
CUST-03592,2024-05-06,2024-05-01,Google Ads,Germany,Basic,Monthly,29.0,2,22.5,0,,Active
CUST-03593,2024-11-04,2024-11-01,Organic Search,United States,Basic,Monthly,29.0,2,16.6,0,,Active
CUST-03594,2024-11-02,2024-11-01,Direct,Canada,Basic,Monthly,29.0,4,7.2,1,2024-11-07,Missing key features
CUST-03595,2024-07-25,2024-07-01,Organic Search,Germany,Pro,Monthly,79.0,2,4.7,1,2024-07-26,Missing key features
CUST-03596,2024-02-04,2024-02-01,Google Ads,India,Pro,Monthly,79.0,3,13.8,1,2024-03-27,Price too high
CUST-03597,2024-12-23,2024-12-01,Organic Search,Canada,Pro,Monthly,79.0,4,34.5,0,,Active
CUST-03598,2024-07-23,2024-07-01,LinkedIn Referral,Germany,Pro,Monthly,79.0,3,8.3,1,2024-11-16,Missing key features
CUST-03599,2024-06-05,2024-06-01,Organic Search,India,Enterprise,Monthly,199.0,3,27.5,0,,Active
CUST-03600,2024-03-01,2024-03-01,Affiliate Partner,United States,Enterprise,Annual,199.0,6,11.9,1,2024-03-18,Missing key features
CUST-03601,2024-10-21,2024-10-01,Organic Search,United Kingdom,Basic,Annual,29.0,2,28.8,0,,Active
CUST-03602,2024-10-05,2024-10-01,LinkedIn Referral,United Kingdom,Pro,Monthly,79.0,4,2.7,1,2024-11-24,Price too high
CUST-03603,2024-10-03,2024-10-01,LinkedIn Referral,United States,Basic,Monthly,29.0,0,16.7,0,,Active
CUST-03604,2024-06-01,2024-06-01,Direct,United States,Basic,Annual,29.0,1,24.9,0,,Active
CUST-03605,2024-11-28,2024-11-01,Google Ads,United States,Pro,Annual,79.0,2,31.7,0,,Active
CUST-03606,2024-04-29,2024-04-01,Google Ads,United States,Basic,Annual,29.0,1,19.2,0,,Active
CUST-03607,2024-11-13,2024-11-01,Google Ads,United States,Pro,Annual,79.0,1,28.3,0,,Active
CUST-03608,2024-10-18,2024-10-01,LinkedIn Referral,Canada,Pro,Monthly,79.0,1,29.0,0,,Active
CUST-03609,2024-01-18,2024-01-01,Google Ads,India,Basic,Monthly,29.0,7,8.1,1,2024-04-18,Missing key features
CUST-03610,2024-02-13,2024-02-01,Affiliate Partner,Germany,Basic,Monthly,29.0,6,1.0,1,2024-06-02,Switched to competitor
CUST-03611,2024-07-28,2024-07-01,LinkedIn Referral,United Kingdom,Basic,Monthly,29.0,1,15.0,0,,Active
CUST-03612,2024-11-29,2024-11-01,Google Ads,United States,Basic,Monthly,29.0,0,22.6,0,,Active
CUST-03613,2024-05-28,2024-05-01,LinkedIn Referral,Germany,Enterprise,Monthly,199.0,2,13.4,1,2024-07-05,Price too high
CUST-03614,2024-06-06,2024-06-01,LinkedIn Referral,Canada,Basic,Monthly,29.0,0,6.5,1,2024-08-13,Price too high
CUST-03615,2024-02-07,2024-02-01,Direct,United States,Pro,Monthly,79.0,4,6.1,1,2024-07-22,Price too high
CUST-03616,2024-09-10,2024-09-01,Affiliate Partner,United States,Enterprise,Monthly,199.0,0,24.6,0,,Active
CUST-03617,2024-02-01,2024-02-01,Organic Search,Canada,Basic,Monthly,29.0,5,4.6,1,2024-03-21,Price too high
CUST-03618,2024-12-05,2024-12-01,Organic Search,India,Pro,Annual,79.0,1,25.0,0,,Active
CUST-03619,2024-01-24,2024-01-01,LinkedIn Referral,United States,Basic,Monthly,29.0,6,17.0,1,2024-06-29,Customer support delays
CUST-03620,2024-09-21,2024-09-01,Google Ads,United States,Enterprise,Monthly,199.0,2,12.6,1,2024-11-30,Switched to competitor
CUST-03621,2024-04-04,2024-04-01,Organic Search,India,Basic,Monthly,29.0,6,6.2,1,2024-12-24,Missing key features
CUST-03622,2024-09-30,2024-09-01,Direct,India,Basic,Annual,29.0,2,23.1,0,,Active
CUST-03623,2024-01-03,2024-01-01,Affiliate Partner,United States,Pro,Monthly,79.0,1,21.4,0,,Active
CUST-03624,2024-12-21,2024-12-01,Google Ads,United Kingdom,Basic,Annual,29.0,2,20.9,0,,Active
CUST-03625,2024-12-02,2024-12-01,Organic Search,United States,Pro,Monthly,79.0,3,25.0,0,,Active
CUST-03626,2024-10-02,2024-10-01,Google Ads,United Kingdom,Enterprise,Monthly,199.0,0,26.2,0,,Active
CUST-03627,2024-04-08,2024-04-01,Affiliate Partner,India,Pro,Annual,79.0,6,13.9,1,2024-06-04,Price too high
CUST-03628,2024-02-07,2024-02-01,Google Ads,India,Basic,Monthly,29.0,4,3.7,1,2024-04-19,Switched to competitor
CUST-03629,2024-10-05,2024-10-01,Google Ads,Germany,Basic,Annual,29.0,1,21.0,0,,Active
CUST-03630,2024-06-13,2024-06-01,Organic Search,United Kingdom,Pro,Monthly,79.0,1,23.1,0,,Active
CUST-03631,2024-02-29,2024-02-01,Google Ads,United States,Enterprise,Monthly,199.0,2,10.3,1,2024-08-05,Poor onboarding / low usage
CUST-03632,2024-01-07,2024-01-01,Google Ads,India,Enterprise,Monthly,199.0,2,18.3,0,,Active
CUST-03633,2024-12-14,2024-12-01,Direct,United States,Pro,Monthly,79.0,1,24.0,0,,Active
CUST-03634,2024-07-14,2024-07-01,Google Ads,Germany,Pro,Annual,79.0,4,22.1,0,,Active
CUST-03635,2024-10-05,2024-10-01,Organic Search,Canada,Pro,Annual,79.0,0,26.1,0,,Active
CUST-03636,2024-12-21,2024-12-01,Google Ads,United States,Basic,Annual,29.0,4,27.4,0,,Active
CUST-03637,2024-12-03,2024-12-01,Google Ads,United States,Enterprise,Monthly,199.0,0,24.8,0,,Active
CUST-03638,2024-10-03,2024-10-01,LinkedIn Referral,Canada,Pro,Annual,79.0,4,12.2,1,2024-10-16,Switched to competitor
CUST-03639,2024-06-13,2024-06-01,Organic Search,United States,Basic,Monthly,29.0,2,8.4,1,2024-08-25,Customer support delays
CUST-03640,2024-05-24,2024-05-01,Direct,India,Basic,Monthly,29.0,3,3.6,1,2024-12-27,Missing key features
CUST-03641,2024-11-05,2024-11-01,Direct,United States,Basic,Annual,29.0,1,26.2,0,,Active
CUST-03642,2024-01-11,2024-01-01,Google Ads,United States,Basic,Annual,29.0,4,2.4,1,2024-04-05,Price too high
CUST-03643,2024-08-09,2024-08-01,LinkedIn Referral,United States,Pro,Annual,79.0,0,30.6,0,,Active
CUST-03644,2024-01-22,2024-01-01,Google Ads,United States,Enterprise,Monthly,199.0,2,31.2,0,,Active
CUST-03645,2024-04-12,2024-04-01,Google Ads,Germany,Pro,Monthly,79.0,3,23.2,0,,Active
CUST-03646,2024-07-23,2024-07-01,Affiliate Partner,United States,Basic,Monthly,29.0,5,11.1,1,2024-10-12,Price too high
CUST-03647,2024-07-25,2024-07-01,LinkedIn Referral,Germany,Pro,Monthly,79.0,4,6.8,1,2024-08-09,Price too high
CUST-03648,2024-12-16,2024-12-01,Google Ads,United States,Basic,Monthly,29.0,1,28.5,0,,Active
CUST-03649,2024-03-22,2024-03-01,Direct,Canada,Enterprise,Annual,199.0,1,7.0,1,2024-08-05,Missing key features
CUST-03650,2024-05-19,2024-05-01,Organic Search,Canada,Basic,Monthly,29.0,1,21.8,0,,Active
CUST-03651,2024-03-11,2024-03-01,Direct,United Kingdom,Basic,Annual,29.0,6,11.5,1,2024-06-04,Missing key features
CUST-03652,2024-02-02,2024-02-01,Organic Search,Canada,Pro,Monthly,79.0,2,26.2,0,,Active
CUST-03653,2024-07-27,2024-07-01,Affiliate Partner,United Kingdom,Pro,Monthly,79.0,6,7.5,1,2024-12-02,Switched to competitor
CUST-03654,2024-01-07,2024-01-01,Affiliate Partner,United States,Basic,Monthly,29.0,4,7.6,1,2024-05-22,Missing key features
CUST-03655,2024-10-11,2024-10-01,Google Ads,United States,Pro,Monthly,79.0,2,5.8,1,2024-11-23,Poor onboarding / low usage
CUST-03656,2024-09-21,2024-09-01,Organic Search,United States,Enterprise,Monthly,199.0,0,26.7,0,,Active
CUST-03657,2024-01-22,2024-01-01,Google Ads,United States,Basic,Monthly,29.0,3,5.4,1,2024-06-07,Poor onboarding / low usage
CUST-03658,2024-11-24,2024-11-01,Organic Search,Canada,Basic,Monthly,29.0,7,6.6,1,2024-12-15,Price too high
CUST-03659,2024-08-07,2024-08-01,Organic Search,United States,Basic,Monthly,29.0,4,9.5,1,2024-09-24,Switched to competitor
CUST-03660,2024-10-27,2024-10-01,LinkedIn Referral,United States,Basic,Monthly,29.0,2,23.6,0,,Active
CUST-03661,2024-10-30,2024-10-01,Affiliate Partner,United States,Pro,Annual,79.0,2,25.7,0,,Active
CUST-03662,2024-05-01,2024-05-01,Google Ads,United States,Basic,Monthly,29.0,1,7.6,1,2024-07-20,Missing key features
CUST-03663,2024-05-14,2024-05-01,Organic Search,United Kingdom,Pro,Monthly,79.0,1,23.5,0,,Active
CUST-03664,2024-02-27,2024-02-01,Google Ads,Germany,Basic,Monthly,29.0,6,8.8,1,2024-06-16,Switched to competitor
CUST-03665,2024-09-30,2024-09-01,Organic Search,United Kingdom,Basic,Annual,29.0,0,25.4,0,,Active
CUST-03666,2024-09-09,2024-09-01,Affiliate Partner,United States,Enterprise,Monthly,199.0,2,28.3,0,,Active
CUST-03667,2024-11-18,2024-11-01,LinkedIn Referral,United States,Pro,Monthly,79.0,2,34.0,0,,Active
CUST-03668,2024-06-12,2024-06-01,Google Ads,Canada,Pro,Monthly,79.0,0,25.8,0,,Active
CUST-03669,2024-10-12,2024-10-01,Organic Search,United States,Basic,Monthly,29.0,7,7.4,1,2024-10-30,Missing key features
CUST-03670,2024-03-02,2024-03-01,LinkedIn Referral,India,Basic,Monthly,29.0,2,19.7,0,,Active
CUST-03671,2024-03-26,2024-03-01,Google Ads,Canada,Basic,Monthly,29.0,3,11.5,1,2024-06-10,Price too high
CUST-03672,2024-11-11,2024-11-01,Google Ads,United States,Enterprise,Monthly,199.0,0,23.6,0,,Active
CUST-03673,2024-07-27,2024-07-01,Google Ads,India,Pro,Monthly,79.0,3,22.7,0,,Active
CUST-03674,2024-10-04,2024-10-01,Organic Search,United States,Pro,Monthly,79.0,3,26.2,0,,Active
CUST-03675,2024-11-23,2024-11-01,Google Ads,United States,Basic,Monthly,29.0,3,19.8,0,,Active
CUST-03676,2024-07-26,2024-07-01,Direct,United States,Pro,Annual,79.0,3,14.0,1,2024-08-02,Customer support delays
CUST-03677,2024-06-29,2024-06-01,LinkedIn Referral,Canada,Basic,Monthly,29.0,4,4.2,1,2024-08-15,Poor onboarding / low usage
CUST-03678,2024-07-05,2024-07-01,Google Ads,Germany,Pro,Annual,79.0,7,9.1,1,2024-07-17,Price too high
CUST-03679,2024-04-11,2024-04-01,Organic Search,United Kingdom,Basic,Annual,29.0,2,3.3,1,2024-05-19,Price too high
CUST-03680,2024-12-13,2024-12-01,Affiliate Partner,India,Enterprise,Annual,199.0,1,24.8,0,,Active
CUST-03681,2024-02-16,2024-02-01,Google Ads,United Kingdom,Pro,Annual,79.0,2,10.9,1,2024-06-02,Price too high
CUST-03682,2024-08-13,2024-08-01,LinkedIn Referral,United States,Enterprise,Monthly,199.0,1,31.5,0,,Active
CUST-03683,2024-10-29,2024-10-01,Google Ads,United States,Basic,Monthly,29.0,3,25.9,0,,Active
CUST-03684,2024-12-29,2024-12-01,Organic Search,Germany,Basic,Monthly,29.0,0,25.1,0,,Active
CUST-03685,2024-05-15,2024-05-01,Affiliate Partner,United States,Basic,Annual,29.0,5,6.5,1,2024-08-09,Switched to competitor
CUST-03686,2024-06-12,2024-06-01,LinkedIn Referral,United States,Basic,Monthly,29.0,4,2.3,1,2024-10-04,Price too high
CUST-03687,2024-08-23,2024-08-01,Google Ads,United States,Basic,Monthly,29.0,3,15.2,1,2024-09-16,Missing key features
CUST-03688,2024-02-10,2024-02-01,Google Ads,Germany,Enterprise,Monthly,199.0,2,24.2,0,,Active
CUST-03689,2024-03-04,2024-03-01,Organic Search,United States,Pro,Monthly,79.0,3,10.5,1,2024-11-21,Missing key features
CUST-03690,2024-08-27,2024-08-01,Google Ads,United Kingdom,Basic,Monthly,29.0,8,5.1,1,2024-09-02,Switched to competitor
CUST-03691,2024-05-04,2024-05-01,Google Ads,United Kingdom,Basic,Monthly,29.0,4,3.3,1,2024-09-10,Missing key features
CUST-03692,2024-05-05,2024-05-01,Affiliate Partner,United States,Basic,Monthly,29.0,2,15.2,1,2024-07-10,Switched to competitor
CUST-03693,2024-03-24,2024-03-01,Google Ads,United States,Pro,Annual,79.0,2,6.9,1,2024-04-05,Price too high
CUST-03694,2024-08-09,2024-08-01,Google Ads,United States,Pro,Annual,79.0,4,20.5,0,,Active
CUST-03695,2024-12-23,2024-12-01,Google Ads,Germany,Basic,Monthly,29.0,2,28.4,0,,Active
CUST-03696,2024-12-15,2024-12-01,Google Ads,United Kingdom,Basic,Annual,29.0,1,21.7,0,,Active
CUST-03697,2024-10-16,2024-10-01,Google Ads,United States,Pro,Monthly,79.0,1,31.6,0,,Active
CUST-03698,2024-04-05,2024-04-01,Organic Search,United States,Basic,Monthly,29.0,2,18.3,0,,Active
CUST-03699,2024-10-30,2024-10-01,Google Ads,United States,Pro,Monthly,79.0,4,26.7,0,,Active
CUST-03700,2024-05-01,2024-05-01,LinkedIn Referral,United States,Basic,Monthly,29.0,4,27.5,0,,Active
CUST-03701,2024-01-12,2024-01-01,LinkedIn Referral,Germany,Pro,Annual,79.0,1,27.4,0,,Active
CUST-03702,2024-11-05,2024-11-01,Google Ads,India,Basic,Annual,29.0,0,26.0,0,,Active
CUST-03703,2024-11-07,2024-11-01,LinkedIn Referral,Germany,Basic,Monthly,29.0,6,2.7,1,2024-11-29,Customer support delays
CUST-03704,2024-09-04,2024-09-01,Organic Search,India,Basic,Annual,29.0,5,4.3,1,2024-11-30,Switched to competitor
CUST-03705,2024-05-17,2024-05-01,Google Ads,United States,Basic,Monthly,29.0,4,14.2,1,2024-06-29,Switched to competitor
CUST-03706,2024-01-30,2024-01-01,Google Ads,United States,Basic,Annual,29.0,3,5.4,1,2024-10-23,Missing key features
CUST-03707,2024-07-20,2024-07-01,Organic Search,United Kingdom,Pro,Monthly,79.0,0,21.0,0,,Active
CUST-03708,2024-11-16,2024-11-01,Organic Search,United Kingdom,Pro,Monthly,79.0,1,20.2,0,,Active
CUST-03709,2024-03-06,2024-03-01,Affiliate Partner,United States,Basic,Monthly,29.0,8,6.1,1,2024-10-15,Customer support delays
CUST-03710,2024-07-24,2024-07-01,Affiliate Partner,India,Basic,Monthly,29.0,3,12.3,1,2024-10-18,Price too high
CUST-03711,2024-08-14,2024-08-01,Affiliate Partner,United Kingdom,Enterprise,Annual,199.0,4,5.5,1,2024-09-01,Poor onboarding / low usage
CUST-03712,2024-07-04,2024-07-01,Google Ads,India,Pro,Annual,79.0,2,10.1,1,2024-07-17,Price too high
CUST-03713,2024-01-18,2024-01-01,Google Ads,United States,Basic,Monthly,29.0,3,10.2,1,2024-08-31,Switched to competitor
CUST-03714,2024-12-28,2024-12-01,Direct,United Kingdom,Basic,Monthly,29.0,4,24.4,0,,Active
CUST-03715,2024-01-28,2024-01-01,Affiliate Partner,Canada,Basic,Monthly,29.0,4,11.3,1,2024-02-13,Poor onboarding / low usage
CUST-03716,2024-05-18,2024-05-01,Organic Search,Germany,Basic,Monthly,29.0,4,8.2,1,2024-06-08,Customer support delays
CUST-03717,2024-08-10,2024-08-01,Organic Search,United States,Basic,Monthly,29.0,2,23.1,0,,Active
CUST-03718,2024-07-09,2024-07-01,LinkedIn Referral,Germany,Basic,Monthly,29.0,5,11.1,1,2024-08-22,Switched to competitor
CUST-03719,2024-03-22,2024-03-01,Direct,Germany,Pro,Monthly,79.0,6,10.1,1,2024-03-24,Switched to competitor
CUST-03720,2024-05-05,2024-05-01,Organic Search,India,Pro,Monthly,79.0,3,22.6,0,,Active
CUST-03721,2024-05-14,2024-05-01,Google Ads,India,Basic,Monthly,29.0,4,3.2,1,2024-12-17,Switched to competitor
CUST-03722,2024-10-27,2024-10-01,LinkedIn Referral,United States,Basic,Annual,29.0,1,16.7,0,,Active
CUST-03723,2024-10-21,2024-10-01,Organic Search,United States,Basic,Monthly,29.0,0,23.1,0,,Active
CUST-03724,2024-11-02,2024-11-01,LinkedIn Referral,United Kingdom,Basic,Annual,29.0,3,19.2,0,,Active
CUST-03725,2024-12-27,2024-12-01,Google Ads,India,Basic,Monthly,29.0,2,23.8,0,,Active
CUST-03726,2024-01-18,2024-01-01,Direct,India,Pro,Monthly,79.0,0,20.9,0,,Active
CUST-03727,2024-03-08,2024-03-01,Google Ads,United States,Basic,Monthly,29.0,2,5.5,1,2024-07-12,Switched to competitor
CUST-03728,2024-10-07,2024-10-01,Organic Search,Germany,Basic,Monthly,29.0,1,26.5,0,,Active
CUST-03729,2024-11-29,2024-11-01,Organic Search,Germany,Basic,Monthly,29.0,6,5.5,1,2024-12-27,Customer support delays
CUST-03730,2024-02-23,2024-02-01,Direct,United States,Enterprise,Monthly,199.0,5,6.6,1,2024-07-15,Price too high
CUST-03731,2024-02-07,2024-02-01,LinkedIn Referral,Germany,Basic,Monthly,29.0,1,28.1,0,,Active
CUST-03732,2024-06-02,2024-06-01,Google Ads,United States,Pro,Monthly,79.0,2,28.3,0,,Active
CUST-03733,2024-02-02,2024-02-01,Google Ads,Germany,Basic,Annual,29.0,3,7.4,1,2024-10-21,Switched to competitor
CUST-03734,2024-10-06,2024-10-01,Organic Search,United States,Basic,Monthly,29.0,1,14.2,0,,Active
CUST-03735,2024-01-26,2024-01-01,Google Ads,United States,Basic,Monthly,29.0,2,13.0,1,2024-03-20,Customer support delays
CUST-03736,2024-04-12,2024-04-01,Google Ads,United States,Basic,Monthly,29.0,1,23.0,0,,Active
CUST-03737,2024-07-19,2024-07-01,Organic Search,Germany,Basic,Monthly,29.0,2,1.8,1,2024-08-10,Switched to competitor
CUST-03738,2024-06-15,2024-06-01,Affiliate Partner,United States,Basic,Monthly,29.0,2,24.7,0,,Active
CUST-03739,2024-05-03,2024-05-01,Google Ads,United Kingdom,Basic,Monthly,29.0,1,10.2,1,2024-11-17,Missing key features
CUST-03740,2024-01-31,2024-01-01,Affiliate Partner,United States,Pro,Monthly,79.0,7,14.2,1,2024-04-13,Price too high
CUST-03741,2024-03-08,2024-03-01,LinkedIn Referral,United Kingdom,Basic,Annual,29.0,3,10.4,1,2024-03-22,Price too high
CUST-03742,2024-06-14,2024-06-01,Google Ads,United States,Basic,Monthly,29.0,0,20.5,0,,Active
CUST-03743,2024-09-24,2024-09-01,LinkedIn Referral,Germany,Basic,Monthly,29.0,0,23.1,0,,Active
CUST-03744,2024-09-09,2024-09-01,LinkedIn Referral,United States,Pro,Monthly,79.0,1,16.8,0,,Active
CUST-03745,2024-05-20,2024-05-01,Affiliate Partner,Germany,Enterprise,Monthly,199.0,2,16.4,1,2024-05-22,Customer support delays
CUST-03746,2024-07-16,2024-07-01,Google Ads,India,Pro,Annual,79.0,0,20.6,0,,Active
CUST-03747,2024-12-15,2024-12-01,LinkedIn Referral,United States,Pro,Monthly,79.0,3,1.0,1,2024-12-18,Price too high
CUST-03748,2024-07-31,2024-07-01,LinkedIn Referral,United States,Pro,Monthly,79.0,3,19.9,0,,Active
CUST-03749,2024-02-05,2024-02-01,Google Ads,United States,Basic,Annual,29.0,2,11.2,1,2024-12-26,Poor onboarding / low usage
CUST-03750,2024-04-29,2024-04-01,Google Ads,United States,Basic,Monthly,29.0,0,2.5,1,2024-12-15,Price too high
CUST-03751,2024-06-01,2024-06-01,Google Ads,United States,Pro,Monthly,79.0,2,21.7,0,,Active
CUST-03752,2024-06-19,2024-06-01,Google Ads,United States,Enterprise,Monthly,199.0,1,21.3,0,,Active
CUST-03753,2024-02-05,2024-02-01,Organic Search,United States,Pro,Annual,79.0,1,7.4,1,2024-04-30,Poor onboarding / low usage
CUST-03754,2024-08-09,2024-08-01,Google Ads,United States,Basic,Annual,29.0,0,22.9,0,,Active
CUST-03755,2024-10-21,2024-10-01,Google Ads,United Kingdom,Pro,Monthly,79.0,2,17.4,0,,Active
CUST-03756,2024-03-19,2024-03-01,Organic Search,United States,Basic,Annual,29.0,1,21.3,0,,Active
CUST-03757,2024-12-19,2024-12-01,Google Ads,United States,Basic,Annual,29.0,1,24.6,0,,Active
CUST-03758,2024-09-17,2024-09-01,Organic Search,India,Basic,Monthly,29.0,2,12.2,1,2024-10-28,Switched to competitor
CUST-03759,2024-09-12,2024-09-01,Organic Search,India,Pro,Annual,79.0,2,28.2,0,,Active
CUST-03760,2024-06-21,2024-06-01,Google Ads,United Kingdom,Basic,Monthly,29.0,4,9.5,1,2024-12-11,Missing key features
CUST-03761,2024-11-11,2024-11-01,Affiliate Partner,United Kingdom,Basic,Monthly,29.0,3,27.4,0,,Active
CUST-03762,2024-01-23,2024-01-01,LinkedIn Referral,United States,Pro,Monthly,79.0,0,22.8,0,,Active
CUST-03763,2024-04-26,2024-04-01,LinkedIn Referral,United States,Basic,Monthly,29.0,4,11.7,1,2024-05-20,Price too high
CUST-03764,2024-08-13,2024-08-01,Google Ads,United Kingdom,Basic,Monthly,29.0,0,17.1,0,,Active
CUST-03765,2024-02-28,2024-02-01,Google Ads,Canada,Enterprise,Monthly,199.0,2,20.3,0,,Active
CUST-03766,2024-11-06,2024-11-01,Organic Search,United Kingdom,Enterprise,Annual,199.0,3,20.0,0,,Active
CUST-03767,2024-07-21,2024-07-01,Google Ads,United Kingdom,Pro,Monthly,79.0,3,22.2,0,,Active
CUST-03768,2024-04-22,2024-04-01,Affiliate Partner,United States,Pro,Monthly,79.0,3,14.5,1,2024-07-12,Price too high
CUST-03769,2024-07-03,2024-07-01,Organic Search,United States,Enterprise,Monthly,199.0,1,26.0,0,,Active
CUST-03770,2024-05-29,2024-05-01,Organic Search,Canada,Basic,Monthly,29.0,3,29.7,0,,Active
CUST-03771,2024-12-02,2024-12-01,Google Ads,United States,Enterprise,Annual,199.0,1,22.8,0,,Active
CUST-03772,2024-12-14,2024-12-01,Organic Search,Germany,Enterprise,Monthly,199.0,3,21.0,0,,Active
CUST-03773,2024-02-17,2024-02-01,Google Ads,United States,Pro,Annual,79.0,2,26.3,0,,Active
CUST-03774,2024-06-08,2024-06-01,LinkedIn Referral,Canada,Pro,Monthly,79.0,0,26.0,0,,Active
CUST-03775,2024-03-14,2024-03-01,Organic Search,India,Basic,Monthly,29.0,1,23.3,0,,Active
CUST-03776,2024-01-19,2024-01-01,Google Ads,United States,Basic,Monthly,29.0,9,4.8,1,2024-10-03,Missing key features
CUST-03777,2024-05-23,2024-05-01,Google Ads,Germany,Basic,Monthly,29.0,7,5.4,1,2024-10-16,Switched to competitor
CUST-03778,2024-08-15,2024-08-01,Organic Search,India,Enterprise,Monthly,199.0,3,15.1,0,,Active
CUST-03779,2024-10-05,2024-10-01,Google Ads,United States,Pro,Monthly,79.0,0,24.6,0,,Active
CUST-03780,2024-04-17,2024-04-01,Direct,India,Pro,Annual,79.0,1,24.3,0,,Active
CUST-03781,2024-12-30,2024-12-01,Google Ads,Germany,Enterprise,Annual,199.0,3,21.8,0,,Active
CUST-03782,2024-03-26,2024-03-01,Affiliate Partner,United States,Basic,Monthly,29.0,3,11.6,1,2024-09-27,Price too high
CUST-03783,2024-01-09,2024-01-01,Affiliate Partner,India,Pro,Monthly,79.0,0,19.0,0,,Active
CUST-03784,2024-10-06,2024-10-01,Google Ads,United States,Basic,Monthly,29.0,2,5.1,1,2024-10-25,Missing key features
CUST-03785,2024-11-27,2024-11-01,Organic Search,United States,Pro,Monthly,79.0,1,20.2,0,,Active
CUST-03786,2024-07-17,2024-07-01,Google Ads,United States,Pro,Monthly,79.0,2,1.0,1,2024-10-10,Poor onboarding / low usage
CUST-03787,2024-03-09,2024-03-01,Organic Search,United States,Basic,Monthly,29.0,3,12.9,1,2024-05-05,Switched to competitor
CUST-03788,2024-09-07,2024-09-01,Direct,United States,Basic,Monthly,29.0,2,10.3,1,2024-09-20,Poor onboarding / low usage
CUST-03789,2024-07-17,2024-07-01,Google Ads,United Kingdom,Basic,Monthly,29.0,2,7.3,1,2024-12-03,Missing key features
CUST-03790,2024-03-08,2024-03-01,LinkedIn Referral,United States,Pro,Monthly,79.0,0,17.8,0,,Active
CUST-03791,2024-08-11,2024-08-01,LinkedIn Referral,United States,Pro,Monthly,79.0,4,11.0,1,2024-12-02,Price too high
CUST-03792,2024-06-10,2024-06-01,Organic Search,United States,Basic,Monthly,29.0,5,8.2,1,2024-06-26,Missing key features
CUST-03793,2024-06-16,2024-06-01,Organic Search,United Kingdom,Basic,Annual,29.0,2,33.1,0,,Active
CUST-03794,2024-06-30,2024-06-01,Affiliate Partner,India,Basic,Annual,29.0,2,8.9,1,2024-08-15,Price too high
CUST-03795,2024-08-14,2024-08-01,Google Ads,United States,Basic,Monthly,29.0,2,1.3,1,2024-09-19,Switched to competitor
CUST-03796,2024-12-02,2024-12-01,Google Ads,Canada,Basic,Monthly,29.0,0,19.1,0,,Active
CUST-03797,2024-04-21,2024-04-01,Affiliate Partner,United States,Enterprise,Monthly,199.0,0,35.6,0,,Active
CUST-03798,2024-09-25,2024-09-01,Google Ads,United States,Pro,Monthly,79.0,2,32.1,0,,Active
CUST-03799,2024-05-20,2024-05-01,Google Ads,United Kingdom,Basic,Monthly,29.0,2,3.8,1,2024-07-31,Switched to competitor
CUST-03800,2024-09-17,2024-09-01,LinkedIn Referral,Canada,Enterprise,Monthly,199.0,2,30.5,0,,Active
CUST-03801,2024-09-04,2024-09-01,Organic Search,United States,Basic,Annual,29.0,3,23.0,0,,Active
CUST-03802,2024-04-26,2024-04-01,Google Ads,United States,Pro,Monthly,79.0,0,26.9,0,,Active
CUST-03803,2024-09-30,2024-09-01,Direct,India,Pro,Annual,79.0,4,23.2,0,,Active
CUST-03804,2024-08-18,2024-08-01,Organic Search,Canada,Pro,Annual,79.0,2,20.9,0,,Active
CUST-03805,2024-06-03,2024-06-01,Google Ads,United States,Pro,Monthly,79.0,1,21.4,0,,Active
CUST-03806,2024-05-30,2024-05-01,Organic Search,United States,Pro,Monthly,79.0,7,10.8,1,2024-06-24,Switched to competitor
CUST-03807,2024-04-28,2024-04-01,Organic Search,United States,Basic,Monthly,29.0,6,4.6,1,2024-10-02,Price too high
CUST-03808,2024-03-09,2024-03-01,Affiliate Partner,Canada,Pro,Monthly,79.0,4,21.6,0,,Active
CUST-03809,2024-11-03,2024-11-01,Google Ads,United Kingdom,Basic,Annual,29.0,2,13.2,0,,Active
CUST-03810,2024-12-05,2024-12-01,LinkedIn Referral,United States,Enterprise,Monthly,199.0,3,24.3,0,,Active
CUST-03811,2024-02-23,2024-02-01,Affiliate Partner,United States,Basic,Monthly,29.0,6,9.5,1,2024-07-11,Missing key features
CUST-03812,2024-02-15,2024-02-01,Google Ads,United Kingdom,Pro,Monthly,79.0,2,24.5,0,,Active
CUST-03813,2024-10-08,2024-10-01,Organic Search,United Kingdom,Pro,Monthly,79.0,3,22.8,0,,Active
CUST-03814,2024-10-25,2024-10-01,LinkedIn Referral,Germany,Basic,Annual,29.0,2,27.4,0,,Active
CUST-03815,2024-04-16,2024-04-01,Organic Search,United States,Pro,Monthly,79.0,0,23.4,0,,Active
CUST-03816,2024-05-25,2024-05-01,LinkedIn Referral,Germany,Basic,Monthly,29.0,1,16.8,0,,Active
CUST-03817,2024-06-21,2024-06-01,Affiliate Partner,United States,Basic,Monthly,29.0,10,10.0,1,2024-06-27,Customer support delays
CUST-03818,2024-03-25,2024-03-01,Organic Search,United States,Enterprise,Monthly,199.0,0,25.8,0,,Active
CUST-03819,2024-05-20,2024-05-01,LinkedIn Referral,United States,Basic,Monthly,29.0,0,17.1,0,,Active
CUST-03820,2024-05-27,2024-05-01,Organic Search,United States,Pro,Monthly,79.0,6,12.9,1,2024-06-01,Switched to competitor
CUST-03821,2024-10-29,2024-10-01,Google Ads,United Kingdom,Basic,Monthly,29.0,3,33.8,0,,Active
CUST-03822,2024-05-27,2024-05-01,Google Ads,Canada,Basic,Monthly,29.0,2,4.1,1,2024-09-29,Poor onboarding / low usage
CUST-03823,2024-08-05,2024-08-01,LinkedIn Referral,United Kingdom,Pro,Monthly,79.0,1,25.7,0,,Active
CUST-03824,2024-11-26,2024-11-01,Direct,India,Basic,Monthly,29.0,2,23.9,0,,Active
CUST-03825,2024-04-05,2024-04-01,Google Ads,United Kingdom,Basic,Monthly,29.0,4,5.3,1,2024-04-12,Poor onboarding / low usage
CUST-03826,2024-07-31,2024-07-01,Google Ads,United States,Enterprise,Annual,199.0,1,24.4,0,,Active
CUST-03827,2024-02-09,2024-02-01,Google Ads,United States,Basic,Monthly,29.0,5,9.2,1,2024-02-20,Missing key features
CUST-03828,2024-07-20,2024-07-01,Google Ads,United Kingdom,Basic,Monthly,29.0,2,26.9,0,,Active
CUST-03829,2024-03-06,2024-03-01,LinkedIn Referral,United States,Basic,Monthly,29.0,4,9.6,1,2024-08-10,Switched to competitor
CUST-03830,2024-08-12,2024-08-01,Direct,United States,Enterprise,Monthly,199.0,1,21.1,0,,Active
CUST-03831,2024-01-09,2024-01-01,LinkedIn Referral,United Kingdom,Pro,Annual,79.0,2,1.9,1,2024-09-11,Switched to competitor
CUST-03832,2024-04-18,2024-04-01,Affiliate Partner,United Kingdom,Enterprise,Monthly,199.0,1,20.1,0,,Active
CUST-03833,2024-01-27,2024-01-01,Google Ads,United States,Basic,Monthly,29.0,2,5.6,1,2024-02-09,Price too high
CUST-03834,2024-05-06,2024-05-01,LinkedIn Referral,United Kingdom,Pro,Monthly,79.0,2,24.4,0,,Active
CUST-03835,2024-11-09,2024-11-01,Organic Search,United Kingdom,Basic,Annual,29.0,3,24.8,0,,Active
CUST-03836,2024-03-21,2024-03-01,Google Ads,United States,Pro,Monthly,79.0,2,8.3,1,2024-11-14,Poor onboarding / low usage
CUST-03837,2024-10-07,2024-10-01,Google Ads,India,Pro,Monthly,79.0,1,26.5,0,,Active
CUST-03838,2024-06-20,2024-06-01,LinkedIn Referral,United States,Enterprise,Monthly,199.0,2,27.7,0,,Active
CUST-03839,2024-12-15,2024-12-01,Affiliate Partner,Germany,Enterprise,Monthly,199.0,2,32.9,0,,Active
CUST-03840,2024-10-08,2024-10-01,Direct,United States,Basic,Monthly,29.0,1,20.6,0,,Active
CUST-03841,2024-10-01,2024-10-01,Organic Search,India,Pro,Monthly,79.0,5,9.6,1,2024-11-16,Poor onboarding / low usage
CUST-03842,2024-05-03,2024-05-01,Google Ads,Germany,Pro,Monthly,79.0,2,6.6,1,2024-06-14,Price too high
CUST-03843,2024-05-21,2024-05-01,LinkedIn Referral,United Kingdom,Pro,Monthly,79.0,3,9.5,1,2024-08-11,Poor onboarding / low usage
CUST-03844,2024-09-03,2024-09-01,Organic Search,Germany,Basic,Monthly,29.0,1,4.9,1,2024-11-05,Poor onboarding / low usage
CUST-03845,2024-02-28,2024-02-01,Google Ads,Canada,Basic,Monthly,29.0,8,13.6,1,2024-09-23,Poor onboarding / low usage
CUST-03846,2024-12-18,2024-12-01,Organic Search,United States,Basic,Monthly,29.0,3,10.8,1,2024-12-19,Price too high
CUST-03847,2024-10-25,2024-10-01,Affiliate Partner,United Kingdom,Basic,Annual,29.0,1,20.3,0,,Active
CUST-03848,2024-08-10,2024-08-01,Affiliate Partner,United Kingdom,Pro,Annual,79.0,1,6.7,1,2024-10-26,Price too high
CUST-03849,2024-07-10,2024-07-01,Google Ads,Germany,Pro,Monthly,79.0,4,4.8,1,2024-09-02,Price too high
CUST-03850,2024-12-22,2024-12-01,Direct,Germany,Pro,Monthly,79.0,1,23.9,0,,Active
CUST-03851,2024-05-04,2024-05-01,Google Ads,United Kingdom,Basic,Monthly,29.0,2,9.0,1,2024-05-11,Missing key features
CUST-03852,2024-10-25,2024-10-01,Affiliate Partner,Canada,Enterprise,Monthly,199.0,0,20.8,0,,Active
CUST-03853,2024-04-27,2024-04-01,Google Ads,United States,Pro,Monthly,79.0,2,24.7,0,,Active
CUST-03854,2024-11-10,2024-11-01,Direct,India,Basic,Monthly,29.0,0,28.1,0,,Active
CUST-03855,2024-06-12,2024-06-01,Affiliate Partner,United Kingdom,Enterprise,Monthly,199.0,3,19.6,0,,Active
CUST-03856,2024-03-14,2024-03-01,Google Ads,United States,Basic,Annual,29.0,1,9.6,1,2024-08-20,Switched to competitor
CUST-03857,2024-04-01,2024-04-01,Google Ads,United States,Basic,Monthly,29.0,2,12.1,1,2024-07-07,Missing key features
CUST-03858,2024-01-28,2024-01-01,Google Ads,United States,Basic,Annual,29.0,4,10.9,1,,
CUST-03859,2024-03-19,2024-03-01,LinkedIn Referral,United States,Enterprise,Monthly,199.0,4,8.9,1,2024-04-02,Price too high
CUST-03860,2024-09-02,2024-09-01,Google Ads,Germany,Pro,Annual,79.0,4,5.3,1,2024-09-13,Price too high
CUST-03861,2024-02-08,2024-02-01,Direct,United States,Pro,Monthly,79.0,1,8.6,1,2024-06-05,Price too high
CUST-03862,2024-07-24,2024-07-01,LinkedIn Referral,Germany,Pro,Monthly,79.0,0,24.2,0,,Active
CUST-03863,2024-05-22,2024-05-01,Direct,United Kingdom,Basic,Annual,29.0,3,8.0,1,2024-06-02,Switched to competitor
CUST-03864,2024-04-28,2024-04-01,Google Ads,United Kingdom,Pro,Annual,79.0,3,9.7,1,2024-11-16,Customer support delays
CUST-03865,2024-11-10,2024-11-01,Google Ads,United States,Pro,Monthly,79.0,1,23.0,0,,Active
CUST-03866,2024-02-28,2024-02-01,Google Ads,United Kingdom,Basic,Monthly,29.0,3,9.4,1,2024-07-05,Customer support delays
CUST-03867,2024-11-24,2024-11-01,Organic Search,United Kingdom,Basic,Annual,29.0,0,32.7,0,,Active
CUST-03868,2024-07-12,2024-07-01,Google Ads,India,Pro,Monthly,79.0,3,28.5,0,,Active
CUST-03869,2024-07-29,2024-07-01,Google Ads,United States,Basic,Annual,29.0,2,26.6,0,,Active
CUST-03870,2024-06-01,2024-06-01,Google Ads,United Kingdom,Enterprise,Annual,199.0,6,7.9,1,2024-08-09,Poor onboarding / low usage
CUST-03871,2024-10-25,2024-10-01,Organic Search,Germany,Basic,Monthly,29.0,2,26.0,0,,Active
CUST-03872,2024-01-28,2024-01-01,Organic Search,United States,Basic,Monthly,29.0,4,20.3,0,,Active
CUST-03873,2024-03-31,2024-03-01,Organic Search,United States,Pro,Monthly,79.0,2,26.3,0,,Active
CUST-03874,2024-10-15,2024-10-01,Google Ads,United States,Enterprise,Monthly,199.0,0,22.7,0,,Active
CUST-03875,2024-07-18,2024-07-01,Google Ads,United States,Pro,Annual,79.0,2,22.8,0,,Active
CUST-03876,2024-08-01,2024-08-01,Organic Search,United Kingdom,Enterprise,Monthly,199.0,1,25.3,0,,Active
CUST-03877,2024-10-24,2024-10-01,LinkedIn Referral,United States,Basic,Annual,29.0,1,28.1,0,,Active
CUST-03878,2024-05-18,2024-05-01,Google Ads,United States,Basic,Monthly,29.0,3,26.7,0,,Active
CUST-03879,2024-07-27,2024-07-01,Affiliate Partner,United Kingdom,Enterprise,Monthly,199.0,2,31.2,0,,Active
CUST-03880,2024-05-28,2024-05-01,Affiliate Partner,United Kingdom,Basic,Monthly,29.0,2,10.1,1,2024-12-10,Customer support delays
CUST-03881,2024-02-11,2024-02-01,Google Ads,United States,Pro,Monthly,79.0,0,22.3,0,,Active
CUST-03882,2024-10-07,2024-10-01,Google Ads,United States,Pro,Monthly,79.0,2,21.6,0,,Active
CUST-03883,2024-10-22,2024-10-01,Direct,United States,Basic,Monthly,29.0,4,13.5,1,2024-11-17,Switched to competitor
CUST-03884,2024-02-21,2024-02-01,Google Ads,United States,Pro,Annual,79.0,0,26.1,0,,Active
CUST-03885,2024-04-24,2024-04-01,Direct,United States,Enterprise,Monthly,199.0,2,8.4,1,,
CUST-03886,2024-04-16,2024-04-01,Google Ads,United Kingdom,Enterprise,Monthly,199.0,3,5.2,1,2024-09-17,Switched to competitor
CUST-03887,2024-05-20,2024-05-01,Affiliate Partner,India,Pro,Annual,79.0,2,23.6,0,,Active
CUST-03888,2024-10-20,2024-10-01,Google Ads,United States,Basic,Monthly,29.0,4,4.8,1,2024-11-23,Switched to competitor
CUST-03889,2024-05-26,2024-05-01,LinkedIn Referral,Canada,Basic,Monthly,29.0,0,24.6,0,,Active
CUST-03890,2024-10-23,2024-10-01,Affiliate Partner,United States,Basic,Monthly,29.0,0,17.5,0,,Active
CUST-03891,2024-12-25,2024-12-01,Direct,India,Basic,Monthly,29.0,1,27.6,0,,Active
CUST-03892,2024-07-26,2024-07-01,Organic Search,United States,Basic,Annual,29.0,0,25.2,0,,Active
CUST-03893,2024-10-28,2024-10-01,Organic Search,Germany,Pro,Monthly,79.0,1,20.9,0,,Active
CUST-03894,2024-10-20,2024-10-01,Affiliate Partner,United States,Basic,Monthly,29.0,6,4.8,1,,
CUST-03895,2024-02-26,2024-02-01,Organic Search,United Kingdom,Basic,Monthly,29.0,6,6.7,1,2024-08-08,Switched to competitor
CUST-03896,2024-08-19,2024-08-01,Google Ads,United Kingdom,Basic,Monthly,29.0,7,11.6,1,2024-10-10,Switched to competitor
CUST-03897,2024-10-08,2024-10-01,Google Ads,United States,Basic,Monthly,29.0,0,25.3,0,,Active
CUST-03898,2024-01-17,2024-01-01,Google Ads,United Kingdom,Pro,Monthly,79.0,2,13.6,1,2024-12-07,Switched to competitor
CUST-03899,2024-02-11,2024-02-01,Organic Search,United States,Pro,Monthly,79.0,1,28.1,0,,Active
CUST-03900,2024-05-24,2024-05-01,Affiliate Partner,Canada,Basic,Monthly,29.0,1,9.4,1,2024-06-12,Switched to competitor
CUST-03901,2024-10-06,2024-10-01,Organic Search,United States,Basic,Annual,29.0,1,25.4,0,,Active
CUST-03902,2024-02-06,2024-02-01,LinkedIn Referral,United States,Basic,Monthly,29.0,5,7.1,1,2024-05-15,Price too high
CUST-03903,2024-10-05,2024-10-01,Google Ads,Germany,Basic,Monthly,29.0,6,7.6,1,2024-10-18,Price too high
CUST-03904,2024-01-06,2024-01-01,Google Ads,India,Pro,Monthly,79.0,1,13.6,1,2024-05-06,Customer support delays
CUST-03905,2024-01-25,2024-01-01,Affiliate Partner,United States,Pro,Monthly,79.0,7,1.0,1,2024-06-10,Price too high
CUST-03906,2024-10-14,2024-10-01,Organic Search,United States,Basic,Monthly,29.0,0,27.6,0,,Active
CUST-03907,2024-03-01,2024-03-01,Direct,Germany,Basic,Monthly,29.0,3,7.4,1,2024-05-03,Missing key features
CUST-03908,2024-11-13,2024-11-01,LinkedIn Referral,United States,Pro,Monthly,79.0,3,25.9,0,,Active
CUST-03909,2024-03-14,2024-03-01,Google Ads,United States,Enterprise,Monthly,199.0,1,14.5,0,,Active
CUST-03910,2024-04-11,2024-04-01,Google Ads,Germany,Basic,Monthly,29.0,4,7.1,1,2024-04-13,Poor onboarding / low usage
CUST-03911,2024-12-22,2024-12-01,Google Ads,United Kingdom,Enterprise,Monthly,199.0,0,18.7,0,,Active
CUST-03912,2024-12-09,2024-12-01,LinkedIn Referral,United States,Basic,Monthly,29.0,7,9.5,1,,
CUST-03913,2024-10-29,2024-10-01,Google Ads,United States,Pro,Monthly,79.0,2,27.6,0,,Active
CUST-03914,2024-02-10,2024-02-01,Affiliate Partner,United States,Enterprise,Monthly,199.0,1,31.2,0,,Active
CUST-03915,2024-01-09,2024-01-01,LinkedIn Referral,United Kingdom,Basic,Monthly,29.0,1,34.5,0,,Active
CUST-03916,2024-11-19,2024-11-01,LinkedIn Referral,Canada,Basic,Monthly,29.0,4,24.6,0,,Active
CUST-03917,2024-09-05,2024-09-01,Affiliate Partner,Canada,Basic,Annual,29.0,1,10.9,1,2024-10-25,Poor onboarding / low usage
CUST-03918,2024-04-19,2024-04-01,LinkedIn Referral,United States,Pro,Monthly,79.0,3,21.8,0,,Active
CUST-03919,2024-02-10,2024-02-01,Direct,United States,Basic,Monthly,29.0,6,14.8,1,2024-03-02,Missing key features
CUST-03920,2024-09-12,2024-09-01,Organic Search,United States,Pro,Monthly,79.0,1,23.9,0,,Active
CUST-03921,2024-10-22,2024-10-01,Organic Search,United States,Basic,Monthly,29.0,1,18.5,0,,Active
CUST-03922,2024-03-01,2024-03-01,Organic Search,United States,Enterprise,Monthly,199.0,0,24.8,0,,Active
CUST-03923,2024-07-17,2024-07-01,LinkedIn Referral,Canada,Enterprise,Monthly,199.0,0,29.0,0,,Active
CUST-03924,2024-12-01,2024-12-01,Organic Search,United States,Basic,Monthly,29.0,1,26.3,0,,Active
CUST-03925,2024-06-08,2024-06-01,Google Ads,United States,Basic,Monthly,29.0,2,6.2,1,2024-07-29,Switched to competitor
CUST-03926,2024-07-05,2024-07-01,Google Ads,United States,Pro,Monthly,79.0,5,11.8,1,2024-09-26,Price too high
CUST-03927,2024-08-26,2024-08-01,Google Ads,Germany,Basic,Monthly,29.0,0,23.7,0,,Active
CUST-03928,2024-07-02,2024-07-01,Google Ads,United States,Basic,Monthly,29.0,3,24.9,0,,Active
CUST-03929,2024-01-16,2024-01-01,Google Ads,United Kingdom,Enterprise,Monthly,199.0,1,22.9,0,,Active
CUST-03930,2024-04-04,2024-04-01,LinkedIn Referral,United States,Enterprise,Annual,199.0,2,20.5,0,,Active
CUST-03931,2024-01-05,2024-01-01,Direct,United States,Enterprise,Monthly,199.0,1,16.5,1,2024-08-29,Switched to competitor
CUST-03932,2024-07-12,2024-07-01,LinkedIn Referral,United States,Pro,Monthly,79.0,8,17.9,1,2024-12-02,Missing key features
CUST-03933,2024-09-19,2024-09-01,Google Ads,Germany,Basic,Monthly,29.0,2,11.8,1,,
CUST-03934,2024-07-29,2024-07-01,Organic Search,India,Enterprise,Monthly,199.0,1,22.5,0,,Active
CUST-03935,2024-03-10,2024-03-01,LinkedIn Referral,United States,Pro,Annual,79.0,4,3.5,1,2024-04-23,Price too high
CUST-03936,2024-03-27,2024-03-01,Google Ads,India,Basic,Annual,29.0,4,3.9,1,2024-06-23,Missing key features
CUST-03937,2024-12-03,2024-12-01,Direct,United States,Pro,Monthly,79.0,1,17.7,0,,Active
CUST-03938,2024-04-27,2024-04-01,Google Ads,United States,Pro,Monthly,79.0,7,8.6,1,2024-09-03,Price too high
CUST-03939,2024-08-29,2024-08-01,LinkedIn Referral,United States,Pro,Annual,79.0,3,26.8,0,,Active
CUST-03940,2024-06-01,2024-06-01,Organic Search,United States,Pro,Monthly,79.0,4,8.3,1,2024-06-10,Missing key features
CUST-03941,2024-02-17,2024-02-01,Google Ads,United States,Basic,Monthly,29.0,2,9.6,1,2024-03-13,Poor onboarding / low usage
CUST-03942,2024-10-10,2024-10-01,LinkedIn Referral,India,Basic,Monthly,29.0,5,7.8,1,2024-12-21,Price too high
CUST-03943,2024-02-22,2024-02-01,Organic Search,Canada,Basic,Monthly,29.0,4,9.2,1,2024-06-19,Switched to competitor
CUST-03944,2024-06-09,2024-06-01,Organic Search,United States,Pro,Monthly,79.0,1,27.2,0,,Active
CUST-03945,2024-01-04,2024-01-01,Direct,United States,Basic,Annual,29.0,3,4.4,1,2024-03-27,Missing key features
CUST-03946,2024-12-06,2024-12-01,Direct,India,Basic,Annual,29.0,0,26.7,0,,Active
CUST-03947,2024-09-07,2024-09-01,Organic Search,Canada,Enterprise,Monthly,199.0,0,24.8,0,,Active
CUST-03948,2024-01-15,2024-01-01,Organic Search,United States,Basic,Annual,29.0,4,2.3,1,2024-04-24,Switched to competitor
CUST-03949,2024-02-22,2024-02-01,Organic Search,United Kingdom,Pro,Monthly,79.0,1,18.6,0,,Active
CUST-03950,2024-12-01,2024-12-01,Direct,India,Enterprise,Monthly,199.0,0,24.1,0,,Active
CUST-03951,2024-08-28,2024-08-01,Organic Search,India,Basic,Monthly,29.0,1,24.9,0,,Active
CUST-03952,2024-01-19,2024-01-01,LinkedIn Referral,United States,Pro,Monthly,79.0,4,24.4,0,,Active
CUST-03953,2024-04-26,2024-04-01,Organic Search,Germany,Pro,Monthly,79.0,4,31.6,0,,Active
CUST-03954,2024-05-02,2024-05-01,Organic Search,India,Basic,Monthly,29.0,1,17.0,0,,Active
CUST-03955,2024-07-09,2024-07-01,Google Ads,United States,Pro,Monthly,79.0,1,22.9,0,,Active
CUST-03956,2024-01-01,2024-01-01,Google Ads,United Kingdom,Basic,Monthly,29.0,5,10.9,1,2024-09-30,Switched to competitor
CUST-03957,2024-01-25,2024-01-01,Organic Search,United Kingdom,Pro,Annual,79.0,1,9.6,1,2024-08-05,Missing key features
CUST-03958,2024-06-11,2024-06-01,Affiliate Partner,Germany,Basic,Annual,29.0,1,27.0,0,,Active
CUST-03959,2024-01-30,2024-01-01,Google Ads,United Kingdom,Pro,Monthly,79.0,5,12.6,1,2024-04-08,Price too high
CUST-03960,2024-04-09,2024-04-01,Organic Search,United States,Basic,Monthly,29.0,6,29.6,0,,Active
CUST-03961,2024-04-02,2024-04-01,LinkedIn Referral,United Kingdom,Pro,Monthly,79.0,4,9.8,1,2024-06-11,Missing key features
CUST-03962,2024-12-11,2024-12-01,Organic Search,Germany,Enterprise,Monthly,199.0,3,31.5,0,,Active
CUST-03963,2024-03-13,2024-03-01,Google Ads,United States,Enterprise,Monthly,199.0,0,8.8,1,2024-06-13,Switched to competitor
CUST-03964,2024-05-20,2024-05-01,Organic Search,United Kingdom,Basic,Monthly,29.0,2,6.7,1,2024-06-12,Poor onboarding / low usage
CUST-03965,2024-03-05,2024-03-01,Google Ads,United Kingdom,Enterprise,Monthly,199.0,2,24.9,0,,Active
CUST-03966,2024-01-15,2024-01-01,Google Ads,Germany,Enterprise,Monthly,199.0,1,24.3,0,,Active
CUST-03967,2024-12-11,2024-12-01,Google Ads,United States,Pro,Monthly,79.0,2,20.0,0,,Active
CUST-03968,2024-07-02,2024-07-01,Google Ads,United States,Basic,Annual,29.0,4,3.0,1,2024-09-21,Customer support delays
CUST-03969,2024-10-02,2024-10-01,Direct,Germany,Enterprise,Monthly,199.0,1,24.5,0,,Active
CUST-03970,2024-01-24,2024-01-01,Organic Search,United States,Pro,Monthly,79.0,1,22.7,0,,Active
CUST-03971,2024-03-08,2024-03-01,Organic Search,United States,Basic,Monthly,29.0,2,11.2,1,2024-03-11,Switched to competitor
CUST-03972,2024-07-27,2024-07-01,LinkedIn Referral,Germany,Basic,Monthly,29.0,1,18.8,0,,Active
CUST-03973,2024-07-26,2024-07-01,Google Ads,Germany,Basic,Monthly,29.0,1,23.8,0,,Active
CUST-03974,2024-06-30,2024-06-01,Organic Search,United States,Basic,Monthly,29.0,6,11.8,1,2024-09-06,Switched to competitor
CUST-03975,2024-10-27,2024-10-01,LinkedIn Referral,United States,Basic,Annual,29.0,2,8.3,1,2024-12-14,Price too high
CUST-03976,2024-07-02,2024-07-01,Google Ads,United Kingdom,Basic,Annual,29.0,5,1.5,1,2024-07-07,Switched to competitor
CUST-03977,2024-01-24,2024-01-01,Organic Search,United States,Basic,Monthly,29.0,5,5.9,1,2024-04-12,Price too high
CUST-03978,2024-05-02,2024-05-01,Organic Search,United States,Basic,Monthly,29.0,1,5.0,1,2024-11-19,Customer support delays
CUST-03979,2024-01-12,2024-01-01,Direct,Germany,Basic,Monthly,29.0,0,11.2,1,2024-04-16,Customer support delays
CUST-03980,2024-04-04,2024-04-01,Google Ads,Germany,Enterprise,Monthly,199.0,2,25.9,0,,Active
CUST-03981,2024-08-18,2024-08-01,LinkedIn Referral,United Kingdom,Basic,Monthly,29.0,0,19.5,0,,Active
CUST-03982,2024-06-25,2024-06-01,Affiliate Partner,Germany,Pro,Monthly,79.0,1,23.3,0,,Active
CUST-03983,2024-09-30,2024-09-01,LinkedIn Referral,Germany,Basic,Monthly,29.0,2,25.4,0,,Active
CUST-03984,2024-05-27,2024-05-01,Organic Search,United Kingdom,Basic,Monthly,29.0,0,37.2,0,,Active
CUST-03985,2024-02-23,2024-02-01,Google Ads,United States,Basic,Monthly,29.0,5,4.4,1,2024-08-27,Missing key features
CUST-03986,2024-12-03,2024-12-01,Organic Search,Canada,Basic,Annual,29.0,1,29.7,0,,Active
CUST-03987,2024-08-02,2024-08-01,Organic Search,Germany,Basic,Monthly,29.0,2,10.9,1,2024-08-03,Poor onboarding / low usage
CUST-03988,2024-10-21,2024-10-01,Organic Search,United Kingdom,Basic,Monthly,29.0,5,9.4,1,2024-12-13,Switched to competitor
CUST-03989,2024-11-27,2024-11-01,Google Ads,United States,Basic,Monthly,29.0,2,18.8,0,,Active
CUST-03990,2024-07-27,2024-07-01,Google Ads,Canada,Basic,Annual,29.0,1,19.9,0,,Active
CUST-03991,2024-07-19,2024-07-01,Google Ads,India,Basic,Annual,29.0,2,10.8,1,2024-11-07,Switched to competitor
CUST-03992,2024-09-01,2024-09-01,Google Ads,United States,Basic,Monthly,29.0,3,13.9,0,,Active
CUST-03993,2024-12-16,2024-12-01,Google Ads,United States,Pro,Annual,79.0,0,26.2,0,,Active
CUST-03994,2024-10-03,2024-10-01,Google Ads,United Kingdom,Pro,Monthly,79.0,1,26.9,0,,Active
CUST-03995,2024-07-12,2024-07-01,Google Ads,Canada,Enterprise,Monthly,199.0,0,20.8,0,,Active
CUST-03996,2024-02-12,2024-02-01,Google Ads,United States,Pro,Monthly,79.0,0,11.7,1,2024-03-11,Missing key features
CUST-03997,2024-03-18,2024-03-01,Affiliate Partner,Canada,Pro,Monthly,79.0,4,3.7,1,2024-06-10,Price too high
CUST-03998,2024-05-05,2024-05-01,Direct,United States,Basic,Annual,29.0,2,17.6,0,,Active
CUST-03999,2024-12-23,2024-12-01,Direct,United States,Enterprise,Monthly,199.0,1,18.2,0,,Active
CUST-04000,2024-03-14,2024-03-01,Direct,United States,Pro,Monthly,79.0,3,22.8,0,,Active
CUST-04001,2024-02-22,2024-02-01,Google Ads,United States,Pro,Monthly,79.0,3,9.3,1,2024-08-01,Poor onboarding / low usage
CUST-04002,2024-04-17,2024-04-01,Google Ads,Germany,Pro,Annual,79.0,5,6.2,1,2024-09-27,Poor onboarding / low usage
CUST-04003,2024-06-29,2024-06-01,Organic Search,United States,Basic,Monthly,29.0,2,28.2,0,,Active
CUST-04004,2024-07-07,2024-07-01,LinkedIn Referral,United Kingdom,Basic,Annual,29.0,5,9.4,1,2024-07-12,Switched to competitor
CUST-04005,2024-09-06,2024-09-01,Google Ads,United States,Basic,Monthly,29.0,1,28.3,0,,Active
CUST-04006,2024-05-07,2024-05-01,LinkedIn Referral,Canada,Basic,Monthly,29.0,1,24.2,0,,Active
CUST-04007,2024-08-13,2024-08-01,Organic Search,United States,Basic,Monthly,29.0,3,2.4,1,2024-10-21,Poor onboarding / low usage
CUST-04008,2024-10-22,2024-10-01,Direct,Germany,Basic,Monthly,29.0,3,10.0,1,2024-12-31,Poor onboarding / low usage
CUST-04009,2024-07-27,2024-07-01,LinkedIn Referral,United Kingdom,Basic,Monthly,29.0,2,21.4,0,,Active
CUST-04010,2024-07-15,2024-07-01,Google Ads,Germany,Pro,Monthly,79.0,2,10.5,1,2024-10-10,Price too high
CUST-04011,2024-12-10,2024-12-01,Google Ads,United States,Basic,Annual,29.0,3,5.9,1,2024-12-24,Price too high
CUST-04012,2024-03-05,2024-03-01,Affiliate Partner,Germany,Basic,Monthly,29.0,1,19.6,0,,Active
CUST-04013,2024-12-16,2024-12-01,Affiliate Partner,Canada,Pro,Monthly,79.0,2,21.2,0,,Active
CUST-04014,2024-03-11,2024-03-01,Google Ads,United States,Pro,Annual,79.0,2,20.9,0,,Active
CUST-04015,2024-10-08,2024-10-01,Organic Search,United Kingdom,Pro,Monthly,79.0,0,23.6,0,,Active
CUST-04016,2024-12-08,2024-12-01,Affiliate Partner,United States,Basic,Monthly,29.0,0,27.9,0,,Active
CUST-04017,2024-01-04,2024-01-01,Google Ads,India,Pro,Annual,79.0,4,9.8,1,2024-10-01,Price too high
CUST-04018,2024-04-14,2024-04-01,Google Ads,United States,Basic,Monthly,29.0,2,6.2,1,2024-06-23,Price too high
CUST-04019,2024-08-19,2024-08-01,Google Ads,United States,Enterprise,Monthly,199.0,3,29.2,0,,Active
CUST-04020,2024-04-08,2024-04-01,Affiliate Partner,India,Basic,Monthly,29.0,3,12.3,1,2024-06-09,Price too high
CUST-04021,2024-10-17,2024-10-01,Google Ads,United States,Enterprise,Monthly,199.0,1,23.4,0,,Active
CUST-04022,2024-07-21,2024-07-01,Google Ads,United Kingdom,Enterprise,Monthly,199.0,1,22.9,0,,Active
CUST-04023,2024-03-12,2024-03-01,Google Ads,United States,Pro,Monthly,79.0,3,5.1,1,2024-07-13,Price too high
CUST-04024,2024-03-11,2024-03-01,LinkedIn Referral,United States,Pro,Annual,79.0,3,12.1,1,2024-06-06,Switched to competitor
CUST-04025,2024-01-26,2024-01-01,LinkedIn Referral,United States,Basic,Monthly,29.0,1,26.7,0,,Active
CUST-04026,2024-08-19,2024-08-01,Google Ads,United States,Pro,Monthly,79.0,1,25.3,0,,Active
CUST-04027,2024-12-19,2024-12-01,Affiliate Partner,Canada,Pro,Annual,79.0,4,22.5,0,,Active
CUST-04028,2024-07-26,2024-07-01,Google Ads,United Kingdom,Basic,Monthly,29.0,5,10.3,1,2024-10-01,Customer support delays
CUST-04029,2024-07-14,2024-07-01,Organic Search,United Kingdom,Basic,Monthly,29.0,3,4.9,1,2024-07-25,Price too high
CUST-04030,2024-11-23,2024-11-01,Affiliate Partner,United States,Basic,Monthly,29.0,2,23.5,0,,Active
CUST-04031,2024-05-26,2024-05-01,LinkedIn Referral,United States,Basic,Monthly,29.0,2,6.8,1,2024-09-05,Price too high
CUST-04032,2024-08-02,2024-08-01,Organic Search,India,Enterprise,Monthly,199.0,1,18.4,0,,Active
CUST-04033,2024-11-14,2024-11-01,Google Ads,Canada,Basic,Monthly,29.0,0,31.5,0,,Active
CUST-04034,2024-10-15,2024-10-01,LinkedIn Referral,Germany,Pro,Monthly,79.0,2,19.7,0,,Active
CUST-04035,2024-01-01,2024-01-01,Affiliate Partner,Canada,Pro,Monthly,79.0,5,4.4,1,2024-01-12,Missing key features
CUST-04036,2024-05-29,2024-05-01,Google Ads,United States,Basic,Annual,29.0,6,12.5,1,2024-11-27,Switched to competitor
CUST-04037,2024-04-20,2024-04-01,LinkedIn Referral,United States,Basic,Annual,29.0,6,9.8,1,2024-11-18,Poor onboarding / low usage
CUST-04038,2024-05-19,2024-05-01,Google Ads,United States,Basic,Monthly,29.0,4,7.8,1,2024-09-23,Switched to competitor
CUST-04039,2024-06-18,2024-06-01,LinkedIn Referral,United States,Basic,Annual,29.0,3,2.8,1,2024-09-03,Missing key features
CUST-04040,2024-11-26,2024-11-01,LinkedIn Referral,Germany,Enterprise,Monthly,199.0,2,26.1,0,,Active
CUST-04041,2024-06-12,2024-06-01,Google Ads,India,Pro,Monthly,79.0,2,10.7,1,2024-07-14,Customer support delays
CUST-04042,2024-11-15,2024-11-01,Google Ads,Canada,Basic,Monthly,29.0,4,7.6,1,2024-12-28,Switched to competitor
CUST-04043,2024-09-21,2024-09-01,LinkedIn Referral,United States,Enterprise,Monthly,199.0,1,23.3,0,,Active
CUST-04044,2024-08-18,2024-08-01,Direct,United States,Basic,Monthly,29.0,2,5.7,1,2024-10-07,Missing key features
CUST-04045,2024-01-20,2024-01-01,LinkedIn Referral,United Kingdom,Pro,Monthly,79.0,2,22.2,0,,Active
CUST-04046,2024-07-18,2024-07-01,Google Ads,United Kingdom,Enterprise,Monthly,199.0,3,17.2,0,,Active
CUST-04047,2024-07-16,2024-07-01,LinkedIn Referral,Germany,Basic,Monthly,29.0,0,24.2,0,,Active
CUST-04048,2024-08-31,2024-08-01,Affiliate Partner,United States,Pro,Monthly,79.0,2,19.4,0,,Active
CUST-04049,2024-04-16,2024-04-01,Direct,India,Enterprise,Annual,199.0,1,19.9,0,,Active
CUST-04050,2024-05-02,2024-05-01,Google Ads,Germany,Basic,Monthly,29.0,6,20.0,0,,Active
CUST-04051,2024-08-27,2024-08-01,Direct,United States,Pro,Monthly,79.0,4,11.8,1,2024-12-17,Missing key features
CUST-04052,2024-06-18,2024-06-01,Organic Search,Germany,Basic,Monthly,29.0,0,20.6,0,,Active
CUST-04053,2024-04-13,2024-04-01,Affiliate Partner,Germany,Basic,Monthly,29.0,4,1.0,1,2024-05-09,Price too high
CUST-04054,2024-09-20,2024-09-01,Organic Search,United Kingdom,Pro,Monthly,79.0,1,27.7,0,,Active
CUST-04055,2024-07-15,2024-07-01,Direct,United States,Basic,Annual,29.0,1,5.9,1,2024-11-24,Customer support delays
CUST-04056,2024-12-29,2024-12-01,Direct,United States,Enterprise,Monthly,199.0,2,28.2,0,,Active
CUST-04057,2024-06-12,2024-06-01,Google Ads,India,Basic,Monthly,29.0,7,9.3,1,2024-06-29,Switched to competitor
CUST-04058,2024-07-08,2024-07-01,LinkedIn Referral,United States,Basic,Annual,29.0,4,1.0,1,2024-10-24,Switched to competitor
CUST-04059,2024-08-27,2024-08-01,Organic Search,India,Pro,Annual,79.0,7,13.6,1,2024-11-14,Switched to competitor
CUST-04060,2024-08-29,2024-08-01,Google Ads,United States,Basic,Monthly,29.0,2,11.4,1,2024-09-22,Switched to competitor
CUST-04061,2024-01-05,2024-01-01,Organic Search,Canada,Basic,Annual,29.0,0,26.7,0,,Active
CUST-04062,2024-09-13,2024-09-01,Organic Search,Germany,Enterprise,Monthly,199.0,3,21.3,0,,Active
CUST-04063,2024-09-15,2024-09-01,Google Ads,United Kingdom,Enterprise,Monthly,199.0,1,21.5,0,,Active
CUST-04064,2024-08-14,2024-08-01,Google Ads,United Kingdom,Basic,Monthly,29.0,2,12.7,1,2024-10-18,Switched to competitor
CUST-04065,2024-05-22,2024-05-01,Organic Search,Germany,Basic,Monthly,29.0,2,11.6,1,2024-11-12,Price too high
CUST-04066,2024-12-03,2024-12-01,LinkedIn Referral,Germany,Pro,Monthly,79.0,2,23.2,0,,Active
CUST-04067,2024-12-20,2024-12-01,Affiliate Partner,United States,Pro,Monthly,79.0,1,18.1,0,,Active
CUST-04068,2024-08-28,2024-08-01,Organic Search,Germany,Enterprise,Monthly,199.0,3,25.4,0,,Active
CUST-04069,2024-03-02,2024-03-01,Affiliate Partner,Germany,Pro,Monthly,79.0,3,26.2,0,,Active
CUST-04070,2024-11-06,2024-11-01,Google Ads,Canada,Pro,Monthly,79.0,1,23.6,0,,Active
CUST-04071,2024-09-25,2024-09-01,Organic Search,India,Pro,Monthly,79.0,6,4.4,1,,
CUST-04072,2024-07-06,2024-07-01,Organic Search,India,Basic,Monthly,29.0,0,11.9,0,,Active
CUST-04073,2024-12-30,2024-12-01,Google Ads,Germany,Basic,Monthly,29.0,1,22.8,0,,Active
CUST-04074,2024-08-22,2024-08-01,Google Ads,Canada,Basic,Monthly,29.0,9,12.1,1,2024-11-17,Missing key features
CUST-04075,2024-02-15,2024-02-01,Organic Search,United States,Basic,Monthly,29.0,4,2.9,1,2024-06-15,Poor onboarding / low usage
CUST-04076,2024-07-04,2024-07-01,Organic Search,United States,Pro,Monthly,79.0,7,12.8,1,2024-10-06,Switched to competitor
CUST-04077,2024-06-20,2024-06-01,Google Ads,Germany,Basic,Monthly,29.0,8,12.2,1,2024-08-30,Poor onboarding / low usage
CUST-04078,2024-01-20,2024-01-01,Google Ads,Germany,Pro,Monthly,79.0,2,12.7,1,2024-04-12,Switched to competitor
CUST-04079,2024-03-18,2024-03-01,Google Ads,United States,Enterprise,Monthly,199.0,10,5.9,1,2024-04-19,Missing key features
CUST-04080,2024-03-09,2024-03-01,Google Ads,United States,Pro,Monthly,79.0,2,34.4,0,,Active
CUST-04081,2024-06-12,2024-06-01,Direct,United States,Enterprise,Monthly,199.0,0,27.3,0,,Active
CUST-04082,2024-07-25,2024-07-01,Organic Search,Germany,Enterprise,Monthly,199.0,2,25.7,0,,Active
CUST-04083,2024-07-30,2024-07-01,Google Ads,United States,Basic,Monthly,29.0,6,9.3,1,,
CUST-04084,2024-02-16,2024-02-01,LinkedIn Referral,United States,Basic,Annual,29.0,1,18.7,0,,Active
CUST-04085,2024-10-30,2024-10-01,Direct,United States,Pro,Monthly,79.0,0,26.7,0,,Active
CUST-04086,2024-03-06,2024-03-01,Google Ads,United Kingdom,Enterprise,Annual,199.0,5,3.2,1,2024-05-29,Switched to competitor
CUST-04087,2024-12-11,2024-12-01,Google Ads,India,Pro,Monthly,79.0,1,24.5,0,,Active
CUST-04088,2024-01-11,2024-01-01,Google Ads,United States,Pro,Monthly,79.0,2,11.5,1,2024-04-02,Missing key features
CUST-04089,2024-07-12,2024-07-01,Organic Search,United Kingdom,Basic,Monthly,29.0,1,23.0,0,,Active
CUST-04090,2024-03-14,2024-03-01,LinkedIn Referral,United Kingdom,Basic,Annual,29.0,3,6.9,1,2024-08-02,Switched to competitor
CUST-04091,2024-12-22,2024-12-01,Affiliate Partner,India,Pro,Annual,79.0,1,16.1,0,,Active
CUST-04092,2024-04-30,2024-04-01,Affiliate Partner,United States,Basic,Monthly,29.0,8,11.3,1,2024-12-28,Price too high
CUST-04093,2024-01-30,2024-01-01,Affiliate Partner,United Kingdom,Basic,Monthly,29.0,4,20.0,0,,Active
CUST-04094,2024-03-29,2024-03-01,Affiliate Partner,United States,Enterprise,Annual,199.0,3,24.3,0,,Active
CUST-04095,2024-11-14,2024-11-01,Organic Search,United States,Basic,Monthly,29.0,4,11.7,1,2024-12-23,Poor onboarding / low usage
CUST-04096,2024-12-27,2024-12-01,Google Ads,United States,Basic,Monthly,29.0,4,21.3,0,,Active
CUST-04097,2024-08-15,2024-08-01,Google Ads,United Kingdom,Pro,Monthly,79.0,1,28.2,0,,Active
CUST-04098,2024-11-25,2024-11-01,Google Ads,United Kingdom,Basic,Monthly,29.0,1,5.6,1,2024-12-21,Price too high
CUST-04099,2024-02-12,2024-02-01,Google Ads,United States,Pro,Monthly,79.0,0,30.9,0,,Active
CUST-04100,2024-08-22,2024-08-01,Google Ads,United Kingdom,Pro,Monthly,79.0,1,28.1,0,,Active
CUST-04101,2024-02-15,2024-02-01,Google Ads,Canada,Basic,Monthly,29.0,5,1.6,1,2024-02-27,Customer support delays
CUST-04102,2024-12-14,2024-12-01,Google Ads,United States,Pro,Monthly,79.0,1,21.7,0,,Active
CUST-04103,2024-04-18,2024-04-01,Organic Search,India,Pro,Annual,79.0,9,5.3,1,2024-07-07,Missing key features
CUST-04104,2024-08-09,2024-08-01,Affiliate Partner,India,Basic,Monthly,29.0,0,17.4,0,,Active
CUST-04105,2024-02-18,2024-02-01,Organic Search,United Kingdom,Pro,Annual,79.0,6,8.5,1,2024-12-08,Switched to competitor
CUST-04106,2024-02-23,2024-02-01,LinkedIn Referral,United States,Enterprise,Monthly,199.0,1,18.2,0,,Active
CUST-04107,2024-04-30,2024-04-01,Affiliate Partner,Germany,Basic,Monthly,29.0,3,16.7,1,2024-09-18,Poor onboarding / low usage
CUST-04108,2024-07-22,2024-07-01,LinkedIn Referral,United States,Pro,Monthly,79.0,2,23.0,0,,Active
CUST-04109,2024-08-05,2024-08-01,Affiliate Partner,United States,Enterprise,Monthly,199.0,1,18.2,0,,Active
CUST-04110,2024-12-18,2024-12-01,LinkedIn Referral,India,Basic,Monthly,29.0,2,25.9,0,,Active
CUST-04111,2024-11-25,2024-11-01,Google Ads,United States,Basic,Monthly,29.0,2,17.7,0,,Active
CUST-04112,2024-06-15,2024-06-01,Direct,United Kingdom,Basic,Monthly,29.0,1,8.4,1,2024-12-22,Price too high
CUST-04113,2024-10-24,2024-10-01,Google Ads,Canada,Basic,Annual,29.0,1,30.3,0,,Active
CUST-04114,2024-02-24,2024-02-01,Direct,United Kingdom,Basic,Monthly,29.0,5,12.0,1,2024-11-17,Missing key features
CUST-04115,2024-04-06,2024-04-01,Google Ads,Canada,Pro,Monthly,79.0,4,6.2,1,2024-07-06,Customer support delays
CUST-04116,2024-02-07,2024-02-01,Organic Search,Germany,Basic,Annual,29.0,4,18.6,0,,Active
CUST-04117,2024-03-12,2024-03-01,Affiliate Partner,Canada,Basic,Annual,29.0,0,30.7,0,,Active
CUST-04118,2024-08-07,2024-08-01,Affiliate Partner,Germany,Pro,Monthly,79.0,5,8.7,1,2024-09-04,Missing key features
CUST-04119,2024-11-29,2024-11-01,LinkedIn Referral,United States,Basic,Monthly,29.0,1,1.2,1,,
CUST-04120,2024-11-04,2024-11-01,Google Ads,Canada,Basic,Annual,29.0,1,17.4,0,,Active
CUST-04121,2024-12-26,2024-12-01,Organic Search,Canada,Pro,Monthly,79.0,1,23.5,0,,Active
CUST-04122,2024-09-24,2024-09-01,Google Ads,Canada,Pro,Annual,79.0,2,22.3,0,,Active
CUST-04123,2024-08-25,2024-08-01,Direct,United Kingdom,Pro,Monthly,79.0,2,29.6,0,,Active
CUST-04124,2024-01-10,2024-01-01,Google Ads,United States,Basic,Monthly,29.0,2,1.0,1,2024-02-03,Switched to competitor
CUST-04125,2024-03-17,2024-03-01,Affiliate Partner,United States,Pro,Monthly,79.0,3,5.8,1,2024-05-07,Customer support delays
CUST-04126,2024-09-16,2024-09-01,Google Ads,United States,Enterprise,Monthly,199.0,3,18.4,0,,Active
CUST-04127,2024-01-12,2024-01-01,LinkedIn Referral,United Kingdom,Basic,Monthly,29.0,0,19.2,0,,Active
CUST-04128,2024-01-07,2024-01-01,Organic Search,United Kingdom,Pro,Monthly,79.0,4,21.5,0,,Active
CUST-04129,2024-05-02,2024-05-01,Google Ads,United Kingdom,Basic,Monthly,29.0,2,22.0,0,,Active
CUST-04130,2024-11-24,2024-11-01,Google Ads,Canada,Pro,Monthly,79.0,3,31.0,0,,Active
CUST-04131,2024-12-05,2024-12-01,LinkedIn Referral,United States,Basic,Monthly,29.0,0,30.9,0,,Active
CUST-04132,2024-07-07,2024-07-01,LinkedIn Referral,United States,Basic,Monthly,29.0,1,13.8,0,,Active
CUST-04133,2024-09-09,2024-09-01,Organic Search,Germany,Basic,Monthly,29.0,2,27.2,0,,Active
CUST-04134,2024-04-22,2024-04-01,Google Ads,United Kingdom,Basic,Annual,29.0,2,23.3,0,,Active
CUST-04135,2024-09-20,2024-09-01,Google Ads,United Kingdom,Basic,Monthly,29.0,2,30.2,0,,Active
CUST-04136,2024-05-31,2024-05-01,Organic Search,India,Basic,Monthly,29.0,2,26.1,0,,Active
CUST-04137,2024-09-10,2024-09-01,Google Ads,United Kingdom,Pro,Monthly,79.0,4,23.5,0,,Active
CUST-04138,2024-05-03,2024-05-01,LinkedIn Referral,United Kingdom,Basic,Monthly,29.0,4,12.1,1,2024-10-17,Price too high
CUST-04139,2024-11-07,2024-11-01,Organic Search,United States,Basic,Monthly,29.0,1,27.2,0,,Active
CUST-04140,2024-11-29,2024-11-01,Google Ads,United States,Enterprise,Monthly,199.0,0,21.9,0,,Active
CUST-04141,2024-10-14,2024-10-01,Google Ads,United Kingdom,Pro,Monthly,79.0,1,17.9,0,,Active
CUST-04142,2024-05-04,2024-05-01,Google Ads,United States,Basic,Annual,29.0,3,16.2,1,2024-10-02,Price too high
CUST-04143,2024-06-05,2024-06-01,Organic Search,United Kingdom,Pro,Monthly,79.0,1,4.2,1,2024-07-29,Switched to competitor
CUST-04144,2024-01-17,2024-01-01,Organic Search,Germany,Basic,Annual,29.0,1,8.6,1,2024-06-22,Poor onboarding / low usage
CUST-04145,2024-05-23,2024-05-01,Affiliate Partner,India,Basic,Annual,29.0,5,12.4,1,2024-10-05,Customer support delays
CUST-04146,2024-08-16,2024-08-01,Google Ads,United States,Pro,Monthly,79.0,2,25.4,0,,Active
CUST-04147,2024-05-18,2024-05-01,Google Ads,United States,Basic,Monthly,29.0,2,13.9,1,2024-10-03,Switched to competitor
CUST-04148,2024-01-15,2024-01-01,LinkedIn Referral,United States,Enterprise,Annual,199.0,1,24.2,0,,Active
CUST-04149,2024-02-18,2024-02-01,Organic Search,Canada,Pro,Annual,79.0,0,29.2,0,,Active
CUST-04150,2024-06-18,2024-06-01,Affiliate Partner,Germany,Enterprise,Monthly,199.0,2,21.9,0,,Active
CUST-04151,2024-05-20,2024-05-01,Organic Search,United Kingdom,Basic,Monthly,29.0,0,24.0,0,,Active
CUST-04152,2024-04-03,2024-04-01,Google Ads,United States,Basic,Monthly,29.0,2,20.7,0,,Active
CUST-04153,2024-06-24,2024-06-01,LinkedIn Referral,United Kingdom,Pro,Monthly,79.0,1,19.5,0,,Active
CUST-04154,2024-10-26,2024-10-01,Organic Search,Germany,Basic,Monthly,29.0,4,5.9,1,2024-12-11,Poor onboarding / low usage
CUST-04155,2024-12-06,2024-12-01,LinkedIn Referral,Germany,Basic,Monthly,29.0,0,19.1,0,,Active
CUST-04156,2024-06-04,2024-06-01,Organic Search,United States,Basic,Monthly,29.0,4,11.4,1,2024-11-26,Switched to competitor
CUST-04157,2024-08-01,2024-08-01,Affiliate Partner,United States,Basic,Monthly,29.0,3,24.0,0,,Active
CUST-04158,2024-08-14,2024-08-01,Organic Search,United States,Pro,Annual,79.0,3,22.0,0,,Active
CUST-04159,2024-08-31,2024-08-01,LinkedIn Referral,United States,Basic,Monthly,29.0,1,23.1,0,,Active
CUST-04160,2024-08-05,2024-08-01,Direct,United Kingdom,Basic,Monthly,29.0,3,1.7,1,2024-09-29,Price too high
CUST-04161,2024-08-05,2024-08-01,Organic Search,United States,Pro,Monthly,79.0,3,15.5,1,2024-08-14,Switched to competitor
CUST-04162,2024-09-26,2024-09-01,Organic Search,India,Pro,Annual,79.0,2,24.0,0,,Active
CUST-04163,2024-01-08,2024-01-01,LinkedIn Referral,India,Pro,Annual,79.0,3,11.2,1,2024-08-03,Switched to competitor
CUST-04164,2024-04-30,2024-04-01,Google Ads,United States,Basic,Monthly,29.0,2,13.4,1,2024-10-08,Missing key features
CUST-04165,2024-01-17,2024-01-01,Google Ads,United States,Basic,Monthly,29.0,7,8.3,1,2024-07-07,Switched to competitor
CUST-04166,2024-12-26,2024-12-01,Organic Search,United States,Basic,Monthly,29.0,3,24.4,0,,Active
CUST-04167,2024-08-13,2024-08-01,Direct,United Kingdom,Pro,Monthly,79.0,2,28.0,0,,Active
CUST-04168,2024-04-27,2024-04-01,Google Ads,Germany,Basic,Monthly,29.0,5,29.6,0,,Active
CUST-04169,2024-01-30,2024-01-01,Google Ads,United States,Pro,Monthly,79.0,5,9.8,1,2024-06-20,Customer support delays
CUST-04170,2024-03-15,2024-03-01,Organic Search,Germany,Basic,Monthly,29.0,1,30.2,0,,Active
CUST-04171,2024-02-26,2024-02-01,Google Ads,United States,Pro,Monthly,79.0,4,5.3,1,2024-05-06,Missing key features
CUST-04172,2024-11-17,2024-11-01,LinkedIn Referral,United States,Basic,Monthly,29.0,1,30.4,0,,Active
CUST-04173,2024-09-23,2024-09-01,Direct,United States,Pro,Annual,79.0,0,16.9,0,,Active
CUST-04174,2024-11-10,2024-11-01,Organic Search,Germany,Pro,Annual,79.0,0,21.5,0,,Active
CUST-04175,2024-02-13,2024-02-01,Organic Search,United States,Enterprise,Monthly,199.0,6,5.6,1,2024-10-15,Customer support delays
CUST-04176,2024-12-15,2024-12-01,Affiliate Partner,United States,Pro,Monthly,79.0,1,23.7,0,,Active
CUST-04177,2024-12-10,2024-12-01,LinkedIn Referral,Germany,Pro,Monthly,79.0,3,24.8,0,,Active
CUST-04178,2024-11-05,2024-11-01,Google Ads,Canada,Basic,Monthly,29.0,3,6.5,1,2024-12-01,Price too high
CUST-04179,2024-06-22,2024-06-01,Google Ads,United States,Basic,Monthly,29.0,8,8.6,1,2024-11-03,Poor onboarding / low usage
CUST-04180,2024-03-13,2024-03-01,Google Ads,Germany,Enterprise,Monthly,199.0,3,23.5,0,,Active
CUST-04181,2024-02-08,2024-02-01,Direct,United States,Basic,Annual,29.0,2,26.2,0,,Active
CUST-04182,2024-05-29,2024-05-01,Organic Search,United States,Enterprise,Annual,199.0,0,28.7,0,,Active
CUST-04183,2024-01-06,2024-01-01,Organic Search,United States,Pro,Monthly,79.0,6,7.7,1,2024-09-09,Missing key features
CUST-04184,2024-06-07,2024-06-01,Organic Search,India,Pro,Annual,79.0,3,1.0,1,2024-12-25,Switched to competitor
CUST-04185,2024-01-25,2024-01-01,Google Ads,United States,Basic,Monthly,29.0,6,6.5,1,2024-10-14,Price too high
CUST-04186,2024-03-15,2024-03-01,Organic Search,India,Enterprise,Annual,199.0,3,28.3,0,,Active
CUST-04187,2024-06-09,2024-06-01,Direct,India,Basic,Monthly,29.0,6,4.5,1,2024-06-17,Price too high
CUST-04188,2024-05-23,2024-05-01,Google Ads,United Kingdom,Pro,Monthly,79.0,1,24.5,0,,Active
CUST-04189,2024-04-30,2024-04-01,Direct,United States,Basic,Monthly,29.0,3,11.2,1,2024-09-22,Price too high
CUST-04190,2024-12-10,2024-12-01,Google Ads,Germany,Basic,Monthly,29.0,1,24.1,0,,Active
CUST-04191,2024-03-03,2024-03-01,Direct,United States,Pro,Monthly,79.0,0,23.6,0,,Active
CUST-04192,2024-05-05,2024-05-01,LinkedIn Referral,India,Basic,Monthly,29.0,1,31.4,0,,Active
CUST-04193,2024-01-22,2024-01-01,Google Ads,Canada,Basic,Monthly,29.0,1,5.8,1,2024-01-27,Price too high
CUST-04194,2024-02-11,2024-02-01,Google Ads,Germany,Enterprise,Monthly,199.0,1,23.8,0,,Active
CUST-04195,2024-12-09,2024-12-01,Affiliate Partner,United States,Pro,Annual,79.0,3,21.1,0,,Active
CUST-04196,2024-11-06,2024-11-01,Google Ads,United Kingdom,Pro,Monthly,79.0,2,32.5,0,,Active
CUST-04197,2024-08-22,2024-08-01,Organic Search,Canada,Enterprise,Monthly,199.0,1,9.5,1,2024-09-03,Switched to competitor
CUST-04198,2024-02-11,2024-02-01,Direct,India,Basic,Monthly,29.0,7,7.6,1,2024-05-20,Missing key features
CUST-04199,2024-11-25,2024-11-01,LinkedIn Referral,United States,Basic,Monthly,29.0,0,24.4,0,,Active
CUST-04200,2024-07-05,2024-07-01,Direct,United States,Basic,Monthly,29.0,2,24.8,0,,Active
CUST-04201,2024-04-05,2024-04-01,Affiliate Partner,United States,Pro,Monthly,79.0,2,27.5,0,,Active
CUST-04202,2024-03-13,2024-03-01,Direct,United States,Pro,Monthly,79.0,4,18.6,0,,Active
CUST-04203,2024-07-09,2024-07-01,Google Ads,Germany,Enterprise,Annual,199.0,0,25.2,0,,Active
CUST-04204,2024-05-26,2024-05-01,Organic Search,United States,Basic,Annual,29.0,7,1.0,1,2024-07-19,Missing key features
CUST-04205,2024-03-12,2024-03-01,LinkedIn Referral,Canada,Pro,Monthly,79.0,2,27.7,0,,Active
CUST-04206,2024-08-05,2024-08-01,Google Ads,Germany,Basic,Annual,29.0,3,12.8,1,2024-12-18,Missing key features
CUST-04207,2024-08-01,2024-08-01,LinkedIn Referral,United States,Basic,Annual,29.0,1,22.5,0,,Active
CUST-04208,2024-05-31,2024-05-01,Organic Search,United States,Enterprise,Monthly,199.0,0,23.6,0,,Active
CUST-04209,2024-05-08,2024-05-01,Google Ads,United Kingdom,Basic,Monthly,29.0,4,3.8,1,2024-11-17,Customer support delays
CUST-04210,2024-10-09,2024-10-01,LinkedIn Referral,United States,Basic,Annual,29.0,5,8.9,1,2024-12-17,Switched to competitor
CUST-04211,2024-10-04,2024-10-01,Google Ads,United States,Basic,Monthly,29.0,1,19.4,0,,Active
CUST-04212,2024-04-26,2024-04-01,Organic Search,Germany,Basic,Monthly,29.0,3,23.6,0,,Active
CUST-04213,2024-10-31,2024-10-01,LinkedIn Referral,United States,Basic,Monthly,29.0,1,21.6,0,,Active
CUST-04214,2024-01-30,2024-01-01,Direct,United States,Basic,Monthly,29.0,4,6.6,1,2024-05-08,Switched to competitor
CUST-04215,2024-01-26,2024-01-01,Organic Search,Canada,Basic,Monthly,29.0,0,6.6,1,2024-03-30,Price too high
CUST-04216,2024-02-11,2024-02-01,Google Ads,Germany,Pro,Monthly,79.0,3,20.5,0,,Active
CUST-04217,2024-11-29,2024-11-01,Affiliate Partner,Canada,Basic,Monthly,29.0,2,16.4,1,2024-12-26,Missing key features
CUST-04218,2024-09-02,2024-09-01,Direct,United Kingdom,Basic,Monthly,29.0,3,28.4,0,,Active
CUST-04219,2024-09-23,2024-09-01,Organic Search,United States,Basic,Annual,29.0,1,23.6,0,,Active
CUST-04220,2024-11-10,2024-11-01,Google Ads,Canada,Basic,Annual,29.0,1,29.9,0,,Active
CUST-04221,2024-06-10,2024-06-01,Organic Search,United States,Basic,Monthly,29.0,3,11.4,1,2024-08-13,Price too high
CUST-04222,2024-02-26,2024-02-01,Affiliate Partner,United States,Pro,Monthly,79.0,5,28.7,0,,Active
CUST-04223,2024-08-09,2024-08-01,Organic Search,United Kingdom,Basic,Annual,29.0,3,12.0,1,2024-08-16,Poor onboarding / low usage
CUST-04224,2024-11-19,2024-11-01,Affiliate Partner,United States,Pro,Monthly,79.0,2,23.2,0,,Active
CUST-04225,2024-12-27,2024-12-01,Google Ads,Germany,Basic,Annual,29.0,4,18.7,0,,Active
CUST-04226,2024-05-04,2024-05-01,Google Ads,United Kingdom,Pro,Monthly,79.0,2,24.0,0,,Active
CUST-04227,2024-04-01,2024-04-01,Google Ads,United States,Enterprise,Monthly,199.0,2,29.1,0,,Active
CUST-04228,2024-04-18,2024-04-01,Google Ads,United States,Pro,Monthly,79.0,5,7.8,1,,
CUST-04229,2024-04-16,2024-04-01,Direct,United States,Basic,Annual,29.0,4,6.8,1,2024-05-19,Switched to competitor
CUST-04230,2024-08-06,2024-08-01,LinkedIn Referral,India,Basic,Monthly,29.0,2,21.7,0,,Active
CUST-04231,2024-04-23,2024-04-01,Organic Search,Canada,Pro,Monthly,79.0,1,27.7,0,,Active
CUST-04232,2024-01-19,2024-01-01,Organic Search,Canada,Basic,Monthly,29.0,5,1.0,1,2024-03-12,Customer support delays
CUST-04233,2024-11-04,2024-11-01,Organic Search,Canada,Pro,Monthly,79.0,4,29.8,0,,Active
CUST-04234,2024-12-10,2024-12-01,Google Ads,United States,Basic,Annual,29.0,3,27.7,0,,Active
CUST-04235,2024-07-01,2024-07-01,Direct,United States,Pro,Monthly,79.0,0,21.2,0,,Active
CUST-04236,2024-04-30,2024-04-01,Affiliate Partner,United Kingdom,Basic,Monthly,29.0,1,17.4,0,,Active
CUST-04237,2024-03-15,2024-03-01,Google Ads,United Kingdom,Basic,Monthly,29.0,3,12.8,1,2024-07-09,Customer support delays
CUST-04238,2024-05-19,2024-05-01,Organic Search,Germany,Pro,Monthly,79.0,8,2.7,1,2024-06-08,Poor onboarding / low usage
CUST-04239,2024-12-24,2024-12-01,Affiliate Partner,United States,Basic,Monthly,29.0,2,27.0,0,,Active
CUST-04240,2024-06-14,2024-06-01,LinkedIn Referral,India,Basic,Monthly,29.0,2,22.8,0,,Active
CUST-04241,2024-08-03,2024-08-01,Google Ads,United Kingdom,Pro,Monthly,79.0,3,6.9,1,2024-10-25,Missing key features
CUST-04242,2024-04-03,2024-04-01,LinkedIn Referral,India,Basic,Monthly,29.0,4,1.0,1,2024-06-25,Switched to competitor
CUST-04243,2024-10-04,2024-10-01,Google Ads,United States,Basic,Monthly,29.0,1,18.8,0,,Active
CUST-04244,2024-05-12,2024-05-01,LinkedIn Referral,India,Pro,Monthly,79.0,1,5.2,1,2024-12-16,Missing key features
CUST-04245,2024-01-05,2024-01-01,Google Ads,United States,Basic,Monthly,29.0,0,25.9,0,,Active
CUST-04246,2024-10-02,2024-10-01,Direct,United Kingdom,Pro,Monthly,79.0,0,26.1,0,,Active
CUST-04247,2024-01-17,2024-01-01,Google Ads,India,Basic,Monthly,29.0,3,8.3,1,2024-06-01,Customer support delays
CUST-04248,2024-11-21,2024-11-01,Direct,India,Basic,Monthly,29.0,2,22.9,0,,Active
CUST-04249,2024-11-29,2024-11-01,Google Ads,Germany,Basic,Monthly,29.0,3,33.3,0,,Active
CUST-04250,2024-08-02,2024-08-01,Affiliate Partner,United Kingdom,Pro,Monthly,79.0,3,8.5,1,2024-09-08,Switched to competitor
CUST-04251,2024-04-20,2024-04-01,Organic Search,Germany,Basic,Monthly,29.0,1,20.4,0,,Active
CUST-04252,2024-01-06,2024-01-01,Google Ads,United States,Basic,Monthly,29.0,4,6.2,1,2024-03-12,Switched to competitor
CUST-04253,2024-11-26,2024-11-01,Direct,India,Basic,Monthly,29.0,3,28.4,0,,Active
CUST-04254,2024-05-18,2024-05-01,Affiliate Partner,United Kingdom,Basic,Annual,29.0,1,4.6,1,2024-06-07,Poor onboarding / low usage
CUST-04255,2024-09-25,2024-09-01,Organic Search,United States,Basic,Monthly,29.0,2,26.0,0,,Active
CUST-04256,2024-07-29,2024-07-01,Google Ads,India,Pro,Annual,79.0,4,11.2,1,,
CUST-04257,2024-02-21,2024-02-01,Direct,United Kingdom,Basic,Monthly,29.0,2,21.7,0,,Active
CUST-04258,2024-07-07,2024-07-01,Organic Search,Germany,Enterprise,Annual,199.0,2,10.4,1,2024-07-27,Switched to competitor
CUST-04259,2024-06-06,2024-06-01,Organic Search,Canada,Basic,Monthly,29.0,4,8.9,1,2024-09-26,Customer support delays
CUST-04260,2024-09-20,2024-09-01,Organic Search,India,Basic,Monthly,29.0,1,9.3,1,2024-10-31,Customer support delays
CUST-04261,2024-08-01,2024-08-01,Organic Search,United States,Enterprise,Annual,199.0,3,7.7,1,2024-09-26,Switched to competitor
CUST-04262,2024-10-21,2024-10-01,LinkedIn Referral,Canada,Pro,Monthly,79.0,4,20.8,0,,Active
CUST-04263,2024-11-13,2024-11-01,LinkedIn Referral,United Kingdom,Basic,Annual,29.0,1,16.4,0,,Active
CUST-04264,2024-04-08,2024-04-01,Direct,United States,Basic,Monthly,29.0,0,23.8,0,,Active
CUST-04265,2024-04-01,2024-04-01,Affiliate Partner,Germany,Basic,Annual,29.0,4,1.0,1,2024-05-28,Missing key features
CUST-04266,2024-02-06,2024-02-01,Organic Search,Germany,Basic,Annual,29.0,3,6.7,1,2024-02-13,Poor onboarding / low usage
CUST-04267,2024-06-11,2024-06-01,Organic Search,United States,Pro,Monthly,79.0,3,4.9,1,2024-11-14,Poor onboarding / low usage
CUST-04268,2024-05-03,2024-05-01,Google Ads,United Kingdom,Pro,Monthly,79.0,2,24.0,0,,Active
CUST-04269,2024-04-29,2024-04-01,Affiliate Partner,United States,Basic,Monthly,29.0,7,7.5,1,2024-07-31,Price too high
CUST-04270,2024-11-16,2024-11-01,Organic Search,Germany,Enterprise,Monthly,199.0,1,29.3,0,,Active
CUST-04271,2024-04-08,2024-04-01,Organic Search,India,Pro,Monthly,79.0,5,11.7,1,2024-05-28,Switched to competitor
CUST-04272,2024-04-28,2024-04-01,Google Ads,United Kingdom,Basic,Monthly,29.0,3,11.0,1,2024-10-09,Price too high
CUST-04273,2024-12-10,2024-12-01,Google Ads,United Kingdom,Pro,Monthly,79.0,0,27.2,0,,Active
CUST-04274,2024-04-06,2024-04-01,LinkedIn Referral,United States,Pro,Monthly,79.0,1,30.8,0,,Active
CUST-04275,2024-09-26,2024-09-01,Google Ads,Germany,Basic,Monthly,29.0,7,2.4,1,,
CUST-04276,2024-07-04,2024-07-01,Affiliate Partner,United States,Pro,Monthly,79.0,1,27.4,0,,Active
CUST-04277,2024-03-09,2024-03-01,LinkedIn Referral,United States,Basic,Annual,29.0,3,8.8,1,2024-09-03,Price too high
CUST-04278,2024-06-26,2024-06-01,Google Ads,United States,Pro,Monthly,79.0,4,21.7,0,,Active
CUST-04279,2024-05-19,2024-05-01,Organic Search,Germany,Basic,Monthly,29.0,2,25.8,0,,Active
CUST-04280,2024-08-04,2024-08-01,Google Ads,United States,Basic,Annual,29.0,3,29.0,0,,Active
CUST-04281,2024-06-17,2024-06-01,LinkedIn Referral,United States,Pro,Monthly,79.0,5,1.0,1,2024-07-02,Price too high
CUST-04282,2024-03-04,2024-03-01,Organic Search,United States,Pro,Monthly,79.0,4,1.0,1,2024-05-28,Poor onboarding / low usage
CUST-04283,2024-10-30,2024-10-01,Google Ads,Germany,Basic,Monthly,29.0,2,9.8,1,,
CUST-04284,2024-08-21,2024-08-01,LinkedIn Referral,United States,Basic,Monthly,29.0,0,33.2,0,,Active
CUST-04285,2024-12-07,2024-12-01,Google Ads,United States,Pro,Monthly,79.0,0,30.9,0,,Active
CUST-04286,2024-08-10,2024-08-01,Organic Search,United States,Pro,Monthly,79.0,4,11.2,1,2024-12-31,Price too high
CUST-04287,2024-02-24,2024-02-01,Organic Search,United Kingdom,Basic,Monthly,29.0,4,1.0,1,2024-09-19,Missing key features
CUST-04288,2024-05-13,2024-05-01,Direct,India,Pro,Monthly,79.0,3,6.3,1,2024-08-06,Poor onboarding / low usage
CUST-04289,2024-04-20,2024-04-01,Google Ads,United Kingdom,Basic,Monthly,29.0,3,5.8,1,2024-09-30,Customer support delays
CUST-04290,2024-09-02,2024-09-01,LinkedIn Referral,United States,Enterprise,Annual,199.0,3,7.8,1,2024-12-12,Missing key features
CUST-04291,2024-02-09,2024-02-01,Organic Search,United Kingdom,Pro,Annual,79.0,1,16.5,0,,Active
CUST-04292,2024-07-07,2024-07-01,LinkedIn Referral,United Kingdom,Enterprise,Monthly,199.0,2,6.9,1,2024-11-13,Price too high
CUST-04293,2024-06-14,2024-06-01,Organic Search,United States,Enterprise,Monthly,199.0,0,1.5,1,2024-07-25,Missing key features
CUST-04294,2024-07-28,2024-07-01,Organic Search,United Kingdom,Pro,Monthly,79.0,7,5.0,1,,
CUST-04295,2024-12-30,2024-12-01,Organic Search,United States,Pro,Annual,79.0,2,29.9,0,,Active
CUST-04296,2024-05-15,2024-05-01,Google Ads,United Kingdom,Pro,Monthly,79.0,0,21.1,0,,Active
CUST-04297,2024-03-04,2024-03-01,Affiliate Partner,United States,Basic,Monthly,29.0,7,1.0,1,2024-04-08,Poor onboarding / low usage
CUST-04298,2024-06-18,2024-06-01,Google Ads,Canada,Basic,Monthly,29.0,8,6.9,1,2024-07-16,Switched to competitor
CUST-04299,2024-12-15,2024-12-01,Organic Search,Germany,Basic,Monthly,29.0,1,29.0,0,,Active
CUST-04300,2024-10-02,2024-10-01,LinkedIn Referral,Canada,Pro,Monthly,79.0,1,22.3,0,,Active
CUST-04301,2024-03-29,2024-03-01,LinkedIn Referral,United Kingdom,Basic,Monthly,29.0,5,14.9,1,2024-08-10,Price too high
CUST-04302,2024-05-07,2024-05-01,LinkedIn Referral,United States,Enterprise,Monthly,199.0,0,30.2,0,,Active
CUST-04303,2024-09-19,2024-09-01,Google Ads,United States,Basic,Monthly,29.0,5,4.7,1,2024-11-15,Price too high
CUST-04304,2024-02-13,2024-02-01,Google Ads,India,Basic,Monthly,29.0,2,6.9,1,2024-02-16,Price too high
CUST-04305,2024-03-13,2024-03-01,Google Ads,United Kingdom,Basic,Monthly,29.0,1,8.3,1,2024-07-07,Price too high
CUST-04306,2024-11-08,2024-11-01,Organic Search,Germany,Pro,Monthly,79.0,4,10.4,1,2024-12-18,Poor onboarding / low usage
CUST-04307,2024-11-25,2024-11-01,Organic Search,Germany,Basic,Annual,29.0,2,22.2,0,,Active
CUST-04308,2024-03-16,2024-03-01,Google Ads,United Kingdom,Pro,Monthly,79.0,2,6.8,1,2024-12-18,Price too high
CUST-04309,2024-08-04,2024-08-01,Direct,Germany,Pro,Monthly,79.0,1,19.2,0,,Active
CUST-04310,2024-09-17,2024-09-01,Organic Search,United States,Basic,Monthly,29.0,0,33.1,0,,Active
CUST-04311,2024-02-23,2024-02-01,LinkedIn Referral,Canada,Pro,Monthly,79.0,0,24.2,0,,Active
CUST-04312,2024-03-04,2024-03-01,Affiliate Partner,Germany,Pro,Annual,79.0,1,25.8,0,,Active
CUST-04313,2024-10-02,2024-10-01,Affiliate Partner,United Kingdom,Basic,Monthly,29.0,0,13.4,1,2024-11-21,Poor onboarding / low usage
CUST-04314,2024-10-10,2024-10-01,Organic Search,United Kingdom,Enterprise,Monthly,199.0,1,31.0,0,,Active
CUST-04315,2024-05-15,2024-05-01,Google Ads,United States,Basic,Monthly,29.0,2,27.9,0,,Active
CUST-04316,2024-12-30,2024-12-01,Direct,Canada,Pro,Monthly,79.0,3,23.4,0,,Active
CUST-04317,2024-10-27,2024-10-01,Direct,United Kingdom,Basic,Monthly,29.0,3,17.5,0,,Active
CUST-04318,2024-05-09,2024-05-01,Organic Search,United Kingdom,Pro,Monthly,79.0,0,20.9,0,,Active
CUST-04319,2024-05-15,2024-05-01,Google Ads,India,Basic,Monthly,29.0,1,9.6,1,2024-07-12,Switched to competitor
CUST-04320,2024-09-02,2024-09-01,Direct,United Kingdom,Basic,Monthly,29.0,2,21.6,0,,Active
CUST-04321,2024-04-12,2024-04-01,Organic Search,Canada,Pro,Monthly,79.0,4,9.5,1,2024-11-10,Price too high
CUST-04322,2024-11-25,2024-11-01,Google Ads,Germany,Pro,Annual,79.0,2,23.8,0,,Active
CUST-04323,2024-05-22,2024-05-01,Organic Search,Canada,Basic,Annual,29.0,1,31.8,0,,Active
CUST-04324,2024-05-05,2024-05-01,Organic Search,India,Pro,Monthly,79.0,3,25.2,0,,Active
CUST-04325,2024-12-12,2024-12-01,Affiliate Partner,India,Pro,Annual,79.0,1,22.7,0,,Active
CUST-04326,2024-07-29,2024-07-01,Google Ads,United Kingdom,Basic,Annual,29.0,4,9.6,1,2024-09-19,Customer support delays
CUST-04327,2024-12-09,2024-12-01,LinkedIn Referral,Germany,Basic,Annual,29.0,1,19.6,0,,Active
CUST-04328,2024-01-19,2024-01-01,Google Ads,India,Enterprise,Monthly,199.0,2,11.0,1,2024-03-08,Customer support delays
CUST-04329,2024-02-10,2024-02-01,Google Ads,United States,Enterprise,Monthly,199.0,2,21.8,0,,Active
CUST-04330,2024-07-23,2024-07-01,Google Ads,Germany,Basic,Monthly,29.0,5,15.5,1,2024-09-25,Switched to competitor
CUST-04331,2024-12-15,2024-12-01,Direct,Canada,Pro,Monthly,79.0,1,19.0,0,,Active
CUST-04332,2024-09-14,2024-09-01,LinkedIn Referral,United States,Enterprise,Monthly,199.0,2,24.2,0,,Active
CUST-04333,2024-08-06,2024-08-01,Direct,United States,Enterprise,Annual,199.0,0,22.8,0,,Active
CUST-04334,2024-11-25,2024-11-01,Google Ads,United States,Basic,Monthly,29.0,2,26.4,0,,Active
CUST-04335,2024-09-06,2024-09-01,Direct,United States,Basic,Monthly,29.0,3,24.5,0,,Active
CUST-04336,2024-07-23,2024-07-01,Organic Search,United States,Pro,Monthly,79.0,1,23.2,0,,Active
CUST-04337,2024-07-09,2024-07-01,Organic Search,United States,Basic,Annual,29.0,2,23.1,0,,Active
CUST-04338,2024-11-12,2024-11-01,Google Ads,United States,Basic,Monthly,29.0,6,11.7,1,2024-12-05,Customer support delays
CUST-04339,2024-03-25,2024-03-01,Organic Search,Germany,Basic,Monthly,29.0,4,7.0,1,2024-05-30,Price too high
CUST-04340,2024-10-21,2024-10-01,Organic Search,India,Enterprise,Annual,199.0,1,21.1,0,,Active
CUST-04341,2024-01-09,2024-01-01,Google Ads,United Kingdom,Pro,Annual,79.0,1,1.0,1,2024-08-09,Switched to competitor
CUST-04342,2024-04-20,2024-04-01,Google Ads,United Kingdom,Pro,Monthly,79.0,1,22.6,0,,Active
CUST-04343,2024-08-20,2024-08-01,Google Ads,India,Pro,Monthly,79.0,0,24.4,0,,Active
CUST-04344,2024-03-06,2024-03-01,Affiliate Partner,United States,Pro,Monthly,79.0,3,5.5,1,2024-03-17,Price too high
CUST-04345,2024-11-06,2024-11-01,Organic Search,United Kingdom,Basic,Monthly,29.0,4,11.8,1,2024-12-30,Switched to competitor
CUST-04346,2024-12-10,2024-12-01,Google Ads,Germany,Pro,Monthly,79.0,2,18.7,0,,Active
CUST-04347,2024-04-25,2024-04-01,Google Ads,United States,Basic,Monthly,29.0,7,8.0,1,2024-09-16,Missing key features
CUST-04348,2024-12-15,2024-12-01,Google Ads,United States,Basic,Annual,29.0,4,20.2,0,,Active
CUST-04349,2024-07-27,2024-07-01,Direct,United Kingdom,Basic,Monthly,29.0,1,6.5,1,2024-11-27,Customer support delays
CUST-04350,2024-04-14,2024-04-01,Direct,United States,Basic,Annual,29.0,5,8.2,1,2024-06-05,Switched to competitor
CUST-04351,2024-04-06,2024-04-01,Direct,United States,Basic,Annual,29.0,3,7.8,1,2024-04-18,Switched to competitor
CUST-04352,2024-09-20,2024-09-01,Organic Search,Germany,Basic,Monthly,29.0,2,25.3,0,,Active
CUST-04353,2024-06-11,2024-06-01,Google Ads,India,Basic,Monthly,29.0,4,6.9,1,2024-07-18,Poor onboarding / low usage
CUST-04354,2024-11-14,2024-11-01,Google Ads,United States,Basic,Monthly,29.0,1,29.8,0,,Active
CUST-04355,2024-07-05,2024-07-01,Google Ads,Canada,Basic,Monthly,29.0,2,21.9,0,,Active
CUST-04356,2024-11-13,2024-11-01,Organic Search,Germany,Basic,Monthly,29.0,1,9.5,1,2024-12-02,Price too high
CUST-04357,2024-09-24,2024-09-01,Affiliate Partner,United States,Pro,Annual,79.0,3,26.8,0,,Active
CUST-04358,2024-03-28,2024-03-01,Direct,Germany,Basic,Monthly,29.0,3,23.9,0,,Active
CUST-04359,2024-04-20,2024-04-01,LinkedIn Referral,United States,Pro,Monthly,79.0,1,1.6,1,2024-06-27,Missing key features
CUST-04360,2024-06-08,2024-06-01,Affiliate Partner,United Kingdom,Pro,Monthly,79.0,2,13.2,1,2024-08-30,Price too high
CUST-04361,2024-01-22,2024-01-01,Google Ads,United Kingdom,Basic,Monthly,29.0,5,7.9,1,2024-04-30,Customer support delays
CUST-04362,2024-07-16,2024-07-01,Affiliate Partner,Germany,Basic,Monthly,29.0,6,12.0,1,2024-09-04,Price too high
CUST-04363,2024-03-29,2024-03-01,Organic Search,United Kingdom,Enterprise,Monthly,199.0,2,19.8,0,,Active
CUST-04364,2024-02-22,2024-02-01,Organic Search,Germany,Basic,Annual,29.0,1,24.7,0,,Active
CUST-04365,2024-07-01,2024-07-01,Organic Search,India,Basic,Monthly,29.0,2,8.5,1,2024-10-31,Missing key features
CUST-04366,2024-06-06,2024-06-01,Google Ads,Germany,Basic,Monthly,29.0,2,6.1,1,2024-10-06,Poor onboarding / low usage
CUST-04367,2024-11-11,2024-11-01,Direct,United States,Pro,Monthly,79.0,4,22.4,0,,Active
CUST-04368,2024-07-03,2024-07-01,Google Ads,United States,Basic,Monthly,29.0,0,13.4,0,,Active
CUST-04369,2024-08-09,2024-08-01,Google Ads,United States,Basic,Monthly,29.0,6,3.6,1,2024-12-25,Switched to competitor
CUST-04370,2024-04-04,2024-04-01,Organic Search,United States,Basic,Annual,29.0,1,25.6,0,,Active
CUST-04371,2024-11-12,2024-11-01,Affiliate Partner,United States,Pro,Monthly,79.0,3,25.1,0,,Active
CUST-04372,2024-01-12,2024-01-01,LinkedIn Referral,Germany,Basic,Monthly,29.0,5,1.0,1,2024-03-05,Customer support delays
CUST-04373,2024-07-14,2024-07-01,Direct,United States,Basic,Monthly,29.0,2,12.4,1,2024-11-06,Poor onboarding / low usage
CUST-04374,2024-12-25,2024-12-01,Google Ads,Germany,Pro,Annual,79.0,1,21.7,0,,Active
CUST-04375,2024-11-21,2024-11-01,Organic Search,Canada,Enterprise,Monthly,199.0,6,24.2,0,,Active
CUST-04376,2024-03-09,2024-03-01,Organic Search,Germany,Pro,Annual,79.0,1,25.3,0,,Active
CUST-04377,2024-07-24,2024-07-01,Google Ads,United Kingdom,Pro,Monthly,79.0,1,21.0,0,,Active
CUST-04378,2024-09-27,2024-09-01,Google Ads,India,Basic,Monthly,29.0,4,30.4,0,,Active
CUST-04379,2024-02-14,2024-02-01,Organic Search,United States,Enterprise,Annual,199.0,2,10.2,1,2024-04-03,Switched to competitor
CUST-04380,2024-04-27,2024-04-01,Direct,Canada,Basic,Annual,29.0,1,22.2,0,,Active
CUST-04381,2024-12-26,2024-12-01,Organic Search,Germany,Enterprise,Monthly,199.0,0,26.5,0,,Active
CUST-04382,2024-03-15,2024-03-01,Direct,United States,Basic,Annual,29.0,4,8.1,1,2024-04-05,Missing key features
CUST-04383,2024-12-04,2024-12-01,Affiliate Partner,United Kingdom,Enterprise,Annual,199.0,0,24.3,0,,Active
CUST-04384,2024-05-16,2024-05-01,Affiliate Partner,India,Enterprise,Monthly,199.0,1,19.5,0,,Active
CUST-04385,2024-02-15,2024-02-01,Google Ads,Germany,Enterprise,Monthly,199.0,2,12.9,0,,Active
CUST-04386,2024-09-21,2024-09-01,Direct,United Kingdom,Basic,Annual,29.0,3,10.0,1,2024-12-08,Customer support delays
CUST-04387,2024-01-15,2024-01-01,Google Ads,India,Basic,Monthly,29.0,3,4.8,1,2024-03-16,Missing key features
CUST-04388,2024-08-02,2024-08-01,Organic Search,United States,Basic,Monthly,29.0,3,20.2,0,,Active
CUST-04389,2024-07-23,2024-07-01,Affiliate Partner,United States,Basic,Annual,29.0,4,9.4,1,2024-12-18,Poor onboarding / low usage
CUST-04390,2024-02-12,2024-02-01,Organic Search,Canada,Pro,Monthly,79.0,0,23.0,0,,Active
CUST-04391,2024-03-09,2024-03-01,Google Ads,India,Enterprise,Monthly,199.0,3,15.4,0,,Active
CUST-04392,2024-05-01,2024-05-01,Organic Search,United States,Basic,Monthly,29.0,4,12.7,1,2024-05-14,Price too high
CUST-04393,2024-12-03,2024-12-01,Organic Search,United States,Pro,Monthly,79.0,1,24.5,0,,Active
CUST-04394,2024-08-01,2024-08-01,Google Ads,India,Enterprise,Annual,199.0,1,24.8,0,,Active
CUST-04395,2024-02-20,2024-02-01,Google Ads,India,Enterprise,Monthly,199.0,5,11.6,1,2024-05-29,Switched to competitor
CUST-04396,2024-09-03,2024-09-01,Google Ads,United States,Pro,Monthly,79.0,3,27.0,0,,Active
CUST-04397,2024-02-10,2024-02-01,Google Ads,United Kingdom,Basic,Annual,29.0,2,4.8,1,2024-05-21,Poor onboarding / low usage
CUST-04398,2024-03-03,2024-03-01,LinkedIn Referral,Germany,Pro,Annual,79.0,2,25.1,0,,Active
CUST-04399,2024-06-06,2024-06-01,Google Ads,United States,Pro,Monthly,79.0,7,3.6,1,2024-06-29,Missing key features
CUST-04400,2024-03-03,2024-03-01,Google Ads,United States,Pro,Monthly,79.0,0,26.7,0,,Active
CUST-04401,2024-07-28,2024-07-01,Google Ads,Germany,Pro,Monthly,79.0,2,27.1,0,,Active
CUST-04402,2024-07-20,2024-07-01,Direct,Germany,Enterprise,Monthly,199.0,1,24.6,0,,Active
CUST-04403,2024-09-27,2024-09-01,Organic Search,United Kingdom,Basic,Annual,29.0,1,26.1,0,,Active
CUST-04404,2024-12-04,2024-12-01,Affiliate Partner,India,Enterprise,Monthly,199.0,1,29.1,0,,Active
CUST-04405,2024-03-26,2024-03-01,Direct,Canada,Pro,Monthly,79.0,1,25.5,0,,Active
CUST-04406,2024-02-26,2024-02-01,Google Ads,Canada,Basic,Annual,29.0,4,1.0,1,2024-06-12,Missing key features
CUST-04407,2024-09-20,2024-09-01,Google Ads,Germany,Basic,Monthly,29.0,4,22.1,0,,Active
CUST-04408,2024-08-04,2024-08-01,Google Ads,Canada,Enterprise,Annual,199.0,2,6.9,1,2024-11-15,Switched to competitor
CUST-04409,2024-05-22,2024-05-01,Organic Search,United Kingdom,Basic,Monthly,29.0,1,26.3,0,,Active
CUST-04410,2024-02-10,2024-02-01,Organic Search,United States,Pro,Monthly,79.0,5,5.3,1,2024-04-26,Switched to competitor
CUST-04411,2024-06-14,2024-06-01,Google Ads,United States,Basic,Monthly,29.0,3,19.8,0,,Active
CUST-04412,2024-05-20,2024-05-01,LinkedIn Referral,India,Basic,Annual,29.0,8,11.0,1,2024-10-08,Poor onboarding / low usage
CUST-04413,2024-05-29,2024-05-01,Direct,United Kingdom,Pro,Annual,79.0,1,30.7,0,,Active
CUST-04414,2024-03-01,2024-03-01,Organic Search,Germany,Basic,Monthly,29.0,1,7.8,1,2024-10-09,Price too high
CUST-04415,2024-11-24,2024-11-01,Organic Search,Germany,Basic,Monthly,29.0,1,30.3,0,,Active
CUST-04416,2024-11-09,2024-11-01,Google Ads,United States,Enterprise,Monthly,199.0,3,22.3,0,,Active
CUST-04417,2024-08-06,2024-08-01,Google Ads,United Kingdom,Pro,Monthly,79.0,3,8.5,1,2024-11-11,Customer support delays
CUST-04418,2024-06-28,2024-06-01,Organic Search,Germany,Basic,Monthly,29.0,6,7.6,1,2024-08-31,Price too high
CUST-04419,2024-07-21,2024-07-01,Organic Search,Germany,Enterprise,Annual,199.0,2,27.5,0,,Active
CUST-04420,2024-03-20,2024-03-01,Affiliate Partner,Canada,Pro,Monthly,79.0,0,26.8,0,,Active
CUST-04421,2024-10-10,2024-10-01,Organic Search,United Kingdom,Enterprise,Annual,199.0,1,31.0,0,,Active
CUST-04422,2024-08-11,2024-08-01,Google Ads,United States,Enterprise,Monthly,199.0,0,21.3,0,,Active
CUST-04423,2024-01-18,2024-01-01,Organic Search,Canada,Pro,Annual,79.0,6,5.9,1,2024-06-13,Poor onboarding / low usage
CUST-04424,2024-06-19,2024-06-01,Affiliate Partner,United States,Pro,Monthly,79.0,1,16.0,0,,Active
CUST-04425,2024-02-23,2024-02-01,Organic Search,Germany,Enterprise,Monthly,199.0,2,31.5,0,,Active
CUST-04426,2024-07-25,2024-07-01,Google Ads,United States,Enterprise,Monthly,199.0,1,28.2,0,,Active
CUST-04427,2024-12-22,2024-12-01,Google Ads,United States,Basic,Monthly,29.0,1,25.2,0,,Active
CUST-04428,2024-06-02,2024-06-01,Organic Search,United States,Pro,Monthly,79.0,4,2.8,1,2024-07-22,Price too high
CUST-04429,2024-12-19,2024-12-01,Organic Search,United Kingdom,Basic,Monthly,29.0,1,27.4,0,,Active
CUST-04430,2024-09-28,2024-09-01,Google Ads,Germany,Basic,Monthly,29.0,3,25.0,0,,Active
CUST-04431,2024-12-15,2024-12-01,Google Ads,United Kingdom,Basic,Monthly,29.0,1,27.1,0,,Active
CUST-04432,2024-09-13,2024-09-01,Google Ads,United Kingdom,Enterprise,Monthly,199.0,2,21.9,0,,Active
CUST-04433,2024-07-01,2024-07-01,LinkedIn Referral,United States,Basic,Monthly,29.0,1,26.4,0,,Active
CUST-04434,2024-01-11,2024-01-01,Google Ads,United States,Basic,Monthly,29.0,1,10.9,1,2024-05-16,Poor onboarding / low usage
CUST-04435,2024-07-16,2024-07-01,Organic Search,United States,Pro,Monthly,79.0,1,19.1,0,,Active
CUST-04436,2024-05-27,2024-05-01,Google Ads,United Kingdom,Basic,Monthly,29.0,1,3.2,1,2024-07-14,Price too high
CUST-04437,2024-11-08,2024-11-01,Organic Search,United States,Basic,Monthly,29.0,2,6.0,1,2024-12-24,Switched to competitor
CUST-04438,2024-06-24,2024-06-01,Google Ads,India,Basic,Annual,29.0,3,7.8,1,2024-07-20,Poor onboarding / low usage
CUST-04439,2024-10-15,2024-10-01,Google Ads,United States,Basic,Annual,29.0,1,21.9,0,,Active
CUST-04440,2024-02-03,2024-02-01,Organic Search,United States,Pro,Monthly,79.0,5,9.3,1,2024-04-22,Missing key features
CUST-04441,2024-12-12,2024-12-01,Organic Search,United States,Basic,Annual,29.0,0,25.5,0,,Active
CUST-04442,2024-06-02,2024-06-01,Organic Search,United Kingdom,Basic,Monthly,29.0,4,10.6,1,2024-06-12,Price too high
CUST-04443,2024-11-05,2024-11-01,LinkedIn Referral,United Kingdom,Basic,Annual,29.0,5,22.5,0,,Active
CUST-04444,2024-12-10,2024-12-01,Google Ads,United States,Basic,Monthly,29.0,2,5.5,1,2024-12-19,Customer support delays
CUST-04445,2024-11-13,2024-11-01,Google Ads,United Kingdom,Enterprise,Monthly,199.0,1,23.5,0,,Active
CUST-04446,2024-12-10,2024-12-01,Organic Search,India,Pro,Annual,79.0,3,26.3,0,,Active
CUST-04447,2024-09-21,2024-09-01,Direct,United States,Pro,Monthly,79.0,1,18.2,0,,Active
CUST-04448,2024-08-15,2024-08-01,Google Ads,United States,Basic,Monthly,29.0,1,26.0,0,,Active
CUST-04449,2024-07-04,2024-07-01,Organic Search,Germany,Pro,Annual,79.0,0,24.6,0,,Active
CUST-04450,2024-04-23,2024-04-01,Organic Search,United Kingdom,Basic,Monthly,29.0,1,29.8,0,,Active
CUST-04451,2024-10-25,2024-10-01,Organic Search,Germany,Basic,Monthly,29.0,0,20.9,0,,Active
CUST-04452,2024-09-06,2024-09-01,Direct,Canada,Basic,Monthly,29.0,1,20.1,0,,Active
CUST-04453,2024-06-26,2024-06-01,Organic Search,United States,Basic,Annual,29.0,2,24.9,0,,Active
CUST-04454,2024-11-25,2024-11-01,Organic Search,India,Enterprise,Monthly,199.0,1,28.5,0,,Active
CUST-04455,2024-04-27,2024-04-01,LinkedIn Referral,India,Pro,Monthly,79.0,1,28.6,0,,Active
CUST-04456,2024-07-06,2024-07-01,Organic Search,India,Pro,Monthly,79.0,2,25.4,0,,Active
CUST-04457,2024-11-20,2024-11-01,Organic Search,United Kingdom,Basic,Monthly,29.0,1,19.1,1,,
CUST-04458,2024-06-17,2024-06-01,Google Ads,Germany,Basic,Annual,29.0,1,26.3,0,,Active
CUST-04459,2024-07-09,2024-07-01,Affiliate Partner,United Kingdom,Basic,Monthly,29.0,1,12.0,1,2024-09-02,Price too high
CUST-04460,2024-12-11,2024-12-01,Affiliate Partner,United States,Enterprise,Monthly,199.0,0,24.5,0,,Active
CUST-04461,2024-06-25,2024-06-01,Affiliate Partner,United States,Basic,Monthly,29.0,1,23.9,0,,Active
CUST-04462,2024-03-20,2024-03-01,Organic Search,United States,Pro,Monthly,79.0,2,30.4,0,,Active
CUST-04463,2024-11-22,2024-11-01,Organic Search,United Kingdom,Basic,Monthly,29.0,3,7.0,1,2024-12-23,Price too high
CUST-04464,2024-08-26,2024-08-01,Organic Search,United Kingdom,Pro,Monthly,79.0,0,29.5,0,,Active
CUST-04465,2024-02-19,2024-02-01,Affiliate Partner,United States,Basic,Monthly,29.0,3,23.3,0,,Active
CUST-04466,2024-01-22,2024-01-01,Organic Search,United States,Basic,Annual,29.0,3,5.7,1,2024-07-05,Missing key features
CUST-04467,2024-01-14,2024-01-01,Organic Search,United States,Basic,Monthly,29.0,3,8.2,1,2024-03-17,Customer support delays
CUST-04468,2024-08-23,2024-08-01,Affiliate Partner,United States,Enterprise,Monthly,199.0,0,28.5,0,,Active
CUST-04469,2024-01-19,2024-01-01,LinkedIn Referral,Germany,Basic,Annual,29.0,2,8.1,1,2024-06-05,Missing key features
CUST-04470,2024-08-09,2024-08-01,Affiliate Partner,Germany,Basic,Monthly,29.0,7,2.1,1,2024-12-30,Customer support delays
CUST-04471,2024-03-20,2024-03-01,Google Ads,United Kingdom,Basic,Monthly,29.0,3,10.2,1,2024-04-15,Price too high
CUST-04472,2024-07-05,2024-07-01,Direct,United States,Basic,Monthly,29.0,2,28.3,0,,Active
CUST-04473,2024-07-24,2024-07-01,Affiliate Partner,United Kingdom,Basic,Monthly,29.0,1,9.3,1,2024-10-06,Switched to competitor
CUST-04474,2024-09-06,2024-09-01,Google Ads,Canada,Basic,Monthly,29.0,2,30.3,0,,Active
CUST-04475,2024-09-26,2024-09-01,LinkedIn Referral,Canada,Pro,Monthly,79.0,4,10.9,1,2024-10-28,Poor onboarding / low usage
CUST-04476,2024-08-20,2024-08-01,Affiliate Partner,United States,Basic,Monthly,29.0,5,4.4,1,2024-09-07,Missing key features
CUST-04477,2024-10-02,2024-10-01,Organic Search,United States,Basic,Monthly,29.0,2,17.1,0,,Active
CUST-04478,2024-04-28,2024-04-01,LinkedIn Referral,United Kingdom,Enterprise,Monthly,199.0,1,25.9,0,,Active
CUST-04479,2024-09-09,2024-09-01,Organic Search,India,Enterprise,Monthly,199.0,2,21.7,0,,Active
CUST-04480,2024-12-10,2024-12-01,Affiliate Partner,United States,Basic,Monthly,29.0,4,23.7,0,,Active
CUST-04481,2024-06-09,2024-06-01,Direct,United States,Basic,Annual,29.0,3,10.4,1,2024-11-29,Price too high
CUST-04482,2024-05-17,2024-05-01,Direct,United Kingdom,Pro,Annual,79.0,5,10.0,1,2024-07-09,Missing key features
CUST-04483,2024-12-07,2024-12-01,Affiliate Partner,United States,Pro,Monthly,79.0,5,9.3,1,2024-12-09,Missing key features
CUST-04484,2024-08-21,2024-08-01,Google Ads,Germany,Basic,Monthly,29.0,3,24.5,0,,Active
CUST-04485,2024-10-14,2024-10-01,Affiliate Partner,India,Basic,Monthly,29.0,4,9.2,1,2024-12-19,Customer support delays
CUST-04486,2024-06-24,2024-06-01,Direct,India,Basic,Annual,29.0,1,24.7,0,,Active
CUST-04487,2024-02-04,2024-02-01,LinkedIn Referral,India,Basic,Annual,29.0,1,18.6,0,,Active
CUST-04488,2024-05-15,2024-05-01,Affiliate Partner,United States,Enterprise,Annual,199.0,1,19.5,0,,Active
CUST-04489,2024-10-17,2024-10-01,Organic Search,United Kingdom,Basic,Monthly,29.0,0,23.0,0,,Active
CUST-04490,2024-11-12,2024-11-01,LinkedIn Referral,United States,Basic,Monthly,29.0,1,23.7,0,,Active
CUST-04491,2024-06-12,2024-06-01,Organic Search,United States,Pro,Monthly,79.0,1,24.3,0,,Active
CUST-04492,2024-06-11,2024-06-01,Organic Search,United Kingdom,Enterprise,Annual,199.0,1,28.4,0,,Active
CUST-04493,2024-12-22,2024-12-01,Organic Search,United States,Enterprise,Monthly,199.0,0,22.8,0,,Active
CUST-04494,2024-04-19,2024-04-01,Organic Search,United States,Basic,Monthly,29.0,5,1.7,1,2024-07-29,Missing key features
CUST-04495,2024-03-14,2024-03-01,Google Ads,Germany,Basic,Monthly,29.0,6,13.4,1,2024-04-01,Price too high
CUST-04496,2024-11-27,2024-11-01,Organic Search,United States,Basic,Annual,29.0,0,29.7,0,,Active
CUST-04497,2024-10-30,2024-10-01,Organic Search,United States,Basic,Monthly,29.0,4,27.5,0,,Active
CUST-04498,2024-09-19,2024-09-01,Organic Search,United Kingdom,Pro,Monthly,79.0,1,24.0,0,,Active
CUST-04499,2024-09-11,2024-09-01,LinkedIn Referral,United States,Basic,Annual,29.0,1,21.9,0,,Active
CUST-04500,2024-02-08,2024-02-01,Organic Search,United Kingdom,Basic,Monthly,29.0,3,11.4,1,2024-08-21,Price too high
CUST-04501,2024-03-27,2024-03-01,Affiliate Partner,United Kingdom,Pro,Monthly,79.0,2,5.6,1,2024-05-27,Price too high
CUST-04502,2024-09-17,2024-09-01,Organic Search,United Kingdom,Pro,Monthly,79.0,0,24.5,0,,Active
CUST-04503,2024-09-04,2024-09-01,Organic Search,Canada,Basic,Monthly,29.0,2,7.3,1,2024-09-23,Switched to competitor
CUST-04504,2024-01-06,2024-01-01,LinkedIn Referral,United States,Enterprise,Monthly,199.0,3,32.0,0,,Active
CUST-04505,2024-02-03,2024-02-01,Direct,United States,Enterprise,Monthly,199.0,1,27.3,0,,Active
CUST-04506,2024-10-21,2024-10-01,Organic Search,India,Pro,Monthly,79.0,2,20.0,0,,Active
CUST-04507,2024-03-23,2024-03-01,Organic Search,United States,Pro,Monthly,79.0,1,19.4,0,,Active
CUST-04508,2024-12-16,2024-12-01,LinkedIn Referral,India,Pro,Annual,79.0,2,23.5,0,,Active
CUST-04509,2024-11-07,2024-11-01,Google Ads,United States,Enterprise,Monthly,199.0,0,23.9,0,,Active
CUST-04510,2024-05-08,2024-05-01,LinkedIn Referral,Germany,Pro,Annual,79.0,3,26.8,0,,Active
CUST-04511,2024-12-04,2024-12-01,Affiliate Partner,United States,Basic,Monthly,29.0,1,22.6,0,,Active
CUST-04512,2024-12-27,2024-12-01,Google Ads,United States,Pro,Monthly,79.0,4,26.0,0,,Active
CUST-04513,2024-08-18,2024-08-01,Affiliate Partner,Germany,Enterprise,Monthly,199.0,0,19.2,0,,Active
CUST-04514,2024-02-21,2024-02-01,Organic Search,India,Enterprise,Monthly,199.0,2,32.1,0,,Active
CUST-04515,2024-07-22,2024-07-01,Affiliate Partner,Germany,Pro,Monthly,79.0,0,25.4,0,,Active
CUST-04516,2024-02-27,2024-02-01,Organic Search,Canada,Pro,Monthly,79.0,4,4.1,1,2024-10-22,Price too high
CUST-04517,2024-11-04,2024-11-01,Google Ads,United States,Basic,Monthly,29.0,4,21.5,0,,Active
CUST-04518,2024-07-07,2024-07-01,Direct,United Kingdom,Enterprise,Annual,199.0,1,25.8,0,,Active
CUST-04519,2024-01-03,2024-01-01,Organic Search,United Kingdom,Pro,Monthly,79.0,4,6.2,1,2024-12-04,Switched to competitor
CUST-04520,2024-02-11,2024-02-01,Direct,Germany,Basic,Monthly,29.0,1,27.5,0,,Active
CUST-04521,2024-10-23,2024-10-01,Affiliate Partner,Germany,Pro,Annual,79.0,5,4.2,1,2024-10-31,Customer support delays
CUST-04522,2024-06-22,2024-06-01,LinkedIn Referral,United States,Enterprise,Monthly,199.0,1,21.3,0,,Active
CUST-04523,2024-04-08,2024-04-01,Google Ads,United States,Basic,Monthly,29.0,4,1.0,1,2024-04-22,Price too high
CUST-04524,2024-09-13,2024-09-01,LinkedIn Referral,Canada,Basic,Monthly,29.0,1,10.2,1,2024-11-01,Price too high
CUST-04525,2024-06-04,2024-06-01,Organic Search,Canada,Basic,Monthly,29.0,1,15.0,1,2024-06-13,Poor onboarding / low usage
CUST-04526,2024-12-23,2024-12-01,Google Ads,United States,Basic,Annual,29.0,1,25.2,0,,Active
CUST-04527,2024-06-17,2024-06-01,LinkedIn Referral,Germany,Enterprise,Monthly,199.0,3,25.8,0,,Active
CUST-04528,2024-05-02,2024-05-01,Affiliate Partner,United States,Pro,Monthly,79.0,1,7.0,1,2024-07-19,Price too high
CUST-04529,2024-08-20,2024-08-01,Organic Search,United States,Basic,Annual,29.0,0,27.3,0,,Active
CUST-04530,2024-01-05,2024-01-01,Google Ads,United States,Pro,Monthly,79.0,3,25.7,0,,Active
CUST-04531,2024-08-29,2024-08-01,Affiliate Partner,United States,Basic,Monthly,29.0,2,4.9,1,2024-10-06,Switched to competitor
CUST-04532,2024-03-31,2024-03-01,Affiliate Partner,Germany,Pro,Monthly,79.0,1,23.5,0,,Active
CUST-04533,2024-02-29,2024-02-01,LinkedIn Referral,United States,Enterprise,Annual,199.0,2,26.3,0,,Active
CUST-04534,2024-06-25,2024-06-01,LinkedIn Referral,United States,Pro,Monthly,79.0,5,11.0,1,2024-11-12,Switched to competitor
CUST-04535,2024-10-25,2024-10-01,Organic Search,United Kingdom,Basic,Annual,29.0,2,22.3,0,,Active
CUST-04536,2024-06-02,2024-06-01,Google Ads,Germany,Basic,Annual,29.0,3,9.2,1,2024-08-05,Price too high
CUST-04537,2024-01-27,2024-01-01,Organic Search,United States,Pro,Monthly,79.0,3,28.2,0,,Active
CUST-04538,2024-07-17,2024-07-01,Google Ads,United Kingdom,Basic,Monthly,29.0,4,6.4,1,2024-12-21,Missing key features
CUST-04539,2024-10-23,2024-10-01,LinkedIn Referral,United Kingdom,Basic,Monthly,29.0,3,16.5,1,2024-11-09,Missing key features
CUST-04540,2024-05-12,2024-05-01,Direct,Germany,Basic,Monthly,29.0,2,13.4,1,2024-09-23,Poor onboarding / low usage
CUST-04541,2024-07-13,2024-07-01,LinkedIn Referral,Germany,Basic,Monthly,29.0,1,25.4,0,,Active
CUST-04542,2024-02-04,2024-02-01,Affiliate Partner,United Kingdom,Basic,Annual,29.0,5,1.0,1,2024-06-28,Price too high
CUST-04543,2024-08-14,2024-08-01,Google Ads,India,Basic,Monthly,29.0,3,16.6,1,,
CUST-04544,2024-04-15,2024-04-01,Affiliate Partner,United Kingdom,Pro,Monthly,79.0,2,28.0,0,,Active
CUST-04545,2024-02-05,2024-02-01,Direct,India,Pro,Monthly,79.0,4,17.0,0,,Active
CUST-04546,2024-11-30,2024-11-01,Organic Search,Germany,Basic,Monthly,29.0,1,23.4,0,,Active
CUST-04547,2024-03-24,2024-03-01,Organic Search,Canada,Pro,Monthly,79.0,4,7.0,1,2024-06-27,Price too high
CUST-04548,2024-04-20,2024-04-01,Affiliate Partner,India,Basic,Annual,29.0,4,17.7,0,,Active
CUST-04549,2024-07-12,2024-07-01,Google Ads,Canada,Basic,Annual,29.0,4,4.1,1,2024-11-29,Poor onboarding / low usage
CUST-04550,2024-06-25,2024-06-01,Google Ads,United States,Pro,Annual,79.0,3,25.0,0,,Active
CUST-04551,2024-03-10,2024-03-01,Google Ads,United States,Basic,Monthly,29.0,4,10.1,1,2024-07-04,Price too high
CUST-04552,2024-07-14,2024-07-01,Organic Search,United States,Basic,Annual,29.0,2,22.5,0,,Active
CUST-04553,2024-06-23,2024-06-01,Organic Search,United Kingdom,Enterprise,Monthly,199.0,1,26.4,0,,Active
CUST-04554,2024-07-04,2024-07-01,Google Ads,United Kingdom,Pro,Monthly,79.0,2,20.3,0,,Active
CUST-04555,2024-07-29,2024-07-01,Affiliate Partner,Germany,Basic,Annual,29.0,5,6.4,1,2024-10-08,Missing key features
CUST-04556,2024-01-16,2024-01-01,LinkedIn Referral,United Kingdom,Pro,Monthly,79.0,1,12.7,1,2024-10-06,Missing key features
CUST-04557,2024-10-29,2024-10-01,Affiliate Partner,India,Basic,Monthly,29.0,2,22.9,0,,Active
CUST-04558,2024-02-08,2024-02-01,LinkedIn Referral,India,Basic,Monthly,29.0,1,6.5,1,2024-03-12,Missing key features
CUST-04559,2024-11-14,2024-11-01,Affiliate Partner,India,Enterprise,Monthly,199.0,2,21.3,0,,Active
CUST-04560,2024-10-13,2024-10-01,Direct,Germany,Basic,Monthly,29.0,3,21.1,0,,Active
CUST-04561,2024-10-30,2024-10-01,Organic Search,United Kingdom,Enterprise,Monthly,199.0,1,19.0,0,,Active
CUST-04562,2024-08-29,2024-08-01,Affiliate Partner,United States,Basic,Monthly,29.0,2,7.2,1,2024-11-14,Poor onboarding / low usage
CUST-04563,2024-09-11,2024-09-01,Organic Search,United States,Basic,Annual,29.0,2,8.6,1,2024-12-06,Price too high
CUST-04564,2024-03-21,2024-03-01,Google Ads,Germany,Basic,Monthly,29.0,4,16.6,0,,Active
CUST-04565,2024-04-30,2024-04-01,Google Ads,United States,Enterprise,Monthly,199.0,1,7.1,1,2024-07-30,Price too high
CUST-04566,2024-01-10,2024-01-01,Google Ads,United States,Basic,Monthly,29.0,3,1.9,1,2024-03-26,Missing key features
CUST-04567,2024-06-08,2024-06-01,Affiliate Partner,United States,Basic,Annual,29.0,0,3.1,1,2024-07-09,Switched to competitor
CUST-04568,2024-03-16,2024-03-01,Organic Search,United Kingdom,Basic,Annual,29.0,2,12.8,1,2024-07-08,Customer support delays
CUST-04569,2024-09-07,2024-09-01,Google Ads,Canada,Basic,Monthly,29.0,1,33.4,0,,Active
CUST-04570,2024-09-28,2024-09-01,Affiliate Partner,United States,Basic,Monthly,29.0,6,5.6,1,,
CUST-04571,2024-05-17,2024-05-01,Google Ads,United States,Pro,Monthly,79.0,5,7.7,1,2024-09-18,Switched to competitor
CUST-04572,2024-07-01,2024-07-01,Google Ads,United States,Basic,Annual,29.0,4,14.0,1,2024-12-26,Customer support delays
CUST-04573,2024-07-22,2024-07-01,Google Ads,India,Pro,Annual,79.0,10,10.4,1,2024-08-09,Switched to competitor
CUST-04574,2024-06-23,2024-06-01,Direct,United States,Pro,Monthly,79.0,6,5.6,1,2024-11-02,Customer support delays
CUST-04575,2024-09-16,2024-09-01,Google Ads,India,Enterprise,Monthly,199.0,0,20.4,0,,Active
CUST-04576,2024-07-22,2024-07-01,Affiliate Partner,United States,Basic,Annual,29.0,0,18.3,0,,Active
CUST-04577,2024-10-31,2024-10-01,Affiliate Partner,United States,Pro,Monthly,79.0,1,25.3,0,,Active
CUST-04578,2024-05-17,2024-05-01,Google Ads,India,Basic,Annual,29.0,2,12.7,1,2024-10-26,Price too high
CUST-04579,2024-01-23,2024-01-01,Organic Search,United States,Basic,Annual,29.0,5,12.6,1,2024-07-26,Poor onboarding / low usage
CUST-04580,2024-06-28,2024-06-01,LinkedIn Referral,India,Basic,Monthly,29.0,3,14.7,1,2024-07-03,Missing key features
CUST-04581,2024-01-24,2024-01-01,Organic Search,United Kingdom,Pro,Annual,79.0,0,13.5,0,,Active
CUST-04582,2024-09-01,2024-09-01,Google Ads,India,Basic,Monthly,29.0,4,8.9,1,2024-12-18,Missing key features
CUST-04583,2024-11-19,2024-11-01,Google Ads,United States,Basic,Annual,29.0,1,20.7,0,,Active
CUST-04584,2024-03-04,2024-03-01,Google Ads,Germany,Basic,Monthly,29.0,3,9.9,1,2024-03-31,Switched to competitor
CUST-04585,2024-04-18,2024-04-01,Organic Search,United Kingdom,Pro,Monthly,79.0,6,12.3,1,2024-07-07,Missing key features
CUST-04586,2024-03-25,2024-03-01,Google Ads,United Kingdom,Enterprise,Annual,199.0,2,31.7,0,,Active
CUST-04587,2024-10-14,2024-10-01,Organic Search,United States,Pro,Monthly,79.0,5,20.7,0,,Active
CUST-04588,2024-03-22,2024-03-01,Google Ads,United States,Enterprise,Monthly,199.0,1,22.4,0,,Active
CUST-04589,2024-08-28,2024-08-01,Direct,United States,Basic,Monthly,29.0,1,26.4,0,,Active
CUST-04590,2024-09-02,2024-09-01,Google Ads,United States,Pro,Monthly,79.0,1,28.5,0,,Active
CUST-04591,2024-04-11,2024-04-01,LinkedIn Referral,Germany,Pro,Monthly,79.0,3,27.0,0,,Active
CUST-04592,2024-06-21,2024-06-01,Affiliate Partner,United States,Basic,Annual,29.0,3,8.6,1,2024-12-24,Price too high
CUST-04593,2024-11-10,2024-11-01,Organic Search,India,Basic,Monthly,29.0,3,4.3,1,,
CUST-04594,2024-04-25,2024-04-01,Organic Search,United Kingdom,Pro,Monthly,79.0,2,6.9,1,2024-07-04,Switched to competitor
CUST-04595,2024-03-05,2024-03-01,Direct,United States,Basic,Monthly,29.0,2,4.7,1,2024-06-04,Missing key features
CUST-04596,2024-01-26,2024-01-01,Organic Search,India,Pro,Monthly,79.0,9,6.4,1,2024-02-28,Price too high
CUST-04597,2024-08-02,2024-08-01,Google Ads,United States,Basic,Monthly,29.0,4,12.0,1,2024-11-06,Switched to competitor
CUST-04598,2024-07-26,2024-07-01,Organic Search,United Kingdom,Pro,Monthly,79.0,2,26.2,0,,Active
CUST-04599,2024-01-17,2024-01-01,Google Ads,United States,Pro,Monthly,79.0,1,9.7,1,2024-09-17,Poor onboarding / low usage
CUST-04600,2024-12-13,2024-12-01,Affiliate Partner,India,Basic,Annual,29.0,6,23.7,0,,Active
CUST-04601,2024-08-26,2024-08-01,Direct,United States,Pro,Monthly,79.0,4,23.4,0,,Active
CUST-04602,2024-07-21,2024-07-01,Google Ads,United Kingdom,Pro,Monthly,79.0,3,8.3,1,2024-09-05,Price too high
CUST-04603,2024-06-17,2024-06-01,Affiliate Partner,United States,Pro,Monthly,79.0,3,7.9,1,2024-08-17,Customer support delays
CUST-04604,2024-11-20,2024-11-01,Affiliate Partner,United States,Pro,Monthly,79.0,2,7.3,1,2024-11-29,Price too high
CUST-04605,2024-03-05,2024-03-01,Google Ads,Germany,Basic,Monthly,29.0,0,24.4,0,,Active
CUST-04606,2024-05-04,2024-05-01,Direct,United States,Basic,Annual,29.0,1,25.2,0,,Active
CUST-04607,2024-02-12,2024-02-01,Google Ads,Canada,Basic,Annual,29.0,1,27.9,0,,Active
CUST-04608,2024-01-22,2024-01-01,Organic Search,United States,Pro,Monthly,79.0,3,28.9,0,,Active
CUST-04609,2024-08-19,2024-08-01,Google Ads,India,Pro,Monthly,79.0,2,19.5,0,,Active
CUST-04610,2024-01-27,2024-01-01,Google Ads,United States,Basic,Monthly,29.0,5,11.1,1,2024-05-16,Poor onboarding / low usage
CUST-04611,2024-09-09,2024-09-01,Google Ads,India,Basic,Monthly,29.0,1,29.0,0,,Active
CUST-04612,2024-08-14,2024-08-01,Organic Search,Germany,Pro,Monthly,79.0,5,26.0,0,,Active
CUST-04613,2024-06-05,2024-06-01,Google Ads,United States,Basic,Monthly,29.0,6,14.4,1,2024-09-14,Missing key features
CUST-04614,2024-04-18,2024-04-01,Organic Search,Canada,Basic,Monthly,29.0,0,24.0,0,,Active
CUST-04615,2024-04-11,2024-04-01,Affiliate Partner,United Kingdom,Basic,Monthly,29.0,2,24.5,0,,Active
CUST-04616,2024-12-13,2024-12-01,Google Ads,United Kingdom,Basic,Monthly,29.0,1,19.6,0,,Active
CUST-04617,2024-04-02,2024-04-01,Affiliate Partner,Canada,Basic,Monthly,29.0,4,12.1,1,2024-06-07,Poor onboarding / low usage
CUST-04618,2024-03-19,2024-03-01,Affiliate Partner,United Kingdom,Pro,Monthly,79.0,1,29.0,0,,Active
CUST-04619,2024-06-14,2024-06-01,LinkedIn Referral,India,Pro,Monthly,79.0,0,23.6,0,,Active
CUST-04620,2024-02-15,2024-02-01,Direct,United States,Basic,Annual,29.0,4,10.9,1,2024-10-17,Poor onboarding / low usage
CUST-04621,2024-03-18,2024-03-01,Direct,Germany,Basic,Monthly,29.0,4,8.4,1,2024-09-03,Missing key features
CUST-04622,2024-11-13,2024-11-01,Affiliate Partner,United Kingdom,Pro,Monthly,79.0,1,23.4,0,,Active
CUST-04623,2024-02-14,2024-02-01,Google Ads,Germany,Pro,Monthly,79.0,3,13.2,1,2024-05-30,Missing key features
CUST-04624,2024-09-21,2024-09-01,Affiliate Partner,United States,Basic,Monthly,29.0,4,16.3,1,2024-09-24,Poor onboarding / low usage
CUST-04625,2024-05-07,2024-05-01,LinkedIn Referral,Germany,Pro,Monthly,79.0,0,20.3,0,,Active
CUST-04626,2024-05-10,2024-05-01,Organic Search,United Kingdom,Basic,Monthly,29.0,2,6.6,1,2024-09-30,Switched to competitor
CUST-04627,2024-09-11,2024-09-01,Google Ads,Germany,Pro,Monthly,79.0,1,27.6,0,,Active
CUST-04628,2024-07-19,2024-07-01,Google Ads,India,Basic,Monthly,29.0,6,14.4,1,2024-11-25,Switched to competitor
CUST-04629,2024-07-28,2024-07-01,Affiliate Partner,United Kingdom,Basic,Monthly,29.0,3,12.0,1,2024-12-23,Switched to competitor
CUST-04630,2024-02-08,2024-02-01,LinkedIn Referral,United States,Pro,Annual,79.0,2,14.2,1,2024-10-19,Price too high
CUST-04631,2024-02-07,2024-02-01,Direct,Germany,Basic,Monthly,29.0,2,16.0,1,2024-04-27,Missing key features
CUST-04632,2024-10-14,2024-10-01,Google Ads,United States,Basic,Monthly,29.0,2,20.4,0,,Active
CUST-04633,2024-11-29,2024-11-01,Google Ads,United States,Enterprise,Annual,199.0,3,22.4,0,,Active
CUST-04634,2024-02-09,2024-02-01,Google Ads,United Kingdom,Pro,Monthly,79.0,5,4.7,1,2024-11-15,Price too high
CUST-04635,2024-08-01,2024-08-01,LinkedIn Referral,India,Basic,Monthly,29.0,2,20.0,0,,Active
CUST-04636,2024-09-19,2024-09-01,Organic Search,India,Pro,Monthly,79.0,1,27.7,0,,Active
CUST-04637,2024-05-23,2024-05-01,Organic Search,Germany,Pro,Monthly,79.0,2,20.9,0,,Active
CUST-04638,2024-12-28,2024-12-01,Google Ads,United States,Basic,Monthly,29.0,0,20.3,0,,Active
CUST-04639,2024-06-29,2024-06-01,Google Ads,United States,Basic,Monthly,29.0,2,2.7,1,2024-07-26,Customer support delays
CUST-04640,2024-12-16,2024-12-01,Affiliate Partner,United States,Enterprise,Monthly,199.0,1,27.1,0,,Active
CUST-04641,2024-08-03,2024-08-01,Affiliate Partner,Canada,Basic,Annual,29.0,2,14.0,1,2024-09-14,Missing key features
CUST-04642,2024-11-17,2024-11-01,Organic Search,India,Pro,Annual,79.0,1,7.0,1,2024-12-06,Price too high
CUST-04643,2024-07-14,2024-07-01,Direct,United States,Basic,Monthly,29.0,0,22.7,0,,Active
CUST-04644,2024-01-18,2024-01-01,Organic Search,Canada,Pro,Monthly,79.0,5,7.1,1,2024-01-23,Switched to competitor
CUST-04645,2024-09-06,2024-09-01,Organic Search,United States,Pro,Monthly,79.0,2,10.2,1,2024-10-27,Price too high
CUST-04646,2024-10-10,2024-10-01,Google Ads,United States,Enterprise,Annual,199.0,0,14.1,0,,Active
CUST-04647,2024-08-17,2024-08-01,Organic Search,United States,Pro,Monthly,79.0,1,8.1,1,,
CUST-04648,2024-04-24,2024-04-01,Direct,Canada,Enterprise,Annual,199.0,6,3.9,1,2024-07-11,Price too high
CUST-04649,2024-04-23,2024-04-01,Google Ads,Canada,Enterprise,Monthly,199.0,1,31.9,0,,Active
CUST-04650,2024-06-26,2024-06-01,LinkedIn Referral,United States,Enterprise,Monthly,199.0,0,26.5,0,,Active
CUST-04651,2024-01-19,2024-01-01,Organic Search,United Kingdom,Basic,Monthly,29.0,5,9.5,1,2024-09-29,Poor onboarding / low usage
CUST-04652,2024-06-04,2024-06-01,LinkedIn Referral,Canada,Basic,Monthly,29.0,1,6.8,1,2024-07-26,Switched to competitor
CUST-04653,2024-11-07,2024-11-01,Google Ads,United States,Basic,Monthly,29.0,2,25.1,0,,Active
CUST-04654,2024-04-16,2024-04-01,Organic Search,Germany,Pro,Monthly,79.0,9,10.6,1,2024-12-14,Poor onboarding / low usage
CUST-04655,2024-03-09,2024-03-01,Affiliate Partner,United States,Pro,Monthly,79.0,7,11.1,1,2024-12-11,Switched to competitor
CUST-04656,2024-02-20,2024-02-01,Organic Search,Canada,Basic,Monthly,29.0,6,8.4,1,2024-11-20,Price too high
CUST-04657,2024-03-14,2024-03-01,LinkedIn Referral,Canada,Pro,Monthly,79.0,5,8.0,1,2024-04-25,Price too high
CUST-04658,2024-05-28,2024-05-01,Direct,Canada,Basic,Monthly,29.0,6,6.2,1,2024-06-29,Missing key features
CUST-04659,2024-06-24,2024-06-01,Organic Search,United Kingdom,Pro,Monthly,79.0,7,13.3,1,2024-11-10,Missing key features
CUST-04660,2024-10-27,2024-10-01,Google Ads,United States,Basic,Monthly,29.0,2,30.7,0,,Active
CUST-04661,2024-09-10,2024-09-01,Google Ads,India,Basic,Annual,29.0,1,20.3,0,,Active
CUST-04662,2024-06-07,2024-06-01,Google Ads,Germany,Basic,Monthly,29.0,3,7.2,1,2024-09-01,Price too high
CUST-04663,2024-05-24,2024-05-01,Organic Search,Germany,Enterprise,Annual,199.0,0,23.0,0,,Active
CUST-04664,2024-11-12,2024-11-01,Google Ads,United States,Basic,Monthly,29.0,1,23.7,0,,Active
CUST-04665,2024-09-08,2024-09-01,Google Ads,United States,Pro,Monthly,79.0,3,16.5,1,2024-11-26,Price too high
CUST-04666,2024-10-16,2024-10-01,Organic Search,India,Enterprise,Monthly,199.0,3,26.8,0,,Active
CUST-04667,2024-07-30,2024-07-01,Google Ads,United States,Pro,Monthly,79.0,2,33.5,0,,Active
CUST-04668,2024-07-12,2024-07-01,LinkedIn Referral,United States,Basic,Monthly,29.0,2,5.9,1,2024-12-14,Customer support delays
CUST-04669,2024-05-07,2024-05-01,Google Ads,United States,Basic,Monthly,29.0,5,1.7,1,2024-05-15,Missing key features
CUST-04670,2024-05-26,2024-05-01,Google Ads,United States,Pro,Monthly,79.0,7,4.2,1,2024-06-08,Switched to competitor
CUST-04671,2024-08-27,2024-08-01,Google Ads,United States,Pro,Monthly,79.0,5,13.3,1,,
CUST-04672,2024-09-22,2024-09-01,Organic Search,United Kingdom,Basic,Monthly,29.0,4,7.9,1,2024-10-31,Customer support delays
CUST-04673,2024-02-22,2024-02-01,Affiliate Partner,United States,Pro,Monthly,79.0,8,13.5,1,2024-07-24,Switched to competitor
CUST-04674,2024-07-30,2024-07-01,Google Ads,United States,Basic,Monthly,29.0,5,1.0,1,2024-09-16,Switched to competitor
CUST-04675,2024-02-28,2024-02-01,Organic Search,United States,Basic,Monthly,29.0,5,9.5,1,2024-05-15,Switched to competitor
CUST-04676,2024-10-10,2024-10-01,Google Ads,United States,Pro,Monthly,79.0,3,26.5,0,,Active
CUST-04677,2024-01-18,2024-01-01,LinkedIn Referral,United States,Pro,Monthly,79.0,1,24.7,0,,Active
CUST-04678,2024-03-15,2024-03-01,Google Ads,India,Pro,Monthly,79.0,5,14.0,1,2024-11-08,Switched to competitor
CUST-04679,2024-08-24,2024-08-01,Google Ads,United States,Pro,Monthly,79.0,4,14.6,1,2024-10-05,Poor onboarding / low usage
CUST-04680,2024-01-22,2024-01-01,LinkedIn Referral,Germany,Pro,Annual,79.0,0,22.6,0,,Active
CUST-04681,2024-05-07,2024-05-01,Direct,United Kingdom,Pro,Monthly,79.0,3,10.5,1,2024-08-20,Missing key features
CUST-04682,2024-02-17,2024-02-01,Google Ads,India,Pro,Monthly,79.0,1,21.1,0,,Active
CUST-04683,2024-11-02,2024-11-01,Direct,Germany,Basic,Monthly,29.0,1,27.3,0,,Active
CUST-04684,2024-09-05,2024-09-01,Organic Search,India,Basic,Monthly,29.0,1,28.1,0,,Active
CUST-04685,2024-01-24,2024-01-01,Organic Search,United Kingdom,Basic,Monthly,29.0,2,3.0,1,2024-02-26,Missing key features
CUST-04686,2024-04-11,2024-04-01,Affiliate Partner,India,Basic,Annual,29.0,3,8.6,1,2024-07-08,Switched to competitor
CUST-04687,2024-10-14,2024-10-01,Google Ads,United States,Basic,Monthly,29.0,1,23.0,0,,Active
CUST-04688,2024-06-24,2024-06-01,Organic Search,United Kingdom,Pro,Monthly,79.0,0,29.2,0,,Active
CUST-04689,2024-06-07,2024-06-01,Google Ads,United States,Pro,Monthly,79.0,8,5.0,1,2024-07-19,Price too high
CUST-04690,2024-07-31,2024-07-01,LinkedIn Referral,United States,Basic,Annual,29.0,4,12.7,1,2024-08-24,Price too high
CUST-04691,2024-05-20,2024-05-01,Direct,Canada,Pro,Annual,79.0,0,18.3,0,,Active
CUST-04692,2024-01-12,2024-01-01,Organic Search,United States,Pro,Monthly,79.0,0,20.2,0,,Active
CUST-04693,2024-01-28,2024-01-01,Google Ads,United States,Pro,Monthly,79.0,4,3.4,1,2024-12-01,Price too high
CUST-04694,2024-05-06,2024-05-01,Google Ads,United Kingdom,Basic,Annual,29.0,5,9.0,1,2024-10-30,Switched to competitor
CUST-04695,2024-11-18,2024-11-01,Organic Search,United Kingdom,Basic,Monthly,29.0,1,26.4,0,,Active
CUST-04696,2024-01-03,2024-01-01,LinkedIn Referral,Canada,Basic,Monthly,29.0,8,7.0,1,2024-02-08,Missing key features
CUST-04697,2024-08-06,2024-08-01,Google Ads,United States,Basic,Monthly,29.0,2,4.4,1,2024-11-25,Switched to competitor
CUST-04698,2024-10-11,2024-10-01,Affiliate Partner,Germany,Basic,Annual,29.0,3,8.3,1,2024-10-27,Price too high
CUST-04699,2024-07-22,2024-07-01,Google Ads,India,Pro,Monthly,79.0,1,7.8,1,2024-09-21,Switched to competitor
CUST-04700,2024-09-30,2024-09-01,Organic Search,Canada,Basic,Monthly,29.0,1,28.0,0,,Active
CUST-04701,2024-03-25,2024-03-01,Organic Search,United States,Pro,Annual,79.0,2,26.9,0,,Active
CUST-04702,2024-07-12,2024-07-01,Google Ads,United States,Basic,Annual,29.0,0,20.7,0,,Active
CUST-04703,2024-08-27,2024-08-01,Google Ads,United States,Pro,Monthly,79.0,6,4.5,1,2024-09-17,Price too high
CUST-04704,2024-05-06,2024-05-01,LinkedIn Referral,Germany,Basic,Monthly,29.0,5,4.2,1,2024-06-07,Customer support delays
CUST-04705,2024-08-21,2024-08-01,Organic Search,United States,Basic,Annual,29.0,5,10.9,1,2024-09-23,Price too high
CUST-04706,2024-08-15,2024-08-01,Organic Search,Germany,Basic,Monthly,29.0,5,23.6,0,,Active
CUST-04707,2024-06-07,2024-06-01,Affiliate Partner,United States,Enterprise,Monthly,199.0,2,22.7,0,,Active
CUST-04708,2024-02-07,2024-02-01,Google Ads,United States,Pro,Monthly,79.0,4,4.1,1,2024-08-08,Price too high
CUST-04709,2024-05-17,2024-05-01,Google Ads,Germany,Pro,Annual,79.0,1,22.9,0,,Active
CUST-04710,2024-12-06,2024-12-01,Google Ads,United Kingdom,Basic,Monthly,29.0,1,27.9,0,,Active
CUST-04711,2024-06-04,2024-06-01,Organic Search,United States,Pro,Annual,79.0,0,28.4,0,,Active
CUST-04712,2024-02-25,2024-02-01,LinkedIn Referral,United States,Pro,Monthly,79.0,0,22.5,0,,Active
CUST-04713,2024-04-02,2024-04-01,Google Ads,Germany,Pro,Monthly,79.0,1,28.7,0,,Active
CUST-04714,2024-02-23,2024-02-01,Affiliate Partner,Germany,Enterprise,Annual,199.0,0,23.7,0,,Active
CUST-04715,2024-10-13,2024-10-01,Organic Search,United States,Basic,Annual,29.0,0,25.2,0,,Active
CUST-04716,2024-06-17,2024-06-01,LinkedIn Referral,United States,Basic,Monthly,29.0,3,28.5,0,,Active
CUST-04717,2024-02-17,2024-02-01,Google Ads,India,Basic,Monthly,29.0,6,1.3,1,2024-03-26,Switched to competitor
CUST-04718,2024-05-20,2024-05-01,Organic Search,United States,Enterprise,Annual,199.0,2,8.7,1,2024-12-28,Switched to competitor
CUST-04719,2024-10-13,2024-10-01,Direct,United States,Basic,Monthly,29.0,2,20.2,0,,Active
CUST-04720,2024-06-12,2024-06-01,Google Ads,India,Basic,Monthly,29.0,0,3.1,1,2024-08-04,Missing key features
CUST-04721,2024-03-03,2024-03-01,Affiliate Partner,Germany,Basic,Annual,29.0,4,21.4,0,,Active
CUST-04722,2024-10-30,2024-10-01,Affiliate Partner,Canada,Basic,Monthly,29.0,3,4.8,1,,
CUST-04723,2024-12-05,2024-12-01,Google Ads,Canada,Enterprise,Monthly,199.0,3,22.6,0,,Active
CUST-04724,2024-11-26,2024-11-01,Google Ads,Canada,Basic,Annual,29.0,0,28.7,0,,Active
CUST-04725,2024-04-28,2024-04-01,Google Ads,India,Pro,Monthly,79.0,0,16.9,0,,Active
CUST-04726,2024-10-25,2024-10-01,Organic Search,United Kingdom,Pro,Annual,79.0,1,29.8,0,,Active
CUST-04727,2024-11-28,2024-11-01,Google Ads,United Kingdom,Basic,Monthly,29.0,7,11.9,1,2024-11-29,Poor onboarding / low usage
CUST-04728,2024-11-14,2024-11-01,Google Ads,United States,Pro,Monthly,79.0,1,28.4,0,,Active
CUST-04729,2024-01-28,2024-01-01,Google Ads,United States,Basic,Monthly,29.0,3,8.5,1,2024-02-19,Poor onboarding / low usage
CUST-04730,2024-02-11,2024-02-01,Google Ads,Germany,Basic,Monthly,29.0,5,4.8,1,2024-05-06,Switched to competitor
CUST-04731,2024-01-29,2024-01-01,Organic Search,United States,Pro,Monthly,79.0,4,9.9,1,2024-04-01,Price too high
CUST-04732,2024-10-26,2024-10-01,Organic Search,United Kingdom,Pro,Monthly,79.0,0,17.2,0,,Active
CUST-04733,2024-11-15,2024-11-01,LinkedIn Referral,United States,Basic,Monthly,29.0,1,5.6,1,2024-12-18,Missing key features
CUST-04734,2024-04-28,2024-04-01,LinkedIn Referral,United States,Pro,Monthly,79.0,4,8.4,1,2024-05-20,Switched to competitor
CUST-04735,2024-10-11,2024-10-01,LinkedIn Referral,United States,Enterprise,Monthly,199.0,1,21.9,0,,Active
CUST-04736,2024-06-04,2024-06-01,Direct,United Kingdom,Pro,Monthly,79.0,2,11.6,1,2024-09-24,Poor onboarding / low usage
CUST-04737,2024-12-17,2024-12-01,Organic Search,United States,Pro,Monthly,79.0,0,19.5,0,,Active
CUST-04738,2024-12-28,2024-12-01,Google Ads,United States,Basic,Monthly,29.0,1,28.0,0,,Active
CUST-04739,2024-07-26,2024-07-01,Organic Search,India,Basic,Annual,29.0,5,5.4,1,2024-11-02,Price too high
CUST-04740,2024-12-06,2024-12-01,Direct,India,Basic,Annual,29.0,2,24.3,0,,Active
CUST-04741,2024-03-04,2024-03-01,Organic Search,United States,Enterprise,Annual,199.0,2,29.1,0,,Active
CUST-04742,2024-02-05,2024-02-01,Direct,United States,Pro,Monthly,79.0,6,9.2,1,2024-04-22,Price too high
CUST-04743,2024-10-07,2024-10-01,LinkedIn Referral,India,Pro,Monthly,79.0,5,22.4,0,,Active
CUST-04744,2024-02-11,2024-02-01,LinkedIn Referral,United Kingdom,Basic,Annual,29.0,0,24.8,0,,Active
CUST-04745,2024-02-29,2024-02-01,Direct,United States,Basic,Monthly,29.0,1,23.5,0,,Active
CUST-04746,2024-03-16,2024-03-01,Organic Search,Canada,Basic,Monthly,29.0,5,8.9,1,2024-06-03,Switched to competitor
CUST-04747,2024-04-26,2024-04-01,Google Ads,United States,Basic,Monthly,29.0,4,2.4,1,2024-07-13,Price too high
CUST-04748,2024-03-17,2024-03-01,Organic Search,Germany,Pro,Monthly,79.0,2,21.9,0,,Active
CUST-04749,2024-10-17,2024-10-01,Google Ads,Germany,Enterprise,Monthly,199.0,1,27.0,0,,Active
CUST-04750,2024-06-09,2024-06-01,Google Ads,United States,Basic,Monthly,29.0,0,20.7,0,,Active
CUST-04751,2024-11-18,2024-11-01,Affiliate Partner,United States,Pro,Monthly,79.0,2,24.8,0,,Active
CUST-04752,2024-10-04,2024-10-01,Organic Search,United Kingdom,Basic,Annual,29.0,1,24.2,0,,Active
CUST-04753,2024-02-29,2024-02-01,Organic Search,India,Basic,Monthly,29.0,2,1.5,1,2024-03-26,Switched to competitor
CUST-04754,2024-04-23,2024-04-01,Affiliate Partner,Germany,Pro,Annual,79.0,3,9.0,1,2024-07-15,Price too high
CUST-04755,2024-09-23,2024-09-01,Google Ads,India,Pro,Monthly,79.0,4,7.2,1,2024-10-11,Price too high
CUST-04756,2024-09-12,2024-09-01,Google Ads,Germany,Basic,Monthly,29.0,1,24.8,0,,Active
CUST-04757,2024-12-11,2024-12-01,Google Ads,Germany,Basic,Annual,29.0,3,21.9,0,,Active
CUST-04758,2024-12-21,2024-12-01,Organic Search,Canada,Basic,Annual,29.0,1,6.5,1,,
CUST-04759,2024-07-17,2024-07-01,Direct,Canada,Enterprise,Monthly,199.0,0,30.7,0,,Active
CUST-04760,2024-07-01,2024-07-01,Organic Search,Germany,Pro,Monthly,79.0,3,2.3,1,2024-09-23,Switched to competitor
CUST-04761,2024-05-16,2024-05-01,Google Ads,United States,Basic,Monthly,29.0,1,9.2,1,2024-08-20,Missing key features
CUST-04762,2024-07-22,2024-07-01,Google Ads,India,Basic,Monthly,29.0,4,12.5,1,2024-08-26,Poor onboarding / low usage
CUST-04763,2024-04-07,2024-04-01,Google Ads,United States,Enterprise,Monthly,199.0,3,4.8,1,2024-07-26,Price too high
CUST-04764,2024-06-12,2024-06-01,Organic Search,United States,Basic,Monthly,29.0,1,24.0,0,,Active
CUST-04765,2024-10-19,2024-10-01,Affiliate Partner,United States,Pro,Monthly,79.0,2,26.6,0,,Active
CUST-04766,2024-10-23,2024-10-01,Direct,United States,Pro,Monthly,79.0,4,26.9,0,,Active
CUST-04767,2024-11-25,2024-11-01,Google Ads,United States,Basic,Monthly,29.0,0,16.5,0,,Active
CUST-04768,2024-08-19,2024-08-01,Affiliate Partner,United Kingdom,Basic,Monthly,29.0,3,1.0,1,2024-09-21,Poor onboarding / low usage
CUST-04769,2024-09-02,2024-09-01,Organic Search,United States,Basic,Monthly,29.0,1,28.1,0,,Active
CUST-04770,2024-04-21,2024-04-01,Organic Search,United States,Basic,Monthly,29.0,3,10.0,1,2024-10-24,Missing key features
CUST-04771,2024-07-05,2024-07-01,Affiliate Partner,United Kingdom,Enterprise,Annual,199.0,2,9.7,1,2024-12-04,Poor onboarding / low usage
CUST-04772,2024-07-04,2024-07-01,Google Ads,United States,Basic,Annual,29.0,1,29.4,0,,Active
CUST-04773,2024-11-17,2024-11-01,Google Ads,United Kingdom,Basic,Monthly,29.0,3,19.5,0,,Active
CUST-04774,2024-03-12,2024-03-01,LinkedIn Referral,United States,Basic,Monthly,29.0,7,10.6,1,2024-08-25,Switched to competitor
CUST-04775,2024-12-15,2024-12-01,Google Ads,Germany,Basic,Monthly,29.0,1,30.3,0,,Active
CUST-04776,2024-09-25,2024-09-01,Google Ads,Canada,Pro,Monthly,79.0,2,29.8,0,,Active
CUST-04777,2024-06-29,2024-06-01,Affiliate Partner,United States,Pro,Annual,79.0,1,3.4,1,2024-12-16,Switched to competitor
CUST-04778,2024-08-17,2024-08-01,Google Ads,Germany,Enterprise,Annual,199.0,1,20.3,0,,Active
CUST-04779,2024-02-05,2024-02-01,Direct,India,Enterprise,Annual,199.0,1,21.8,0,,Active
CUST-04780,2024-02-16,2024-02-01,Direct,United States,Enterprise,Annual,199.0,2,8.1,1,2024-03-29,Switched to competitor
CUST-04781,2024-02-11,2024-02-01,Affiliate Partner,Canada,Basic,Monthly,29.0,4,12.4,1,2024-02-15,Price too high
CUST-04782,2024-11-12,2024-11-01,Organic Search,United States,Pro,Monthly,79.0,3,18.3,0,,Active
CUST-04783,2024-05-11,2024-05-01,LinkedIn Referral,India,Basic,Monthly,29.0,5,4.4,1,2024-09-15,Switched to competitor
CUST-04784,2024-08-02,2024-08-01,Google Ads,United States,Basic,Monthly,29.0,2,6.6,1,2024-08-17,Price too high
CUST-04785,2024-03-09,2024-03-01,Google Ads,United Kingdom,Basic,Monthly,29.0,3,18.3,1,2024-03-20,Switched to competitor
CUST-04786,2024-01-20,2024-01-01,Direct,United States,Pro,Monthly,79.0,1,28.4,0,,Active
CUST-04787,2024-02-28,2024-02-01,Affiliate Partner,Canada,Basic,Annual,29.0,2,8.1,1,2024-05-16,Price too high
CUST-04788,2024-01-16,2024-01-01,Organic Search,United Kingdom,Enterprise,Monthly,199.0,6,8.2,1,2024-12-18,Price too high
CUST-04789,2024-01-01,2024-01-01,Affiliate Partner,United States,Enterprise,Monthly,199.0,1,2.6,1,2024-09-15,Switched to competitor
CUST-04790,2024-05-27,2024-05-01,Direct,United States,Basic,Monthly,29.0,4,5.6,1,2024-09-18,Price too high
CUST-04791,2024-12-01,2024-12-01,LinkedIn Referral,United States,Basic,Monthly,29.0,5,11.6,1,2024-12-15,Price too high
CUST-04792,2024-06-02,2024-06-01,Google Ads,United States,Basic,Monthly,29.0,7,9.9,1,2024-10-05,Price too high
CUST-04793,2024-05-31,2024-05-01,Direct,Canada,Basic,Monthly,29.0,3,9.7,1,2024-06-12,Switched to competitor
CUST-04794,2024-01-04,2024-01-01,LinkedIn Referral,United Kingdom,Pro,Monthly,79.0,3,4.4,1,2024-02-23,Switched to competitor
CUST-04795,2024-07-27,2024-07-01,Organic Search,India,Basic,Monthly,29.0,1,17.7,0,,Active
CUST-04796,2024-03-24,2024-03-01,Direct,Germany,Pro,Monthly,79.0,4,7.4,1,2024-11-06,Switched to competitor
CUST-04797,2024-10-07,2024-10-01,Google Ads,United Kingdom,Basic,Monthly,29.0,1,24.1,0,,Active
CUST-04798,2024-06-04,2024-06-01,Organic Search,United States,Pro,Monthly,79.0,4,21.8,0,,Active
CUST-04799,2024-03-30,2024-03-01,Direct,United Kingdom,Basic,Monthly,29.0,8,4.6,1,2024-08-01,Price too high
CUST-04800,2024-02-14,2024-02-01,LinkedIn Referral,United Kingdom,Basic,Monthly,29.0,2,14.3,1,2024-04-25,Price too high
CUST-04801,2024-06-12,2024-06-01,Affiliate Partner,United States,Pro,Monthly,79.0,3,24.9,0,,Active
CUST-04802,2024-04-23,2024-04-01,Google Ads,United States,Basic,Monthly,29.0,5,16.0,1,2024-05-08,Switched to competitor
CUST-04803,2024-05-21,2024-05-01,Google Ads,United Kingdom,Pro,Monthly,79.0,3,12.7,1,2024-06-28,Poor onboarding / low usage
CUST-04804,2024-01-11,2024-01-01,Organic Search,Germany,Basic,Monthly,29.0,2,3.0,1,2024-07-04,Price too high
CUST-04805,2024-10-30,2024-10-01,Google Ads,Germany,Basic,Monthly,29.0,2,24.6,0,,Active
CUST-04806,2024-06-07,2024-06-01,Direct,United States,Basic,Monthly,29.0,3,25.7,0,,Active
CUST-04807,2024-05-31,2024-05-01,Organic Search,United States,Basic,Monthly,29.0,3,4.4,1,2024-09-22,Switched to competitor
CUST-04808,2024-06-29,2024-06-01,Google Ads,Canada,Basic,Monthly,29.0,2,2.7,1,2024-12-18,Switched to competitor
CUST-04809,2024-04-06,2024-04-01,Google Ads,Germany,Pro,Monthly,79.0,2,29.2,0,,Active
CUST-04810,2024-05-08,2024-05-01,Google Ads,Germany,Pro,Annual,79.0,0,1.0,1,2024-09-24,Price too high
CUST-04811,2024-07-01,2024-07-01,Google Ads,Canada,Pro,Annual,79.0,5,7.5,1,2024-10-24,Switched to competitor
CUST-04812,2024-02-25,2024-02-01,Organic Search,Germany,Pro,Monthly,79.0,6,12.7,1,2024-12-08,Customer support delays
CUST-04813,2024-04-10,2024-04-01,Google Ads,Canada,Basic,Monthly,29.0,6,5.7,1,2024-07-26,Price too high
CUST-04814,2024-11-21,2024-11-01,Direct,United States,Enterprise,Monthly,199.0,1,27.4,0,,Active
CUST-04815,2024-11-12,2024-11-01,Google Ads,United States,Basic,Monthly,29.0,4,2.6,1,2024-12-28,Missing key features
CUST-04816,2024-05-23,2024-05-01,LinkedIn Referral,Germany,Basic,Monthly,29.0,6,11.5,1,2024-06-26,Switched to competitor
CUST-04817,2024-05-06,2024-05-01,Google Ads,United States,Basic,Monthly,29.0,6,10.7,1,2024-11-06,Poor onboarding / low usage
CUST-04818,2024-11-20,2024-11-01,LinkedIn Referral,India,Pro,Monthly,79.0,1,23.9,0,,Active
CUST-04819,2024-07-20,2024-07-01,Organic Search,United States,Basic,Monthly,29.0,1,24.5,0,,Active
CUST-04820,2024-10-03,2024-10-01,Google Ads,United Kingdom,Pro,Monthly,79.0,3,29.8,0,,Active
CUST-04821,2024-03-15,2024-03-01,Google Ads,United States,Pro,Monthly,79.0,1,22.7,0,,Active
CUST-04822,2024-10-21,2024-10-01,Google Ads,India,Basic,Monthly,29.0,4,15.9,1,,
CUST-04823,2024-01-05,2024-01-01,Organic Search,United Kingdom,Basic,Monthly,29.0,1,19.1,0,,Active
CUST-04824,2024-11-24,2024-11-01,LinkedIn Referral,United States,Basic,Monthly,29.0,3,31.0,0,,Active
CUST-04825,2024-06-07,2024-06-01,Organic Search,United States,Pro,Monthly,79.0,4,6.5,1,2024-08-19,Switched to competitor
CUST-04826,2024-10-24,2024-10-01,Direct,United Kingdom,Enterprise,Monthly,199.0,2,21.4,0,,Active
CUST-04827,2024-07-16,2024-07-01,Affiliate Partner,India,Pro,Monthly,79.0,1,22.4,0,,Active
CUST-04828,2024-10-17,2024-10-01,Google Ads,United States,Pro,Monthly,79.0,1,25.0,0,,Active
CUST-04829,2024-05-12,2024-05-01,Organic Search,United States,Basic,Monthly,29.0,1,24.4,0,,Active
CUST-04830,2024-10-17,2024-10-01,Direct,Germany,Pro,Annual,79.0,2,19.9,0,,Active
CUST-04831,2024-10-20,2024-10-01,Google Ads,India,Basic,Monthly,29.0,3,14.6,0,,Active
CUST-04832,2024-08-18,2024-08-01,Direct,India,Pro,Monthly,79.0,1,22.7,0,,Active
CUST-04833,2024-10-09,2024-10-01,Organic Search,United States,Pro,Monthly,79.0,1,28.9,0,,Active
CUST-04834,2024-04-21,2024-04-01,Organic Search,Germany,Pro,Annual,79.0,0,21.6,0,,Active
CUST-04835,2024-08-26,2024-08-01,Google Ads,United Kingdom,Enterprise,Monthly,199.0,1,12.9,0,,Active
CUST-04836,2024-06-10,2024-06-01,Affiliate Partner,United States,Basic,Monthly,29.0,4,6.9,1,2024-08-26,Price too high
CUST-04837,2024-09-30,2024-09-01,Organic Search,India,Basic,Monthly,29.0,2,10.2,1,2024-12-06,Switched to competitor
CUST-04838,2024-12-30,2024-12-01,Google Ads,Canada,Pro,Monthly,79.0,1,22.3,0,,Active
CUST-04839,2024-05-24,2024-05-01,Organic Search,Canada,Basic,Monthly,29.0,4,6.3,1,2024-05-31,Price too high
CUST-04840,2024-07-28,2024-07-01,Affiliate Partner,India,Basic,Monthly,29.0,4,5.2,1,2024-10-14,Poor onboarding / low usage
CUST-04841,2024-06-19,2024-06-01,Google Ads,United States,Pro,Monthly,79.0,5,1.0,1,2024-07-25,Poor onboarding / low usage
CUST-04842,2024-04-24,2024-04-01,Google Ads,Canada,Pro,Monthly,79.0,2,19.6,0,,Active
CUST-04843,2024-12-29,2024-12-01,LinkedIn Referral,United States,Pro,Monthly,79.0,1,19.6,0,,Active
CUST-04844,2024-03-01,2024-03-01,LinkedIn Referral,United States,Pro,Monthly,79.0,1,27.4,0,,Active
CUST-04845,2024-11-09,2024-11-01,Google Ads,United Kingdom,Pro,Monthly,79.0,2,12.1,1,2024-12-17,Missing key features
CUST-04846,2024-12-29,2024-12-01,Direct,United States,Pro,Annual,79.0,0,19.5,0,,Active
CUST-04847,2024-07-07,2024-07-01,Organic Search,United States,Pro,Monthly,79.0,2,10.2,1,2024-12-08,Missing key features
CUST-04848,2024-08-28,2024-08-01,Google Ads,India,Pro,Monthly,79.0,1,27.0,0,,Active
CUST-04849,2024-07-03,2024-07-01,Organic Search,Germany,Basic,Monthly,29.0,3,9.8,1,2024-10-07,Price too high
CUST-04850,2024-02-25,2024-02-01,Google Ads,India,Basic,Monthly,29.0,3,14.4,1,2024-06-15,Switched to competitor
CUST-04851,2024-03-16,2024-03-01,LinkedIn Referral,Canada,Basic,Monthly,29.0,2,19.5,0,,Active
CUST-04852,2024-10-04,2024-10-01,Organic Search,United Kingdom,Basic,Monthly,29.0,1,25.9,0,,Active
CUST-04853,2024-07-05,2024-07-01,Google Ads,India,Enterprise,Annual,199.0,1,27.5,0,,Active
CUST-04854,2024-07-08,2024-07-01,LinkedIn Referral,United States,Pro,Annual,79.0,0,30.6,0,,Active
CUST-04855,2024-12-27,2024-12-01,Google Ads,United Kingdom,Pro,Monthly,79.0,1,26.0,0,,Active
CUST-04856,2024-01-04,2024-01-01,Affiliate Partner,Canada,Basic,Monthly,29.0,0,22.7,0,,Active
CUST-04857,2024-05-14,2024-05-01,Google Ads,United States,Basic,Annual,29.0,7,4.9,1,2024-07-19,Price too high
CUST-04858,2024-12-21,2024-12-01,Google Ads,United Kingdom,Basic,Annual,29.0,1,27.9,0,,Active
CUST-04859,2024-05-05,2024-05-01,Google Ads,United States,Pro,Monthly,79.0,2,31.1,0,,Active
CUST-04860,2024-04-04,2024-04-01,Organic Search,Canada,Basic,Monthly,29.0,4,14.2,1,2024-06-18,Poor onboarding / low usage
CUST-04861,2024-07-10,2024-07-01,Organic Search,United States,Pro,Monthly,79.0,2,21.8,0,,Active
CUST-04862,2024-08-24,2024-08-01,Google Ads,Germany,Pro,Monthly,79.0,2,2.9,1,2024-09-17,Poor onboarding / low usage
CUST-04863,2024-02-04,2024-02-01,Organic Search,United States,Enterprise,Monthly,199.0,1,27.5,0,,Active
CUST-04864,2024-02-28,2024-02-01,Google Ads,United States,Basic,Annual,29.0,2,9.5,1,2024-12-14,Missing key features
CUST-04865,2024-03-21,2024-03-01,Organic Search,United States,Basic,Annual,29.0,4,7.2,1,2024-07-30,Missing key features
CUST-04866,2024-04-24,2024-04-01,Organic Search,Canada,Basic,Annual,29.0,3,3.6,1,2024-04-27,Poor onboarding / low usage
CUST-04867,2024-03-22,2024-03-01,Affiliate Partner,United States,Basic,Monthly,29.0,5,10.5,1,2024-07-25,Price too high
CUST-04868,2024-09-18,2024-09-01,Organic Search,Canada,Pro,Monthly,79.0,0,21.2,0,,Active
CUST-04869,2024-01-28,2024-01-01,Organic Search,Germany,Basic,Monthly,29.0,4,27.2,0,,Active
CUST-04870,2024-09-22,2024-09-01,LinkedIn Referral,United Kingdom,Pro,Monthly,79.0,1,3.6,1,2024-11-24,Switched to competitor
CUST-04871,2024-03-26,2024-03-01,Google Ads,United Kingdom,Basic,Monthly,29.0,6,2.1,1,2024-06-04,Customer support delays
CUST-04872,2024-05-12,2024-05-01,Organic Search,Canada,Basic,Monthly,29.0,1,23.9,0,,Active
CUST-04873,2024-08-01,2024-08-01,Organic Search,United States,Enterprise,Monthly,199.0,1,19.8,0,,Active
CUST-04874,2024-08-13,2024-08-01,Google Ads,United Kingdom,Basic,Monthly,29.0,3,22.8,0,,Active
CUST-04875,2024-08-24,2024-08-01,Organic Search,United States,Enterprise,Annual,199.0,1,27.3,0,,Active
CUST-04876,2024-10-01,2024-10-01,LinkedIn Referral,India,Basic,Monthly,29.0,3,22.8,0,,Active
CUST-04877,2024-12-23,2024-12-01,Direct,United States,Basic,Monthly,29.0,0,30.6,0,,Active
CUST-04878,2024-08-01,2024-08-01,Organic Search,United States,Pro,Annual,79.0,7,21.6,0,,Active
CUST-04879,2024-03-13,2024-03-01,Direct,Germany,Pro,Monthly,79.0,3,5.9,1,2024-10-29,Customer support delays
CUST-04880,2024-03-10,2024-03-01,Google Ads,United States,Pro,Annual,79.0,6,5.2,1,2024-11-16,Switched to competitor
CUST-04881,2024-04-10,2024-04-01,Direct,United States,Pro,Monthly,79.0,2,21.6,0,,Active
CUST-04882,2024-02-08,2024-02-01,Affiliate Partner,United States,Pro,Monthly,79.0,0,22.2,0,,Active
CUST-04883,2024-03-04,2024-03-01,Google Ads,India,Pro,Monthly,79.0,4,14.0,1,2024-11-12,Missing key features
CUST-04884,2024-01-10,2024-01-01,Organic Search,United States,Basic,Monthly,29.0,3,5.9,1,2024-01-30,Switched to competitor
CUST-04885,2024-02-13,2024-02-01,LinkedIn Referral,United States,Pro,Annual,79.0,2,6.3,1,2024-05-28,Price too high
CUST-04886,2024-01-02,2024-01-01,Organic Search,India,Basic,Monthly,29.0,5,6.8,1,2024-03-19,Switched to competitor
CUST-04887,2024-12-16,2024-12-01,Google Ads,Canada,Pro,Annual,79.0,2,25.3,0,,Active
CUST-04888,2024-02-22,2024-02-01,Organic Search,Canada,Pro,Monthly,79.0,2,6.9,1,2024-04-07,Switched to competitor
CUST-04889,2024-11-28,2024-11-01,Organic Search,Canada,Enterprise,Annual,199.0,0,18.9,0,,Active
CUST-04890,2024-08-29,2024-08-01,Affiliate Partner,India,Pro,Monthly,79.0,4,9.6,1,2024-10-06,Price too high
CUST-04891,2024-04-25,2024-04-01,Organic Search,United States,Pro,Monthly,79.0,2,27.5,0,,Active
CUST-04892,2024-01-28,2024-01-01,Google Ads,United States,Basic,Monthly,29.0,2,9.1,1,2024-02-29,Switched to competitor
CUST-04893,2024-10-19,2024-10-01,Organic Search,United States,Pro,Monthly,79.0,1,12.4,1,2024-12-04,Switched to competitor
CUST-04894,2024-01-27,2024-01-01,Affiliate Partner,United States,Enterprise,Monthly,199.0,5,5.8,1,2024-05-02,Customer support delays
CUST-04895,2024-01-07,2024-01-01,LinkedIn Referral,United States,Enterprise,Monthly,199.0,5,9.4,1,2024-11-24,Switched to competitor
CUST-04896,2024-03-29,2024-03-01,Google Ads,United Kingdom,Pro,Monthly,79.0,0,31.9,0,,Active
CUST-04897,2024-11-23,2024-11-01,Google Ads,Germany,Basic,Annual,29.0,2,28.1,0,,Active
CUST-04898,2024-06-13,2024-06-01,Organic Search,United States,Pro,Monthly,79.0,3,24.1,0,,Active
CUST-04899,2024-12-05,2024-12-01,Organic Search,India,Enterprise,Annual,199.0,1,21.5,0,,Active
CUST-04900,2024-11-11,2024-11-01,Google Ads,United States,Basic,Monthly,29.0,1,19.1,0,,Active
CUST-04901,2024-11-28,2024-11-01,LinkedIn Referral,United States,Pro,Monthly,79.0,1,26.4,0,,Active
CUST-04902,2024-07-26,2024-07-01,Direct,United States,Basic,Annual,29.0,6,4.6,1,2024-12-19,Price too high
CUST-04903,2024-12-14,2024-12-01,LinkedIn Referral,United Kingdom,Pro,Annual,79.0,0,22.3,0,,Active
CUST-04904,2024-02-17,2024-02-01,Google Ads,Germany,Pro,Annual,79.0,2,32.7,0,,Active
CUST-04905,2024-12-17,2024-12-01,Organic Search,United States,Basic,Monthly,29.0,3,30.4,0,,Active
CUST-04906,2024-07-13,2024-07-01,LinkedIn Referral,United States,Basic,Monthly,29.0,3,3.7,1,2024-11-27,Poor onboarding / low usage
CUST-04907,2024-06-12,2024-06-01,Google Ads,United States,Basic,Monthly,29.0,5,6.7,1,2024-11-21,Switched to competitor
CUST-04908,2024-09-23,2024-09-01,Google Ads,United Kingdom,Pro,Monthly,79.0,2,7.2,1,2024-12-31,Poor onboarding / low usage
CUST-04909,2024-10-28,2024-10-01,Google Ads,Germany,Enterprise,Annual,199.0,0,14.0,0,,Active
CUST-04910,2024-06-21,2024-06-01,Direct,Canada,Basic,Annual,29.0,2,11.0,1,,
CUST-04911,2024-10-22,2024-10-01,Google Ads,India,Basic,Annual,29.0,3,30.4,0,,Active
CUST-04912,2024-05-04,2024-05-01,Google Ads,United Kingdom,Pro,Annual,79.0,1,25.2,0,,Active
CUST-04913,2024-09-22,2024-09-01,Google Ads,United Kingdom,Basic,Monthly,29.0,3,8.4,1,2024-12-09,Price too high
CUST-04914,2024-05-08,2024-05-01,Affiliate Partner,United States,Pro,Monthly,79.0,3,18.3,0,,Active
CUST-04915,2024-05-04,2024-05-01,Organic Search,United States,Pro,Monthly,79.0,7,10.6,1,2024-09-23,Poor onboarding / low usage
CUST-04916,2024-08-20,2024-08-01,Organic Search,Canada,Basic,Monthly,29.0,0,25.2,0,,Active
CUST-04917,2024-01-21,2024-01-01,Organic Search,United States,Basic,Monthly,29.0,3,7.0,1,2024-10-15,Switched to competitor
CUST-04918,2024-06-18,2024-06-01,Google Ads,United States,Pro,Annual,79.0,2,29.1,0,,Active
CUST-04919,2024-02-22,2024-02-01,Google Ads,Germany,Basic,Monthly,29.0,2,9.3,1,2024-05-17,Customer support delays
CUST-04920,2024-05-24,2024-05-01,LinkedIn Referral,United States,Enterprise,Annual,199.0,2,30.3,0,,Active
CUST-04921,2024-08-21,2024-08-01,Google Ads,Canada,Basic,Monthly,29.0,0,26.0,0,,Active
CUST-04922,2024-04-02,2024-04-01,Affiliate Partner,United Kingdom,Enterprise,Monthly,199.0,2,25.5,0,,Active
CUST-04923,2024-04-02,2024-04-01,Google Ads,United States,Basic,Monthly,29.0,1,28.9,0,,Active
CUST-04924,2024-08-28,2024-08-01,Affiliate Partner,Germany,Basic,Monthly,29.0,1,27.4,0,,Active
CUST-04925,2024-02-05,2024-02-01,LinkedIn Referral,United Kingdom,Basic,Monthly,29.0,6,1.0,1,2024-03-26,Missing key features
CUST-04926,2024-03-10,2024-03-01,Organic Search,United Kingdom,Basic,Annual,29.0,2,23.6,0,,Active
CUST-04927,2024-06-19,2024-06-01,Google Ads,Germany,Pro,Monthly,79.0,5,2.2,1,2024-08-11,Customer support delays
CUST-04928,2024-10-24,2024-10-01,Google Ads,United States,Basic,Annual,29.0,0,28.2,0,,Active
CUST-04929,2024-11-04,2024-11-01,Google Ads,United Kingdom,Pro,Monthly,79.0,6,8.0,1,2024-11-09,Switched to competitor
CUST-04930,2024-05-22,2024-05-01,Direct,Germany,Pro,Monthly,79.0,2,24.8,0,,Active
CUST-04931,2024-02-05,2024-02-01,Affiliate Partner,United States,Basic,Annual,29.0,6,2.6,1,2024-09-28,Price too high
CUST-04932,2024-08-26,2024-08-01,Affiliate Partner,United Kingdom,Basic,Annual,29.0,4,5.7,1,2024-09-09,Poor onboarding / low usage
CUST-04933,2024-06-20,2024-06-01,Organic Search,Canada,Basic,Monthly,29.0,5,5.0,1,2024-10-20,Switched to competitor
CUST-04934,2024-03-08,2024-03-01,Direct,United Kingdom,Pro,Annual,79.0,0,22.1,0,,Active
CUST-04935,2024-09-08,2024-09-01,LinkedIn Referral,United States,Pro,Monthly,79.0,3,1.9,1,2024-09-22,Poor onboarding / low usage
CUST-04936,2024-11-21,2024-11-01,Direct,United Kingdom,Basic,Monthly,29.0,3,23.8,0,,Active
CUST-04937,2024-08-21,2024-08-01,Google Ads,United States,Pro,Annual,79.0,2,26.2,0,,Active
CUST-04938,2024-03-07,2024-03-01,Organic Search,United Kingdom,Basic,Monthly,29.0,8,13.9,1,2024-11-15,Switched to competitor
CUST-04939,2024-08-01,2024-08-01,Direct,United Kingdom,Pro,Monthly,79.0,3,31.9,0,,Active
CUST-04940,2024-09-19,2024-09-01,Affiliate Partner,United Kingdom,Basic,Annual,29.0,1,25.5,0,,Active
CUST-04941,2024-05-31,2024-05-01,Affiliate Partner,United States,Basic,Annual,29.0,1,7.8,1,2024-06-01,Poor onboarding / low usage
CUST-04942,2024-03-25,2024-03-01,Google Ads,United States,Enterprise,Monthly,199.0,2,28.2,0,,Active
CUST-04943,2024-06-10,2024-06-01,Google Ads,United States,Pro,Annual,79.0,1,20.3,0,,Active
CUST-04944,2024-09-13,2024-09-01,Google Ads,United Kingdom,Enterprise,Annual,199.0,5,23.9,0,,Active
CUST-04945,2024-08-17,2024-08-01,Google Ads,United Kingdom,Enterprise,Monthly,199.0,5,8.4,1,2024-10-19,Price too high
CUST-04946,2024-12-08,2024-12-01,Affiliate Partner,United States,Basic,Monthly,29.0,2,25.7,0,,Active
CUST-04947,2024-12-11,2024-12-01,Organic Search,United Kingdom,Pro,Monthly,79.0,2,20.0,0,,Active
CUST-04948,2024-11-11,2024-11-01,Organic Search,United States,Enterprise,Annual,199.0,0,29.1,0,,Active
CUST-04949,2024-08-23,2024-08-01,Google Ads,United States,Pro,Monthly,79.0,2,28.1,0,,Active
CUST-04950,2024-01-09,2024-01-01,Google Ads,Germany,Pro,Monthly,79.0,1,24.1,0,,Active
CUST-04951,2024-06-22,2024-06-01,LinkedIn Referral,India,Basic,Monthly,29.0,4,5.7,1,2024-10-28,Price too high
CUST-04952,2024-03-17,2024-03-01,Google Ads,United Kingdom,Basic,Annual,29.0,5,12.4,1,2024-04-02,Price too high
CUST-04953,2024-08-17,2024-08-01,Google Ads,United States,Enterprise,Monthly,199.0,2,19.4,0,,Active
CUST-04954,2024-07-27,2024-07-01,Google Ads,United States,Pro,Monthly,79.0,0,28.3,0,,Active
CUST-04955,2024-11-21,2024-11-01,Google Ads,United States,Enterprise,Monthly,199.0,3,26.3,0,,Active
CUST-04956,2024-06-24,2024-06-01,Organic Search,United Kingdom,Basic,Annual,29.0,0,17.8,0,,Active
CUST-04957,2024-01-19,2024-01-01,Google Ads,Germany,Basic,Monthly,29.0,1,8.2,1,2024-01-30,Price too high
CUST-04958,2024-04-19,2024-04-01,Organic Search,United Kingdom,Pro,Monthly,79.0,0,17.4,0,,Active
CUST-04959,2024-03-28,2024-03-01,Affiliate Partner,United Kingdom,Basic,Annual,29.0,4,10.0,1,2024-08-18,Missing key features
CUST-04960,2024-03-24,2024-03-01,Google Ads,United States,Pro,Monthly,79.0,5,4.3,1,2024-05-17,Customer support delays
CUST-04961,2024-03-19,2024-03-01,Google Ads,United States,Basic,Monthly,29.0,2,26.8,0,,Active
CUST-04962,2024-08-22,2024-08-01,LinkedIn Referral,India,Enterprise,Monthly,199.0,1,23.4,0,,Active
CUST-04963,2024-02-05,2024-02-01,Direct,United Kingdom,Pro,Monthly,79.0,3,23.0,0,,Active
CUST-04964,2024-01-06,2024-01-01,LinkedIn Referral,United Kingdom,Basic,Monthly,29.0,2,25.7,0,,Active
CUST-04965,2024-03-24,2024-03-01,Direct,Canada,Pro,Annual,79.0,2,8.6,1,2024-09-12,Missing key features
CUST-04966,2024-08-04,2024-08-01,Affiliate Partner,Germany,Basic,Monthly,29.0,1,27.1,0,,Active
CUST-04967,2024-10-30,2024-10-01,Google Ads,United Kingdom,Pro,Monthly,79.0,1,27.4,0,,Active
CUST-04968,2024-05-20,2024-05-01,Affiliate Partner,United Kingdom,Basic,Monthly,29.0,1,2.9,1,2024-06-03,Poor onboarding / low usage
CUST-04969,2024-01-13,2024-01-01,Organic Search,United States,Basic,Monthly,29.0,2,12.0,1,2024-05-05,Price too high
CUST-04970,2024-01-25,2024-01-01,Google Ads,United States,Pro,Monthly,79.0,4,10.5,1,2024-04-28,Switched to competitor
CUST-04971,2024-05-03,2024-05-01,Google Ads,United Kingdom,Enterprise,Monthly,199.0,1,22.8,0,,Active
CUST-04972,2024-01-28,2024-01-01,Organic Search,United Kingdom,Enterprise,Annual,199.0,1,7.7,1,2024-06-30,Poor onboarding / low usage
CUST-04973,2024-07-06,2024-07-01,LinkedIn Referral,United Kingdom,Pro,Monthly,79.0,1,21.8,0,,Active
CUST-04974,2024-03-07,2024-03-01,Affiliate Partner,United States,Enterprise,Annual,199.0,2,24.0,0,,Active
CUST-04975,2024-12-22,2024-12-01,LinkedIn Referral,India,Basic,Monthly,29.0,1,24.8,0,,Active
CUST-04976,2024-12-07,2024-12-01,Google Ads,Canada,Basic,Annual,29.0,5,28.0,0,,Active
CUST-04977,2024-06-29,2024-06-01,Google Ads,United States,Pro,Monthly,79.0,4,9.3,1,2024-12-07,Missing key features
CUST-04978,2024-06-14,2024-06-01,Google Ads,Germany,Basic,Monthly,29.0,3,1.4,1,2024-10-05,Poor onboarding / low usage
CUST-04979,2024-11-19,2024-11-01,LinkedIn Referral,Germany,Basic,Monthly,29.0,3,7.4,1,2024-11-23,Switched to competitor
CUST-04980,2024-06-02,2024-06-01,Organic Search,Germany,Pro,Monthly,79.0,1,28.6,0,,Active
CUST-04981,2024-03-23,2024-03-01,Organic Search,Germany,Pro,Monthly,79.0,0,23.7,0,,Active
CUST-04982,2024-09-13,2024-09-01,Google Ads,Germany,Pro,Monthly,79.0,2,25.6,0,,Active
CUST-04983,2024-02-04,2024-02-01,Organic Search,United Kingdom,Basic,Monthly,29.0,9,10.1,1,2024-05-01,Poor onboarding / low usage
CUST-04984,2024-07-10,2024-07-01,Google Ads,United Kingdom,Basic,Monthly,29.0,5,6.4,1,2024-10-15,Customer support delays
CUST-04985,2024-01-21,2024-01-01,Organic Search,Canada,Basic,Monthly,29.0,2,18.5,0,,Active
CUST-04986,2024-07-04,2024-07-01,LinkedIn Referral,United States,Pro,Annual,79.0,1,18.8,0,,Active
CUST-04987,2024-05-26,2024-05-01,LinkedIn Referral,United States,Pro,Monthly,79.0,4,6.3,1,2024-06-18,Switched to competitor
CUST-04988,2024-03-29,2024-03-01,Organic Search,United States,Pro,Monthly,79.0,1,23.0,0,,Active
CUST-04989,2024-10-09,2024-10-01,Direct,United States,Pro,Annual,79.0,1,25.2,0,,Active
CUST-04990,2024-03-25,2024-03-01,LinkedIn Referral,United States,Basic,Annual,29.0,3,8.6,1,2024-06-24,Switched to competitor
CUST-04991,2024-05-24,2024-05-01,LinkedIn Referral,United States,Basic,Monthly,29.0,1,9.7,1,2024-09-17,Missing key features
CUST-04992,2024-12-01,2024-12-01,Affiliate Partner,United Kingdom,Pro,Annual,79.0,0,18.7,0,,Active
CUST-04993,2024-03-19,2024-03-01,Organic Search,United Kingdom,Basic,Monthly,29.0,2,5.4,1,2024-06-07,Missing key features
CUST-04994,2024-02-14,2024-02-01,Affiliate Partner,United States,Pro,Monthly,79.0,4,7.3,1,2024-11-17,Poor onboarding / low usage
CUST-04995,2024-11-03,2024-11-01,Organic Search,Canada,Pro,Monthly,79.0,3,24.9,0,,Active
CUST-04996,2024-12-20,2024-12-01,Affiliate Partner,United States,Pro,Monthly,79.0,1,23.7,0,,Active
CUST-04997,2024-08-24,2024-08-01,Affiliate Partner,United Kingdom,Pro,Monthly,79.0,1,19.2,0,,Active
CUST-04998,2024-02-29,2024-02-01,Organic Search,United States,Enterprise,Monthly,199.0,3,17.4,0,,Active
CUST-04999,2024-10-13,2024-10-01,Affiliate Partner,India,Basic,Monthly,29.0,4,7.5,1,2024-11-02,Price too high
CUST-05000,2024-09-26,2024-09-01,Organic Search,Germany,Basic,Monthly,29.0,9,3.4,1,2024-11-13,Customer support delays
